CreditScore,Geography,Gender,Age,Tenure,Balance,NumOfProducts,HasCrCard,IsActiveMember,EstimatedSalary,Exited
524.0,France,Male,41,3,85944.67,1,0,1,138530.84,0
758.0,Spain,Female,53,8,8387.92,1,1,1,51071.11,0
698.0,France,Female,33,10,0.0,3,1,0,83165.7,1
719.0,Germany,Female,27,1,0.0,1,0,0,138985.99,0
684.0,France,Female,18,0,16398.76,1,0,0,164712.77,0
747.0,France,Female,37,6,97661.54,1,1,1,9792.73,0
671.0,France,Male,40,6,187292.97,2,1,1,36561.36,0
544.0,Spain,Female,36,7,31438.4,1,1,1,5612.95,0
627.0,France,Male,36,0,207347.61,1,0,0,45209.46,0
663.0,Germany,Female,39,10,0.0,1,1,0,76059.24,0
548.0,Germany,Male,36,6,0.0,1,1,0,161790.23,0
669.0,France,Male,43,1,13959.97,1,1,0,49122.72,0
564.0,France,Female,49,8,150412.98,1,1,0,5928.53,0
531.0,France,Female,31,6,97200.85,2,0,1,482.02,1
797.0,Germany,Male,47,10,154932.57,1,1,0,136068.3,0
514.0,France,Female,50,4,98578.42,1,0,1,71363.71,0
514.0,Germany,Male,34,6,70473.27,2,0,0,170898.28,1
660.0,France,Female,42,4,88985.42,2,0,1,148866.28,0
762.0,Germany,Female,48,1,31678.58,2,1,0,8313.64,0
540.0,Spain,Male,51,9,29676.87,2,1,0,83588.74,0
741.0,France,Female,28,6,142202.51,2,1,1,25416.97,0
681.0,France,Female,49,8,0.0,2,1,1,134155.12,0
682.0,Spain,Male,21,10,163454.51,2,1,0,87463.12,0
613.0,France,Male,50,5,0.0,2,1,0,105310.93,0
689.0,Spain,Male,25,1,48048.74,1,1,1,59235.9,0
571.0,France,Male,19,6,260000.0,1,1,1,194883.44,0
639.0,Germany,Female,55,0,206650.59,2,1,0,147734.42,1
720.0,Germany,Female,51,10,0.0,1,1,0,76117.3,1
591.0,Spain,Female,43,8,94106.91,1,1,1,182617.13,0
700.0,France,Female,48,0,66999.91,1,1,0,56559.25,0
606.0,Spain,Male,60,0,0.0,2,1,0,65439.92,1
743.0,France,Male,40,7,59585.28,2,1,1,33434.85,0
629.0,France,Female,35,4,0.0,1,1,1,2529.87,0
555.0,Spain,Female,34,0,215683.71,2,1,0,58278.4,0
635.0,Spain,Male,27,2,0.0,2,0,0,99409.74,0
532.0,France,Male,21,3,153715.78,2,1,1,16289.76,0
541.0,Spain,Female,38,3,70293.93,1,1,1,51519.78,0
651.0,Germany,Male,30,9,60490.61,2,1,1,121661.35,0
572.0,France,Female,22,0,138866.53,2,0,0,76374.76,0
751.0,France,Female,27,9,158562.98,2,1,1,3031.39,0
586.0,France,Male,29,5,0.0,2,1,0,49204.33,0
585.0,France,Male,43,9,0.0,1,1,1,199557.39,0
551.0,France,Female,50,0,197059.66,2,0,1,127807.17,0
438.0,France,Female,62,0,186360.99,1,1,0,57290.23,1
672.0,Spain,Female,46,2,150415.41,2,1,1,112371.85,0
629.0,France,Female,23,8,0.0,2,1,1,73152.43,0
519.0,Germany,Male,45,1,84933.91,1,1,1,133275.35,0
665.0,France,Male,38,0,0.0,1,1,0,39258.79,1
705.0,France,Male,38,0,0.0,2,1,1,26389.62,0
722.0,France,Female,45,2,154064.38,2,1,0,90440.9,0
549.0,Spain,Female,39,7,0.0,2,1,1,188972.47,0
850.0,France,Male,43,10,173395.04,1,1,0,186905.8,1
715.0,France,Male,22,9,81822.9,2,1,0,187189.47,0
648.0,Germany,Male,41,4,102583.48,1,1,1,145224.62,0
682.0,Spain,Male,30,3,221296.77,2,1,0,137770.97,0
499.0,France,Female,22,3,56538.46,2,0,1,177966.16,0
632.0,France,Female,46,4,148759.39,2,1,1,97107.43,0
555.0,France,Male,51,10,87410.39,1,0,1,138624.4,1
623.0,France,Male,36,5,85547.73,2,1,0,167610.06,0
568.0,France,Male,32,3,1292.48,2,1,0,52798.46,0
394.0,France,Male,44,10,123196.21,1,1,0,140809.43,0
643.0,Spain,Male,47,2,91404.0,1,0,0,31269.05,1
506.0,Germany,Female,27,2,0.0,2,1,1,103699.27,0
648.0,Germany,Female,31,2,22580.8,2,1,1,44733.91,0
531.0,France,Male,38,8,131793.33,2,1,0,2821.65,0
650.0,France,Male,36,4,0.0,2,1,1,44809.78,0
673.0,Spain,Male,38,2,64773.71,1,1,0,77395.12,1
591.0,France,Male,42,5,106152.86,1,1,1,73550.54,0
693.0,Germany,Female,34,1,0.0,1,1,0,84214.12,1
785.0,France,Male,32,5,90316.7,2,1,1,47636.15,0
554.0,Germany,Male,51,1,228068.3,4,1,0,170336.85,1
762.0,Germany,Female,40,10,0.0,2,0,1,91469.47,0
704.0,Germany,Female,40,7,163453.32,1,1,0,12293.48,0
705.0,France,Male,36,4,0.0,1,1,0,89230.58,0
667.0,Spain,Male,23,4,100742.21,2,0,0,131109.17,0
835.0,France,Male,34,1,0.0,1,1,0,76670.01,0
786.0,France,Male,44,10,146550.85,1,0,0,29274.39,0
682.0,Germany,Female,58,7,214406.74,2,1,0,112547.55,1
664.0,Spain,Female,36,9,0.0,2,0,1,66460.19,0
565.0,Spain,Male,37,5,78939.51,2,1,1,124266.29,0
764.0,Spain,Female,50,10,102413.0,2,1,0,199538.04,1
567.0,Spain,Male,34,6,0.0,2,1,1,61743.8,0
786.0,Germany,Male,29,8,158198.07,2,1,1,90045.59,0
691.0,France,Female,31,5,75512.32,1,1,1,84059.25,1
606.0,France,Male,54,0,0.0,1,1,0,106510.56,0
565.0,Spain,Male,48,7,0.0,2,1,0,106296.34,0
585.0,France,Male,19,8,0.0,1,1,0,12720.23,1
681.0,France,Male,49,1,148648.93,2,1,1,25162.32,0
769.0,France,Female,48,4,0.0,2,1,1,76033.33,0
592.0,Germany,Male,41,9,110323.16,2,1,1,53220.94,1
555.0,Spain,Male,25,6,147841.9,2,1,1,67435.89,0
735.0,France,Male,40,0,0.0,1,1,0,147259.18,0
644.0,Spain,Female,36,1,45535.82,2,1,0,29911.37,0
584.0,France,Male,43,0,0.0,2,0,1,48345.7,0
691.0,France,Female,18,4,209209.38,1,0,1,52646.42,0
472.0,France,Female,43,3,110153.68,1,1,0,189558.06,1
631.0,France,Male,30,1,4775.65,1,1,0,69922.96,0
696.0,Spain,Female,27,1,90134.31,1,0,0,54767.59,0
668.0,Germany,Male,29,7,96704.4,1,1,0,146317.27,0
648.0,Spain,Female,32,4,0.0,1,1,0,33776.02,1
651.0,Spain,Female,41,6,0.0,1,1,0,124143.46,0
850.0,France,Female,41,3,0.0,2,1,1,66265.27,0
615.0,France,Male,47,7,88882.92,2,0,1,23647.06,0
843.0,Spain,Female,47,8,61138.92,1,1,1,51836.62,0
574.0,Germany,Female,30,9,235238.82,2,1,0,113650.08,1
499.0,Germany,Female,39,5,14144.1,1,1,1,154219.19,1
665.0,Spain,Female,33,5,81288.7,1,1,1,115550.27,0
691.0,Spain,Male,39,10,0.0,1,1,0,32131.31,0
672.0,Spain,Female,43,9,0.0,2,0,0,74472.22,1
617.0,France,Male,37,7,44246.35,1,0,0,188704.82,0
735.0,France,Female,34,5,0.0,1,1,0,137439.77,1
702.0,Germany,Female,34,10,46921.35,1,0,1,64643.2,0
808.0,Spain,Female,58,0,0.0,1,1,1,177683.47,0
374.0,France,Male,52,5,0.0,2,0,0,88574.75,0
625.0,France,Male,42,7,100432.42,1,1,0,181502.67,0
396.0,Spain,Male,60,3,139793.14,1,1,0,37864.43,1
581.0,Spain,Male,38,1,0.0,1,0,0,263.44,0
669.0,Spain,Male,33,1,68193.17,2,0,0,118311.37,0
593.0,Germany,Female,30,6,39355.99,1,1,1,181331.45,0
693.0,France,Female,53,10,0.0,2,0,0,116699.13,0
759.0,France,Male,39,10,232675.25,1,1,0,45404.21,0
692.0,France,Male,49,4,119452.72,1,0,1,56425.16,0
600.0,France,Male,47,0,0.0,3,1,1,15444.34,0
630.0,France,Male,31,9,0.0,1,1,0,164312.27,0
580.0,Spain,Male,30,2,0.0,2,0,1,158905.74,0
507.0,Spain,Female,31,3,0.0,2,1,1,112419.42,0
744.0,Spain,Female,52,2,0.0,2,0,1,170412.5,0
518.0,Germany,Female,27,1,10955.17,1,1,0,147086.71,1
618.0,Spain,Female,37,4,62081.92,2,1,1,99139.58,0
723.0,Germany,Male,25,9,52745.48,1,0,0,83785.3,0
642.0,France,Male,49,10,146418.16,1,1,0,168005.7,0
704.0,France,Male,50,10,0.0,1,1,1,194795.69,0
603.0,France,Male,42,8,0.0,1,1,0,59800.04,0
565.0,Germany,Male,27,7,0.0,1,0,0,72232.62,0
549.0,Germany,Male,48,7,0.0,2,1,1,104925.59,0
699.0,Germany,Female,34,9,104451.31,1,0,1,116215.85,0
556.0,Germany,Female,31,9,171397.11,1,1,1,3080.51,0
668.0,Germany,Male,33,7,143644.65,1,0,1,159540.87,0
625.0,France,Male,37,7,0.0,2,0,1,184939.94,0
525.0,Germany,Male,46,0,0.0,2,1,1,170863.17,0
683.0,Spain,Female,43,9,0.0,1,1,1,74686.72,0
769.0,France,Female,30,7,0.0,1,1,1,101429.52,0
597.0,Germany,Female,56,7,80476.37,1,1,1,119466.23,0
748.0,France,Female,49,8,85902.68,1,0,0,88473.19,0
668.0,Germany,Male,30,8,0.0,1,1,0,90764.26,0
617.0,France,Female,26,4,109133.45,2,1,1,198369.11,0
555.0,Germany,Male,48,8,47979.42,1,0,0,106462.67,1
539.0,France,Female,48,7,167231.47,1,1,1,70647.24,0
676.0,France,Female,34,10,70435.69,1,1,0,90444.33,0
701.0,France,Male,50,3,64792.76,1,1,0,160944.35,0
599.0,Spain,Male,39,1,0.0,2,1,1,63897.97,0
735.0,Spain,Female,44,9,0.0,1,1,1,174384.09,0
584.0,France,Male,33,8,0.0,1,0,1,172314.64,0
684.0,Germany,Male,44,9,80477.72,2,1,0,59663.78,1
682.0,Germany,Female,39,3,189196.46,2,1,1,173624.8,0
723.0,Germany,Male,45,5,0.0,2,1,1,30888.69,1
828.0,Spain,Female,23,3,80073.57,2,0,0,989.89,0
687.0,Germany,Female,44,6,140267.42,1,1,0,61061.0,1
680.0,Germany,Male,49,3,175734.53,1,1,1,193780.02,1
614.0,France,Female,33,9,146981.17,2,1,1,169116.21,1
603.0,Spain,Female,35,3,66167.42,2,1,1,193557.59,0
671.0,Spain,Male,35,7,0.0,1,1,1,155108.27,0
708.0,France,Female,52,7,126663.97,2,1,1,85571.16,0
457.0,France,Female,34,6,0.0,2,1,1,102497.39,0
517.0,Germany,Female,36,9,122108.54,2,1,1,24971.85,1
765.0,France,Female,25,9,0.0,1,0,0,123400.47,0
641.0,Spain,Male,37,5,63257.26,1,1,0,136666.2,0
707.0,France,Female,18,4,91428.71,2,1,0,126285.18,0
732.0,Spain,Female,28,0,40010.7,1,1,1,52854.18,0
676.0,France,Male,40,3,44165.26,1,0,0,14455.24,0
735.0,France,Male,40,0,101288.9,1,1,0,132724.31,0
642.0,France,Male,23,0,182949.68,2,0,1,97882.38,0
701.0,France,Female,62,6,0.0,1,1,0,101349.41,0
710.0,Germany,Male,37,3,113708.31,1,1,1,38968.35,0
627.0,France,Male,30,7,22068.99,1,0,0,121625.3,0
606.0,Spain,Female,46,9,147640.96,1,1,1,163011.17,0
550.0,Germany,Female,43,4,207334.61,1,0,0,102130.15,1
739.0,Spain,Male,29,1,59897.69,2,0,0,74895.34,0
641.0,Germany,Female,33,10,195337.5,1,1,1,174825.98,1
550.0,France,Female,39,10,0.0,2,1,1,2133.02,0
629.0,Spain,Female,45,8,36457.99,1,0,1,48439.67,0
850.0,France,Male,41,1,123624.22,1,0,1,146633.97,0
709.0,France,Female,53,3,0.0,2,1,1,136001.02,0
634.0,Germany,Male,41,7,260000.0,1,1,0,103131.95,1
522.0,Germany,Male,30,3,0.0,2,1,1,1505.49,0
643.0,France,Male,37,1,68473.55,2,1,0,71410.32,1
646.0,Germany,Male,44,1,87817.7,1,1,1,192531.53,0
638.0,France,Female,42,8,140028.08,2,1,1,142537.03,0
622.0,Germany,Female,53,0,182755.46,2,1,1,96781.66,1
615.0,Spain,Male,49,0,104975.38,2,1,0,138866.38,0
628.0,France,Male,28,6,236347.01,1,0,0,153584.32,0
611.0,Spain,Male,44,3,0.0,1,1,1,104057.23,0
519.0,France,Male,38,10,59455.34,2,1,1,162500.41,0
812.0,France,Male,39,2,0.0,1,1,0,14413.58,0
751.0,France,Male,54,7,214422.51,1,1,1,163883.15,0
717.0,Spain,Male,53,9,0.0,1,1,0,119693.74,0
720.0,Germany,Female,49,5,174231.29,1,1,1,71916.2,0
579.0,Germany,Female,24,1,178038.82,2,1,1,98500.78,0
642.0,Germany,Male,25,9,172630.52,2,1,0,38545.58,0
766.0,Spain,Female,21,3,52117.52,2,1,1,144698.2,0
620.0,Spain,Female,40,5,0.0,2,0,0,135681.71,0
557.0,France,Female,34,6,149139.8,1,0,1,64084.48,0
734.0,France,Male,49,8,77288.84,1,1,1,160137.49,0
617.0,Germany,Male,31,1,79599.32,1,1,0,90104.58,1
624.0,France,Male,63,6,0.0,2,1,0,73545.56,1
702.0,Spain,Male,41,6,0.0,1,1,1,116690.26,0
733.0,France,Female,55,2,174798.47,2,1,1,8410.57,0
669.0,Spain,Female,32,10,0.0,1,1,0,23129.45,0
611.0,Spain,Male,45,7,0.0,1,0,1,65888.24,0
572.0,Spain,Male,35,6,82258.34,2,0,0,58916.81,0
745.0,Germany,Male,45,6,0.0,1,0,0,111046.31,0
706.0,Germany,Female,28,0,93080.76,1,1,1,78588.5,0
598.0,France,Female,39,6,148188.4,2,1,0,133521.03,1
760.0,France,Female,44,8,0.0,2,1,0,112836.41,0
667.0,France,Female,36,1,0.0,1,1,1,185622.98,1
685.0,Germany,Female,22,9,1379.78,2,1,1,14326.09,0
464.0,Germany,Female,27,5,235019.68,2,0,1,52216.74,0
717.0,Spain,Male,20,7,89322.0,1,0,1,116710.8,0
583.0,Germany,Male,35,9,800.61,1,1,0,150484.65,0
554.0,Spain,Male,58,0,0.0,1,0,1,190773.83,0
684.0,Spain,Female,41,7,118172.37,2,1,1,113566.64,0
581.0,Germany,Male,34,5,96280.25,1,1,0,151559.38,0
734.0,France,Male,49,3,70232.72,2,0,0,106883.74,0
672.0,France,Female,47,8,0.0,2,1,1,67575.72,0
697.0,France,Male,55,2,108425.9,1,1,1,60709.12,0
726.0,France,Female,34,4,105455.77,2,1,0,172943.34,0
551.0,France,Male,41,9,0.0,2,1,0,47140.11,1
575.0,Germany,Female,28,3,0.0,2,0,1,89306.37,0
673.0,Spain,Male,24,6,0.0,1,0,0,139381.6,0
755.0,France,Male,54,10,73806.53,1,1,1,83643.8,0
573.0,France,Male,51,1,34439.55,2,1,1,31398.22,0
707.0,Spain,Male,43,7,76046.79,2,1,1,43861.31,0
762.0,France,Male,35,0,164271.4,1,1,1,175689.46,0
649.0,France,Female,34,2,0.0,2,1,0,179317.99,0
738.0,France,Male,42,5,93589.24,2,1,1,4090.02,0
761.0,France,Male,39,2,0.0,2,1,1,13010.55,0
631.0,Spain,Female,48,9,117395.44,2,1,0,182168.02,0
674.0,Germany,Male,36,4,0.0,1,1,0,4337.61,0
740.0,Spain,Female,23,0,169719.94,2,0,0,65736.95,0
581.0,France,Female,39,6,76287.65,2,0,1,29309.07,0
615.0,Spain,Male,32,4,52698.9,1,1,1,3452.95,0
512.0,Germany,Female,46,10,0.0,1,1,1,138868.15,0
696.0,Germany,Female,18,1,63747.24,1,1,0,181648.89,1
627.0,Spain,Male,40,5,159768.2,2,1,0,34650.58,0
668.0,Spain,Male,52,8,175896.76,2,0,1,143500.07,0
611.0,France,Female,33,3,120536.05,2,0,1,190194.24,0
832.0,France,Male,44,2,71374.45,2,1,0,178327.85,0
698.0,France,Male,59,0,0.0,2,1,0,41880.85,0
760.0,Spain,Female,45,5,0.0,2,0,0,98626.51,1
626.0,France,Male,53,2,0.0,1,1,0,44776.81,0
681.0,France,Female,33,1,113746.75,2,1,0,20606.97,0
624.0,France,Female,40,3,208440.77,4,1,1,192991.3,1
600.0,Spain,Female,56,7,157534.23,1,0,1,66672.06,0
774.0,France,Female,54,4,109044.71,2,0,1,20328.07,1
626.0,Germany,Male,21,0,0.0,2,1,1,101979.93,0
703.0,Germany,Female,26,4,3776.17,1,1,0,106681.92,0
747.0,Spain,Female,37,9,0.0,3,1,1,161989.36,0
651.0,Germany,Male,25,5,0.0,1,0,1,147447.34,0
727.0,Germany,Male,47,0,53984.21,2,0,0,179891.15,1
735.0,Germany,Male,51,10,52817.74,2,1,0,127554.47,0
562.0,Spain,Female,36,2,46290.29,1,1,0,171595.53,1
673.0,Spain,Female,33,10,0.0,2,1,0,9832.31,1
646.0,France,Male,33,4,0.0,1,1,1,187720.22,0
563.0,France,Male,49,0,143632.54,2,1,0,133127.44,0
619.0,Germany,Male,25,2,44938.38,1,1,0,167324.25,1
793.0,France,Male,41,5,169855.16,1,1,1,95466.4,0
666.0,France,Female,39,5,0.0,2,1,0,164858.65,0
694.0,Germany,Female,39,3,0.0,1,0,1,193289.16,1
697.0,France,Male,46,3,21973.2,1,0,0,166549.93,0
616.0,Spain,Female,41,4,114187.49,1,1,0,73748.46,1
658.0,France,Male,31,5,152654.26,1,1,1,145778.13,0
443.0,Germany,Male,29,1,149978.96,2,0,0,26543.14,0
548.0,Spain,Female,40,0,0.0,2,1,1,82036.25,0
550.0,France,Male,39,8,162686.92,1,1,0,31723.46,1
836.0,France,Male,68,8,100579.47,1,0,1,64003.36,0
462.0,France,Female,40,10,0.0,1,1,0,80656.45,0
798.0,Germany,Male,35,1,0.0,2,0,0,195907.49,0
681.0,Spain,Male,52,10,52792.76,1,1,0,79614.46,0
618.0,France,Male,42,10,65131.03,2,1,1,141597.25,0
778.0,Germany,Female,27,7,58499.98,1,0,1,187639.54,0
782.0,France,Female,42,9,0.0,1,1,0,158288.96,1
672.0,Spain,Male,46,8,119344.18,2,1,0,168958.76,0
732.0,France,Female,23,10,0.0,2,1,0,93784.91,0
689.0,Spain,Female,33,10,99444.99,1,1,1,131937.31,0
732.0,France,Male,48,4,27762.27,1,0,1,103328.71,0
677.0,France,Male,26,1,83501.33,1,1,1,178187.09,0
745.0,Spain,Female,36,1,78256.58,1,1,1,192365.13,0
725.0,Germany,Male,45,5,0.0,2,1,1,52984.4,1
593.0,Germany,Male,37,8,0.0,1,1,1,41053.44,0
614.0,France,Female,43,1,66246.91,2,1,0,46863.5,1
697.0,Spain,Male,60,1,56231.59,1,0,1,108149.91,0
625.0,France,Female,32,10,137738.34,1,1,1,158709.31,0
637.0,France,Female,31,4,65240.69,2,1,1,180119.18,0
589.0,Spain,Female,38,0,48930.88,2,1,0,180722.39,0
607.0,France,Female,36,2,75800.13,2,1,0,156946.73,0
554.0,France,Male,33,2,0.0,1,0,1,42127.3,0
592.0,France,Female,43,1,162244.25,1,1,0,12621.64,1
806.0,Germany,Female,28,1,227486.19,2,0,1,12688.81,1
738.0,France,Male,29,4,0.0,1,1,1,44045.17,0
775.0,Spain,Male,36,3,0.0,2,1,1,47628.63,0
768.0,France,Male,52,1,0.0,2,1,1,98148.79,0
600.0,France,Male,50,5,64109.4,2,1,1,28516.89,0
735.0,Germany,Female,48,5,131196.12,1,1,0,46911.65,1
629.0,Spain,Male,26,7,12286.38,1,1,0,105757.88,0
687.0,Spain,Female,22,4,165142.85,2,1,1,188051.19,0
624.0,Spain,Female,59,0,12251.74,1,1,1,197742.73,0
664.0,France,Female,57,6,0.0,2,0,0,40475.97,0
526.0,France,Female,33,3,0.0,2,1,0,168988.86,0
605.0,Spain,Male,33,8,154082.01,2,1,0,155700.31,0
625.0,France,Male,30,9,122775.45,1,1,1,47848.4,0
683.0,Germany,Male,35,1,101606.45,1,1,0,22422.59,1
774.0,France,Female,42,6,0.0,3,1,1,67297.92,0
485.0,France,Male,44,2,32085.25,1,1,0,146281.74,0
599.0,France,Female,28,7,81231.21,1,1,0,132609.18,0
601.0,Germany,Male,36,4,0.0,1,1,0,193439.15,1
654.0,Germany,Male,36,0,0.0,1,1,1,39803.9,0
663.0,Germany,Male,33,10,0.0,1,1,1,43121.88,0
509.0,Spain,Female,43,2,146272.33,2,1,1,78794.98,0
742.0,Germany,Female,38,0,138986.38,2,0,1,100070.72,0
741.0,France,Female,21,5,0.0,1,1,1,172714.12,0
677.0,France,Male,50,0,0.0,1,1,0,169782.3,0
569.0,Germany,Female,23,2,80626.03,2,0,1,63208.87,0
711.0,France,Male,33,6,1420.8,1,0,1,150656.22,0
751.0,France,Female,18,6,0.0,2,1,1,122136.89,0
642.0,Germany,Male,32,9,52077.25,2,1,0,40270.56,1
738.0,France,Female,27,7,56244.78,1,1,0,37922.36,0
599.0,Spain,Male,50,10,0.0,1,1,0,74148.5,1
581.0,France,Female,20,6,0.0,2,0,0,1730.17,0
602.0,Germany,Male,40,4,85917.85,1,1,0,60993.12,1
629.0,Spain,Female,57,0,0.0,2,1,0,115129.46,1
638.0,France,Female,49,6,58466.76,2,1,1,165193.28,0
711.0,France,Female,52,1,165651.11,2,1,1,189695.71,0
712.0,Germany,Male,42,7,42723.28,1,1,0,181333.92,1
534.0,France,Female,39,8,226706.49,1,0,1,136740.23,0
526.0,Spain,Male,25,6,36832.59,2,0,0,135731.79,0
661.0,Spain,Female,43,3,0.0,2,0,1,153577.5,0
653.0,France,Male,38,0,3758.09,1,1,0,25702.51,0
761.0,France,Male,51,7,154597.34,1,1,0,9422.53,1
824.0,France,Female,51,3,123098.52,2,1,0,163556.92,0
725.0,Germany,Male,23,5,140837.8,1,1,0,82961.3,0
754.0,Spain,Male,43,2,155745.9,2,1,0,36878.07,0
770.0,France,Female,33,2,56017.14,1,0,1,51570.43,0
682.0,France,Female,47,4,76160.21,2,0,1,186263.85,0
713.0,Germany,Male,32,1,90148.01,2,1,0,186197.51,0
651.0,Germany,Female,34,6,0.0,1,1,1,75500.96,0
449.0,Spain,Female,19,0,0.0,4,0,0,171199.97,0
850.0,France,Female,53,0,0.0,2,1,0,120964.81,1
633.0,Spain,Female,39,5,98575.67,1,1,0,58873.85,0
850.0,France,Female,47,10,0.0,1,1,0,182929.42,0
713.0,France,Female,42,3,59161.98,1,1,1,155847.58,0
756.0,France,Male,32,7,87222.35,2,0,1,188609.52,0
553.0,Spain,Female,46,10,0.0,1,1,0,85052.14,1
570.0,France,Male,24,3,0.0,1,1,0,24129.57,0
667.0,France,Male,40,3,0.0,2,1,0,64977.76,1
610.0,Spain,Female,26,7,104749.01,1,1,0,83737.88,0
619.0,Germany,Male,26,1,164396.11,2,1,0,144239.4,0
633.0,France,Male,33,4,150209.42,1,1,0,158649.37,0
604.0,France,Female,31,5,0.0,2,0,0,194113.32,0
684.0,Spain,Male,30,7,72469.03,2,1,1,135915.33,0
632.0,Spain,Female,31,2,106305.92,2,0,1,45798.49,0
797.0,France,Male,32,4,0.0,1,0,1,189350.27,0
715.0,France,Male,30,9,0.0,1,1,0,8578.22,0
628.0,Germany,Female,33,10,163150.69,1,1,0,129400.48,1
762.0,Germany,Male,37,5,97470.6,2,1,1,150737.88,0
714.0,Spain,Female,26,5,28934.71,2,1,0,798.14,0
835.0,Germany,Female,32,1,0.0,2,1,1,137602.32,0
671.0,Germany,Male,41,8,0.0,1,1,0,49425.83,1
712.0,France,Male,42,6,101040.57,2,1,0,48151.11,0
620.0,France,Male,51,9,14871.84,1,1,1,68572.77,0
751.0,France,Male,36,2,0.0,3,0,0,147781.48,0
596.0,Germany,Male,26,3,0.0,2,1,0,187439.23,0
677.0,Germany,Male,32,3,0.0,2,0,0,52128.45,1
466.0,France,Male,36,6,0.0,2,1,0,73282.4,0
568.0,Spain,Female,31,2,0.0,2,1,0,86574.37,0
790.0,Germany,Male,41,5,95943.84,1,1,0,131761.41,0
666.0,Spain,Male,23,3,80606.51,2,1,0,155643.94,0
638.0,Germany,Female,31,6,6104.84,1,0,0,58877.69,1
639.0,Spain,Male,31,9,0.0,2,1,1,136023.53,0
741.0,France,Female,25,7,0.0,1,1,1,65638.26,1
592.0,Spain,Female,36,2,0.0,1,1,1,48101.15,0
636.0,France,Male,37,6,72728.62,2,1,1,58221.14,0
645.0,Germany,Male,49,1,17911.19,2,0,1,54870.77,0
583.0,Spain,Female,49,4,221309.4,2,1,0,23316.93,1
768.0,France,Male,30,3,12852.8,2,1,1,100080.46,0
622.0,Germany,Male,43,4,0.0,2,1,0,116081.6,0
515.0,France,Female,18,10,140802.41,2,0,1,127309.01,0
542.0,Spain,Female,39,5,0.0,2,0,0,85501.8,0
588.0,France,Female,39,8,85670.75,2,1,0,142435.91,0
707.0,Spain,Male,26,8,0.0,1,0,1,55663.38,0
466.0,France,Male,52,7,0.0,1,0,0,92333.0,0
668.0,France,Male,45,0,53651.25,1,1,1,91870.47,0
581.0,France,Male,49,0,70730.39,2,1,1,175093.76,0
835.0,Germany,Female,37,1,0.0,1,1,1,100914.77,0
687.0,Spain,Female,27,5,59887.41,2,1,0,20414.02,0
596.0,Spain,Male,34,2,260000.0,2,1,0,135006.24,0
598.0,France,Male,36,0,171545.3,1,0,0,20931.4,0
650.0,France,Male,26,0,121969.3,1,1,1,174626.74,0
529.0,Germany,Male,48,6,100173.76,2,1,1,135382.15,0
657.0,Spain,Male,24,10,5859.68,2,1,0,44999.61,0
804.0,Germany,Male,28,7,0.0,1,1,1,114511.05,0
711.0,Spain,Female,37,1,130237.92,2,0,1,16238.6,1
585.0,Germany,Male,18,3,123795.91,2,0,1,142678.8,0
719.0,France,Female,60,4,25166.33,4,1,1,42921.82,1
669.0,Germany,Female,40,5,101931.58,1,1,1,114292.47,0
738.0,Spain,Female,47,10,145317.59,1,0,0,84046.8,0
621.0,Spain,Male,49,8,60636.19,3,0,1,37466.43,0
677.0,France,Female,47,1,0.0,2,0,1,159011.59,0
685.0,France,Male,38,8,95358.94,2,1,1,16634.88,0
613.0,Spain,Female,36,0,145800.3,1,0,1,98125.25,0
677.0,Germany,Female,42,4,0.0,1,1,0,86152.95,0
575.0,France,Female,45,9,0.0,2,1,0,99415.58,0
477.0,Germany,Female,39,9,0.0,1,1,1,131491.48,0
445.0,Germany,Female,25,8,57723.78,1,1,0,144663.56,0
761.0,France,Male,45,4,0.0,1,0,0,7766.18,1
669.0,France,Male,33,7,0.0,1,1,0,71631.53,0
466.0,France,Female,32,3,0.0,1,1,1,186325.14,0
542.0,France,Female,30,0,96077.92,2,1,1,106605.53,0
793.0,France,Female,53,8,18499.82,2,0,0,40189.15,0
815.0,Germany,Male,46,8,155914.2,3,1,0,82167.79,1
629.0,Spain,Male,35,0,0.0,1,1,0,35254.15,0
617.0,France,Male,18,3,197621.95,1,0,0,7488.89,0
578.0,France,Female,34,9,0.0,2,1,1,127370.74,0
741.0,France,Male,36,1,127934.29,2,1,1,53846.1,0
571.0,France,Male,39,8,0.0,1,1,0,31098.07,0
797.0,Germany,Male,33,3,0.0,2,1,0,144857.06,0
715.0,France,Male,43,7,0.0,1,1,0,60384.06,0
666.0,France,Female,35,10,0.0,2,1,0,171354.47,1
621.0,Germany,Female,18,9,172595.76,1,0,1,114213.06,0
691.0,France,Male,48,8,4889.61,1,1,0,190593.66,0
689.0,Spain,Female,34,2,0.0,1,1,1,144548.05,0
601.0,Germany,Male,37,10,80869.12,1,0,1,47636.67,0
681.0,Spain,Male,48,6,202400.19,1,1,1,118485.74,0
708.0,Spain,Male,27,8,0.0,1,1,0,36934.46,0
713.0,France,Male,44,1,99173.78,1,0,0,154618.0,1
406.0,Spain,Female,36,0,0.0,2,0,1,96466.86,0
458.0,Spain,Female,29,7,180844.4,2,1,0,198652.0,0
702.0,France,Male,29,0,103291.98,2,1,1,102159.29,0
512.0,Germany,Female,31,9,237921.92,1,0,1,185708.14,0
691.0,Germany,Male,33,5,20955.94,2,1,1,98968.26,0
685.0,France,Male,44,5,81339.26,2,1,1,116525.72,0
459.0,France,Male,44,6,0.0,1,0,0,58451.26,0
712.0,France,Female,38,1,176859.03,1,1,0,120666.05,0
705.0,France,Male,48,10,0.0,1,1,1,123517.53,0
688.0,France,Female,63,2,0.0,1,0,1,196602.26,0
824.0,France,Female,45,7,78695.62,2,1,1,98076.76,0
683.0,Germany,Male,51,8,208451.58,2,0,1,146927.66,0
677.0,France,Male,18,0,81765.19,1,1,0,195495.05,0
607.0,France,Female,43,6,0.0,1,1,1,34786.26,0
633.0,France,Female,23,3,0.0,2,1,0,191988.57,0
831.0,Spain,Male,31,2,168606.11,1,0,0,19787.07,0
571.0,Spain,Male,50,10,0.0,2,1,0,115509.11,0
722.0,France,Female,39,2,4426.15,1,0,1,104975.63,0
686.0,France,Female,18,8,0.0,2,0,1,159476.24,0
561.0,Spain,Male,51,5,0.0,2,1,0,100003.54,0
666.0,France,Male,39,2,69706.4,2,0,0,106911.78,1
693.0,France,Male,35,8,56069.53,1,0,0,60210.69,0
588.0,Germany,Male,36,8,126639.41,1,1,0,41879.74,1
695.0,Spain,Male,30,2,176029.12,1,0,0,48801.9,0
648.0,Spain,Male,34,6,76653.92,2,1,1,126108.67,0
590.0,Germany,Male,34,8,87267.52,2,0,1,50056.75,0
699.0,Germany,Male,37,6,81709.65,1,1,1,85507.15,0
606.0,Spain,Female,49,5,155359.64,2,0,0,40187.94,0
558.0,Germany,Female,46,8,0.0,2,1,0,50951.88,0
666.0,Spain,Male,43,7,0.0,2,1,0,121993.84,0
540.0,Spain,Male,24,5,0.0,1,1,1,58526.21,0
545.0,Germany,Male,25,9,0.0,1,1,0,38825.33,1
546.0,France,Female,38,9,0.0,2,1,1,196081.72,0
606.0,Germany,Male,37,6,104831.34,1,1,1,96794.45,1
570.0,France,Male,38,5,88060.36,1,1,1,163867.22,0
763.0,France,Male,46,4,127396.76,2,1,1,93539.45,0
462.0,France,Male,57,3,184111.6,2,1,0,5570.03,1
785.0,France,Male,27,9,49554.48,1,0,1,145739.13,0
764.0,France,Female,47,2,0.0,2,0,0,191612.98,1
567.0,France,Male,24,10,85765.26,2,1,0,174272.54,0
582.0,Spain,Male,29,4,95466.29,1,0,1,154756.67,0
666.0,France,Male,18,4,0.0,1,0,0,111062.35,0
645.0,France,Female,43,9,86898.37,2,0,1,13877.62,0
579.0,Germany,Male,22,0,24243.55,2,1,1,171665.65,0
537.0,Germany,Male,35,8,0.0,1,0,1,109468.13,0
718.0,Spain,Female,37,6,0.0,1,1,0,92433.09,0
783.0,Germany,Female,39,1,0.0,2,1,0,34608.31,0
514.0,Spain,Male,46,3,0.0,2,1,1,62719.51,0
639.0,Spain,Male,46,0,0.0,1,0,1,41201.38,0
586.0,France,Female,45,2,22600.45,2,1,0,102576.3,0
655.0,Spain,Male,45,3,80207.67,2,0,1,18345.12,0
376.0,France,Male,31,9,23464.64,2,1,1,96989.12,0
708.0,Germany,Female,31,4,202470.33,2,1,1,62886.01,0
677.0,France,Female,25,5,164515.54,1,1,0,198986.1,0
549.0,France,Male,44,5,0.0,1,1,1,162961.94,0
583.0,Germany,Male,34,3,177492.78,2,1,0,181086.73,0
613.0,France,Male,35,6,45729.2,2,0,1,125158.59,0
761.0,Germany,Male,32,9,114182.51,2,0,0,122094.07,1
689.0,Germany,Male,20,2,0.0,1,0,1,74624.68,0
631.0,Spain,Male,32,9,0.0,2,1,0,196009.15,0
626.0,Spain,Male,35,7,139456.7,1,1,0,149775.93,0
693.0,Spain,Male,43,3,0.0,1,1,1,189799.61,0
687.0,Germany,Female,46,0,130781.95,2,1,1,1914.9,0
590.0,Germany,Female,30,10,144178.85,2,1,1,13431.98,0
525.0,France,Female,24,7,109852.0,2,1,1,19600.07,0
720.0,Germany,Female,33,10,159589.85,1,1,1,110418.86,0
649.0,Spain,Female,41,2,59042.77,1,0,1,151589.38,0
566.0,France,Female,47,7,93498.72,1,1,0,113772.81,0
631.0,France,Male,18,7,174957.52,1,1,1,106185.83,0
584.0,France,Female,24,10,108440.04,2,1,0,185501.64,1
662.0,France,Female,34,9,178886.83,2,1,0,38707.92,0
494.0,Spain,Male,39,9,66654.82,1,0,0,99945.19,0
735.0,France,Male,33,5,183832.28,2,1,1,59142.96,0
716.0,Germany,Female,51,5,23264.14,2,1,0,67272.0,0
751.0,France,Female,29,0,132623.28,2,0,0,75572.21,0
592.0,Spain,Female,22,9,0.0,2,1,1,167485.39,0
548.0,France,Female,36,6,89807.8,1,1,1,186828.01,0
633.0,Spain,Female,22,1,112299.32,2,1,1,101101.57,0
850.0,France,Male,24,1,0.0,1,1,1,84602.13,0
439.0,France,Female,52,2,0.0,2,1,0,41381.08,0
708.0,France,Female,44,7,0.0,1,0,0,115017.4,0
702.0,Germany,Male,35,6,123189.8,2,1,0,24573.03,0
773.0,France,Male,46,3,18586.28,2,1,0,68295.96,0
850.0,France,Male,40,0,0.0,1,1,1,28419.41,0
584.0,Germany,Male,48,0,0.0,2,1,1,11034.44,1
633.0,Spain,Female,42,8,154941.29,2,0,1,145216.3,0
636.0,France,Female,45,9,76278.17,3,1,0,26474.47,1
578.0,Germany,Female,54,5,133332.19,1,0,1,156258.25,1
680.0,France,Female,24,4,0.0,1,0,0,30731.75,0
665.0,France,Female,59,6,107149.01,1,0,1,90071.95,0
643.0,France,Female,36,7,0.0,1,1,0,158270.05,1
713.0,Germany,Male,26,5,44610.25,1,0,1,160091.05,0
809.0,Spain,Male,52,1,0.0,2,0,1,149834.98,0
655.0,France,Female,42,5,87784.87,2,1,1,14347.49,0
539.0,Spain,Male,51,2,42203.39,1,0,0,127393.52,0
427.0,Spain,Male,27,10,0.0,1,1,1,170070.23,0
850.0,Germany,Female,40,8,93868.85,2,1,0,107451.55,1
707.0,France,Female,47,7,0.0,1,1,0,114743.76,0
771.0,Spain,Female,63,8,0.0,1,1,0,138112.88,0
630.0,Spain,Male,44,0,85540.63,2,1,0,21187.35,0
728.0,France,Male,18,6,0.0,1,1,0,48566.12,0
622.0,Germany,Male,25,0,0.0,2,1,1,102760.92,0
666.0,Germany,Male,23,5,0.0,2,1,0,86324.42,0
704.0,France,Male,45,3,52807.22,2,1,0,158195.88,0
576.0,France,Female,44,8,0.0,1,1,1,37129.71,0
735.0,France,Female,72,10,77910.24,1,1,0,75692.06,0
445.0,Germany,Male,31,0,0.0,2,0,1,18205.81,0
683.0,Spain,Female,49,4,0.0,2,1,1,175195.15,0
532.0,Germany,Female,40,6,0.0,1,1,1,18410.93,0
605.0,Spain,Female,57,1,165920.62,2,1,1,72407.72,0
710.0,Germany,Female,44,3,52792.25,1,1,0,97686.97,0
850.0,Germany,Female,39,10,130550.06,1,1,0,86337.98,0
818.0,France,Female,38,7,143765.92,1,0,1,33712.67,0
459.0,France,Male,28,3,0.0,2,0,0,194447.32,0
531.0,Germany,Male,21,0,82525.77,1,1,1,92717.49,0
595.0,France,Male,44,8,81449.11,2,1,0,139034.33,0
678.0,Germany,Female,50,6,96114.76,1,1,1,52052.78,0
717.0,France,Male,38,10,144056.31,2,1,0,92298.24,1
625.0,France,Male,44,4,116733.48,1,0,1,190790.61,0
656.0,France,Female,24,2,82093.24,1,0,0,28089.81,0
717.0,Germany,Male,65,0,206095.74,1,1,1,54336.83,0
652.0,France,Female,50,3,133992.15,4,0,1,173057.53,1
720.0,France,Female,39,2,0.0,1,1,1,177443.54,0
717.0,France,Female,40,10,74206.36,1,1,0,165817.96,0
757.0,France,Male,28,2,163748.04,1,0,0,95592.93,1
850.0,France,Female,27,10,0.0,1,0,1,122075.44,0
712.0,France,Male,41,3,68832.28,1,0,0,110318.05,0
585.0,Spain,Female,41,9,79475.3,2,0,1,94393.56,0
513.0,Spain,Male,29,7,0.0,2,1,0,84024.7,0
697.0,France,Male,34,2,197701.75,2,1,1,175940.2,0
700.0,France,Male,50,8,36880.55,1,1,0,115086.91,0
632.0,Spain,Female,39,1,0.0,1,0,1,106204.99,1
743.0,Germany,Male,32,8,131782.79,1,1,0,14806.12,0
692.0,Germany,Female,63,10,84422.53,1,1,1,139294.8,1
691.0,Germany,Male,32,1,58844.87,1,1,0,34793.75,0
581.0,Spain,Male,46,1,0.0,1,1,0,115293.92,0
521.0,France,Male,42,1,194433.29,2,1,1,125498.26,0
697.0,Germany,Male,19,7,41716.49,1,1,0,23749.08,0
593.0,France,Male,48,5,91696.17,1,0,1,193546.76,0
549.0,Spain,Male,41,2,0.0,2,0,0,107231.82,0
634.0,France,Male,32,9,44872.25,2,1,0,58916.68,1
564.0,Germany,Male,54,4,48810.15,1,1,1,141117.2,0
654.0,France,Female,40,7,108943.66,1,0,1,37753.93,0
683.0,Spain,Female,44,9,0.0,1,0,1,45086.2,0
596.0,Germany,Female,20,8,0.0,1,1,1,100369.41,0
571.0,Spain,Female,26,2,125591.55,1,0,0,51449.76,0
543.0,Germany,Male,64,4,0.0,1,1,1,113089.26,0
587.0,Germany,Female,48,9,42621.75,4,0,1,167115.02,1
618.0,France,Male,32,10,161584.58,1,0,1,195493.82,0
676.0,France,Female,31,9,0.0,1,1,0,145327.27,0
623.0,France,Male,31,6,92343.81,1,1,1,193634.53,0
666.0,Germany,Female,22,4,199067.85,1,1,0,187345.75,0
757.0,Spain,Female,37,1,126180.42,2,0,1,137724.44,0
578.0,France,Male,47,5,0.0,1,1,1,35680.09,0
457.0,France,Female,34,8,103765.26,1,0,1,43202.34,0
563.0,Spain,Female,24,10,115197.19,2,1,1,55906.03,0
624.0,Spain,Male,40,1,91958.32,1,1,1,167944.92,0
692.0,France,Female,30,9,124737.9,1,1,0,128391.96,0
740.0,France,Male,59,9,83314.02,2,1,0,106629.54,0
697.0,France,Male,24,4,115653.3,2,1,1,55474.74,0
577.0,France,Female,38,10,0.0,2,1,1,13512.02,0
529.0,Spain,Male,53,7,106130.94,2,1,1,96250.98,0
550.0,France,Female,36,7,0.0,2,1,0,128258.34,0
587.0,France,Male,40,10,102236.43,2,0,0,149671.83,1
704.0,France,Male,64,6,0.0,2,1,0,131959.24,1
608.0,France,Male,30,1,148265.65,2,1,0,139981.78,0
650.0,France,Female,22,5,38819.52,2,1,0,1375.27,1
833.0,Spain,Female,51,4,198960.74,1,1,0,174975.97,1
808.0,Spain,Female,21,7,0.0,2,1,0,21693.65,0
641.0,Spain,Male,20,7,98800.74,1,1,0,135809.47,0
743.0,Spain,Male,46,1,109588.75,2,1,0,142880.11,0
423.0,France,Female,51,1,0.0,2,1,0,52891.61,1
781.0,Spain,Female,44,1,158616.94,2,1,1,62864.87,0
577.0,France,Female,53,8,0.0,1,1,1,32336.21,0
491.0,France,Female,40,2,0.0,2,0,0,75075.65,0
657.0,France,Female,31,9,57692.21,2,1,0,59350.42,0
781.0,Spain,Female,25,8,0.0,1,1,1,112584.7,0
521.0,Germany,Female,32,3,112561.56,2,1,1,187894.56,0
731.0,Germany,Male,35,0,0.0,1,1,0,136416.55,1
682.0,France,Male,18,10,19368.71,1,1,0,127563.94,1
701.0,France,Female,35,9,0.0,1,1,1,42495.9,0
743.0,France,Female,51,8,0.0,1,0,1,159859.68,0
637.0,Germany,Female,49,6,2605.82,2,1,1,191.66,0
690.0,Spain,Male,44,3,87897.54,2,0,0,194882.56,0
524.0,France,Male,32,8,151272.6,1,1,0,192384.68,0
594.0,Germany,Male,40,4,200604.58,1,1,1,178022.58,0
498.0,France,Male,39,1,0.0,2,1,1,45372.45,1
610.0,France,Female,44,3,0.0,2,1,1,94207.96,0
815.0,France,Male,32,3,0.0,2,1,1,27637.95,0
850.0,France,Female,42,9,0.0,2,1,0,92044.64,0
704.0,France,Male,35,1,0.0,1,1,1,185316.2,0
631.0,France,Female,36,3,0.0,1,0,0,161432.91,1
452.0,France,Male,22,6,0.0,2,1,1,46756.59,0
732.0,France,Female,31,4,0.0,1,0,1,101095.37,0
586.0,France,Male,50,4,0.0,1,1,0,89859.0,0
750.0,Germany,Female,54,10,157491.03,1,0,1,56823.37,1
581.0,France,Male,18,3,132054.94,2,1,0,140286.86,0
630.0,France,Male,23,2,148002.63,1,1,0,199638.94,1
713.0,France,Female,28,2,126389.62,2,1,0,121865.69,1
600.0,Spain,Male,21,4,164798.25,2,1,1,185125.7,0
667.0,France,Male,36,9,0.0,2,1,1,160993.7,0
532.0,France,Female,41,3,45990.4,1,1,1,183302.43,0
658.0,Spain,Male,30,8,34786.91,1,1,0,28665.45,0
575.0,Spain,Male,42,0,61348.84,1,1,1,132133.83,0
828.0,France,Female,42,4,0.0,1,1,1,142035.52,0
833.0,Germany,Male,41,10,0.0,1,0,0,118911.28,0
708.0,France,Male,34,1,93037.41,2,0,1,41431.85,0
570.0,Germany,Male,32,1,0.0,1,1,0,3759.82,0
626.0,France,Female,39,5,70211.78,1,1,0,133559.01,0
676.0,France,Male,32,7,112338.65,2,1,0,51483.81,0
536.0,Spain,Male,43,0,0.0,2,1,0,3634.92,0
629.0,France,Female,37,3,206444.42,2,1,1,44695.94,0
821.0,Spain,Male,30,7,168315.91,1,1,1,65995.06,0
579.0,France,Female,34,6,0.0,1,0,1,85473.19,0
654.0,France,Female,31,1,0.0,1,1,1,143963.9,0
439.0,Germany,Female,26,8,0.0,1,1,1,181837.22,0
517.0,France,Female,42,1,0.0,1,1,0,77668.58,0
679.0,Spain,Female,38,6,0.0,1,1,1,53257.63,0
714.0,Germany,Male,18,5,74369.59,1,0,0,45695.82,0
572.0,Spain,Female,50,10,0.0,2,1,0,14292.4,0
721.0,Germany,Female,34,9,0.0,1,1,1,199723.19,0
611.0,France,Male,52,8,0.0,4,1,1,69197.79,0
696.0,Germany,Female,33,9,64853.26,1,1,0,122181.44,1
617.0,Spain,Female,50,4,0.0,2,1,0,136688.38,1
623.0,France,Female,49,9,38501.45,2,1,0,42151.27,0
660.0,Spain,Male,26,10,49718.07,2,0,0,197277.7,1
524.0,France,Male,36,6,0.0,2,1,0,19714.37,0
684.0,Germany,Male,29,1,93404.29,2,1,1,81213.55,0
519.0,Spain,Male,46,9,181273.78,1,1,0,110466.02,0
648.0,France,Male,29,2,0.0,2,1,1,184488.85,0
713.0,Spain,Female,37,0,68346.28,1,1,1,20053.3,0
701.0,France,Male,45,4,0.0,1,0,0,54388.66,0
562.0,Spain,Male,44,10,114442.63,1,1,1,176960.09,0
603.0,Germany,Female,32,7,0.0,2,1,0,53298.37,1
807.0,Spain,Male,37,0,146060.23,2,0,0,132906.51,0
651.0,Spain,Female,21,6,83079.15,2,0,1,62717.49,0
499.0,France,Female,50,5,0.0,1,1,0,116995.77,0
748.0,Spain,Male,45,4,143444.24,1,0,1,104882.97,1
586.0,Germany,Male,57,0,0.0,2,1,1,101444.93,0
685.0,France,Female,36,2,117202.76,2,0,0,12677.7,1
707.0,Germany,Female,41,5,119376.6,1,1,0,67400.03,0
687.0,France,Male,19,2,0.0,2,1,0,39246.34,0
689.0,Spain,Female,51,3,50114.97,1,0,1,142307.01,0
581.0,France,Male,38,9,0.0,1,1,0,18730.86,0
585.0,France,Female,34,6,0.0,1,1,0,148070.61,0
531.0,Spain,Male,31,9,0.0,2,1,0,177372.39,0
554.0,France,Male,24,0,0.0,1,1,1,31393.89,0
671.0,France,Male,18,9,90008.27,1,0,0,34283.85,0
740.0,France,Male,25,10,119206.82,1,0,0,100740.38,0
603.0,France,Female,42,5,160857.07,1,1,1,1358.94,0
664.0,France,Male,34,6,91403.02,1,1,0,152209.24,0
743.0,France,Female,30,0,33423.81,1,1,1,190760.9,0
489.0,France,Female,29,7,89925.17,2,0,1,114657.99,0
639.0,France,Female,27,10,138427.99,2,1,0,182571.69,0
665.0,France,Female,35,4,0.0,4,1,1,189459.79,1
706.0,Spain,Female,45,7,0.0,2,1,0,162175.39,1
802.0,France,Female,34,4,55261.67,1,1,0,58457.34,0
659.0,Spain,Male,36,10,0.0,1,1,1,101416.0,0
729.0,Germany,Female,25,8,102860.32,2,1,0,132933.81,1
697.0,France,Female,31,0,0.0,1,1,1,8564.77,0
608.0,France,Female,23,9,0.0,1,0,0,99112.15,0
630.0,Germany,Male,29,8,159799.53,1,1,0,112668.95,1
480.0,Spain,Male,19,8,0.0,2,1,1,34763.03,0
672.0,Spain,Female,33,4,227741.6,2,0,0,124776.05,0
591.0,Spain,Female,38,10,40023.61,2,0,0,198474.16,0
683.0,Germany,Male,41,5,65696.28,2,0,1,39744.59,0
738.0,France,Male,45,10,29228.74,1,0,0,24353.19,0
736.0,France,Female,19,2,119697.59,1,0,0,135977.92,0
564.0,Spain,Male,68,4,241609.9,1,1,0,75190.52,0
804.0,Spain,Female,46,0,0.0,1,1,1,81909.7,0
566.0,France,Male,33,5,96674.64,1,1,0,69601.52,1
554.0,Germany,Male,61,8,82777.44,1,1,1,136264.08,0
513.0,Spain,Female,18,9,177678.32,1,1,0,112464.42,0
698.0,France,Male,60,6,0.0,1,1,1,95353.91,0
612.0,Spain,Male,23,9,162091.69,1,1,1,77180.01,0
718.0,Germany,Male,57,2,0.0,1,1,1,5664.76,0
760.0,Germany,Male,36,9,0.0,1,1,1,171140.05,0
776.0,France,Male,56,3,147787.49,2,1,0,169407.35,0
654.0,Spain,Female,37,0,131954.95,2,0,1,172978.65,0
588.0,France,Female,39,7,95705.7,2,1,0,134190.69,0
519.0,France,Male,41,6,0.0,1,1,0,32849.13,0
723.0,France,Male,29,3,141569.51,1,0,1,127504.0,0
826.0,France,Female,44,2,0.0,2,0,1,199827.04,0
695.0,Spain,Male,48,9,0.0,3,1,0,49508.51,1
720.0,France,Male,28,1,78498.87,1,1,1,104393.7,0
674.0,Spain,Female,38,8,36783.89,2,0,1,119494.3,0
703.0,France,Male,44,10,0.0,2,1,0,116993.8,0
842.0,Spain,Female,42,5,141820.45,1,1,1,186804.98,0
658.0,Spain,Female,40,6,0.0,2,1,1,6925.01,0
657.0,Germany,Female,35,0,232649.62,1,1,1,33351.94,0
602.0,France,Male,50,9,252285.94,2,0,1,31311.28,0
718.0,France,Female,46,9,94611.46,2,1,1,48114.75,0
536.0,Spain,Female,53,7,0.0,1,1,0,10807.05,0
688.0,France,Male,18,1,0.0,1,1,1,165138.07,0
746.0,France,Male,25,8,54408.38,1,0,0,87247.47,0
452.0,Germany,Male,18,8,157459.42,1,1,1,108662.78,0
652.0,Spain,Male,30,5,85363.54,3,1,0,69315.45,1
503.0,Germany,Male,47,4,173895.28,1,1,1,44742.6,0
620.0,France,Male,23,9,105372.02,2,1,1,64856.86,0
688.0,France,Male,47,8,150832.32,1,0,0,98354.05,0
820.0,France,Male,20,10,0.0,2,0,1,138957.38,0
524.0,Germany,Female,45,3,169209.46,2,0,1,36886.59,1
720.0,France,Female,43,6,130439.63,4,1,0,184160.64,1
637.0,France,Male,41,6,127138.41,1,1,1,33548.25,0
630.0,France,Female,41,1,0.0,2,1,0,39483.8,0
652.0,France,Female,34,3,70722.24,2,0,0,110281.24,0
712.0,France,Male,53,3,0.0,1,1,0,91278.68,0
764.0,Germany,Male,38,2,130562.15,1,1,1,109649.28,0
709.0,France,Male,42,10,0.0,1,1,0,36229.48,0
585.0,France,Male,36,9,0.0,1,1,1,143809.89,0
782.0,France,Male,21,7,0.0,2,1,0,69315.78,0
773.0,France,Female,30,7,78612.32,2,1,1,109893.3,0
549.0,Germany,Female,39,5,93535.95,1,1,0,110591.82,1
595.0,Spain,Female,34,10,151545.73,4,1,1,30334.56,1
571.0,France,Male,40,1,0.0,1,1,0,112690.86,0
616.0,France,Female,50,10,159096.86,2,0,0,72102.15,0
527.0,France,Male,43,4,34167.43,1,1,1,70690.41,0
674.0,France,Male,48,9,0.0,2,1,0,69847.98,0
690.0,Spain,Male,39,7,67726.35,1,1,1,81929.55,0
558.0,Germany,Male,41,7,0.0,1,1,0,75359.46,1
764.0,Spain,Male,35,4,115286.94,2,0,0,20897.93,1
623.0,France,Male,41,0,0.0,2,1,1,134135.18,0
636.0,Germany,Female,28,7,117646.46,2,0,1,115688.5,0
427.0,France,Male,46,10,0.0,1,0,0,84112.37,0
773.0,Spain,Female,50,8,88718.35,1,0,0,97187.39,0
630.0,Spain,Male,36,2,0.0,1,1,0,27032.76,0
682.0,France,Male,57,1,184163.92,1,1,1,155538.6,1
587.0,France,Female,59,6,145102.68,1,1,0,73918.01,0
592.0,France,Male,50,0,0.0,2,1,0,65258.62,0
696.0,Spain,Male,29,5,65944.49,1,0,1,161885.69,0
666.0,Spain,Male,22,9,22981.39,2,1,1,23914.24,0
797.0,France,Female,24,0,86670.53,1,1,1,32060.49,0
792.0,France,Female,39,1,46889.16,2,0,1,8776.7,0
550.0,France,Male,41,0,88874.03,2,1,1,36687.42,0
675.0,France,Male,57,5,53301.82,1,1,0,40206.44,1
544.0,Spain,Female,25,4,0.0,2,1,0,169691.37,0
536.0,Germany,Male,59,3,0.0,2,0,0,86905.91,1
703.0,France,Female,45,3,97519.07,2,1,1,27983.51,0
673.0,Spain,Female,40,8,164242.96,1,1,1,192263.78,0
501.0,Spain,Male,35,3,34175.03,1,1,1,173560.37,0
704.0,Spain,Male,40,0,0.0,1,0,1,114367.5,0
604.0,France,Male,44,7,0.0,1,1,1,193949.16,0
715.0,Spain,Male,29,2,0.0,2,0,1,30628.75,0
568.0,Germany,Female,43,0,85814.56,2,1,0,25729.53,1
563.0,France,Female,38,9,61178.89,1,1,0,184520.14,0
486.0,Germany,Male,31,6,0.0,1,1,1,131837.02,0
650.0,Germany,Male,54,4,0.0,1,1,1,176912.2,0
549.0,France,Female,61,7,0.0,1,1,1,32620.62,0
671.0,Spain,Female,42,8,95462.22,2,1,0,30698.39,1
596.0,France,Female,33,8,40223.3,2,1,0,95869.2,0
524.0,France,Female,22,4,68466.71,1,1,0,76753.46,0
773.0,France,Female,29,1,113240.74,2,1,1,176457.14,0
768.0,France,Male,46,5,36413.72,2,1,0,187816.85,0
536.0,France,Male,44,4,121027.75,2,1,1,89496.18,0
645.0,France,Female,31,7,40101.59,1,1,1,144114.71,0
687.0,France,Female,40,0,18890.33,2,1,0,159465.03,0
548.0,France,Male,57,6,0.0,2,1,0,5841.46,0
579.0,Germany,Male,36,7,101699.6,1,1,1,103074.9,0
728.0,France,Female,34,8,85365.57,1,1,1,125668.1,0
742.0,France,Female,45,5,168459.27,3,0,0,46558.12,1
458.0,Spain,Male,37,10,0.0,1,1,1,61523.49,0
506.0,Germany,Male,44,9,0.0,2,1,0,52070.98,1
779.0,Germany,Male,51,10,70656.67,1,1,1,60917.76,0
576.0,Germany,Male,57,10,0.0,3,1,1,58188.7,1
745.0,France,Female,32,2,116175.79,2,0,0,113100.81,0
636.0,France,Female,49,9,0.0,1,0,0,191170.22,0
521.0,Spain,Female,37,2,0.0,2,1,1,155090.97,0
669.0,Spain,Female,34,8,65415.43,1,1,1,176577.64,0
702.0,Spain,Male,44,9,38261.44,2,0,0,148868.2,1
728.0,France,Female,28,3,0.0,1,1,1,147438.15,0
579.0,France,Female,35,4,204133.5,1,0,1,121137.31,1
604.0,Spain,Male,41,1,45994.29,2,1,1,62610.79,0
546.0,France,Male,35,8,181358.66,2,0,1,102257.19,0
572.0,France,Female,58,6,0.0,2,1,1,186935.43,0
618.0,Germany,Female,41,7,70959.21,3,1,1,41896.87,1
547.0,Germany,Female,53,4,0.0,1,1,0,114501.11,0
404.0,France,Female,22,7,0.0,2,1,0,8032.19,1
538.0,Germany,Female,38,0,0.0,1,1,1,64566.04,0
686.0,Germany,Female,52,10,0.0,2,1,0,69843.96,0
693.0,Germany,Male,29,10,93483.3,1,1,0,47153.58,0
650.0,Spain,Male,37,6,84034.92,2,0,1,95114.21,0
460.0,France,Male,34,1,0.0,1,1,1,86891.55,0
652.0,Spain,Male,46,0,0.0,1,1,1,168692.0,0
624.0,Germany,Male,23,2,72871.97,2,1,1,58556.27,0
690.0,Germany,Male,43,1,0.0,1,1,1,183179.04,0
597.0,France,Male,57,2,51444.67,2,0,0,160821.68,0
566.0,France,Male,54,10,47948.95,1,1,0,136312.86,0
670.0,Germany,Female,46,2,0.0,4,1,0,129325.4,1
695.0,Germany,Male,32,10,0.0,1,1,0,8759.62,0
561.0,Spain,Male,25,3,92174.19,2,1,1,70403.19,0
631.0,France,Female,43,6,65370.28,2,0,1,37955.05,0
823.0,France,Female,42,5,102976.01,1,1,0,19579.09,1
672.0,Spain,Female,26,9,201641.98,2,1,1,172829.1,0
698.0,Spain,Female,19,1,125168.29,1,0,0,1748.62,1
720.0,France,Male,25,0,0.0,2,0,0,112454.88,0
651.0,Germany,Female,31,1,57131.59,2,1,1,74869.15,0
690.0,Spain,Female,26,0,0.0,1,1,1,92140.16,0
761.0,France,Female,58,7,0.0,2,1,0,74767.29,0
590.0,Spain,Male,55,4,0.0,1,1,0,126648.91,0
626.0,Germany,Male,18,8,35494.16,2,1,0,109308.71,0
679.0,Germany,Male,40,4,13276.51,2,0,0,63854.96,0
726.0,France,Male,55,0,129549.0,2,1,1,101067.7,0
519.0,Spain,Female,47,5,183193.37,2,1,0,55214.87,0
682.0,Spain,Male,24,3,0.0,2,1,1,123754.94,0
526.0,Germany,Female,31,3,0.0,1,1,1,19149.17,0
629.0,France,Female,21,6,0.0,2,0,1,168649.73,0
557.0,France,Male,28,9,0.0,1,1,0,88551.24,0
549.0,Spain,Female,39,9,62716.03,2,1,0,133137.5,1
779.0,France,Female,41,0,254332.07,2,1,1,54280.53,0
532.0,France,Female,41,0,107143.41,1,1,1,139248.17,0
576.0,Spain,Female,34,9,101168.05,2,1,1,190780.48,0
721.0,Germany,Male,18,7,152828.89,1,1,0,122876.33,1
736.0,Spain,Male,41,0,227979.66,1,1,1,187929.25,0
609.0,Spain,Female,32,3,119308.13,1,1,1,3077.28,0
818.0,Germany,Female,49,2,178068.16,2,1,0,6205.1,1
673.0,Germany,Female,44,5,0.0,1,0,1,73700.13,0
689.0,Spain,Male,33,2,0.0,1,1,0,10762.71,1
774.0,Germany,Male,25,4,88168.8,1,0,1,123484.35,0
711.0,France,Female,30,5,58656.59,2,0,1,144384.41,0
719.0,Germany,Male,24,6,0.0,2,0,0,82293.16,1
691.0,France,Female,18,0,161844.89,1,1,1,184891.02,0
658.0,France,Male,35,8,27482.39,2,1,0,34687.9,1
558.0,France,Male,49,0,82362.48,1,1,1,132716.25,0
466.0,France,Male,37,8,0.0,2,1,1,94841.18,0
755.0,Germany,Male,42,2,0.0,1,1,1,73736.54,0
689.0,France,Male,24,2,149757.73,1,1,1,10672.92,0
793.0,France,Male,34,5,83221.33,2,1,0,67995.9,0
627.0,Spain,Male,56,5,206716.35,2,0,1,8437.46,0
531.0,Germany,Male,31,9,172179.91,1,1,0,22815.08,0
579.0,Germany,Male,34,4,151674.4,1,0,0,53737.94,0
573.0,France,Male,48,2,0.0,1,1,0,5754.02,0
504.0,France,Male,41,9,0.0,1,1,1,194523.13,0
745.0,Germany,Male,47,1,0.0,1,1,1,57322.67,0
715.0,France,Male,33,9,10038.35,2,0,0,165580.21,0
617.0,France,Male,49,10,99796.97,2,1,0,60948.94,1
605.0,France,Female,41,9,51811.03,3,0,1,196605.01,0
656.0,France,Male,23,10,0.0,2,1,1,122449.71,0
689.0,Germany,Male,29,3,47133.97,1,0,0,89829.44,0
651.0,France,Female,43,0,0.0,1,1,1,194366.44,0
774.0,France,Female,53,7,60716.65,2,1,1,195260.62,0
703.0,Spain,Female,35,8,0.0,1,1,1,181847.62,0
647.0,France,Male,36,10,73712.54,1,0,1,159196.28,0
600.0,Spain,Male,48,7,0.0,2,1,1,29286.38,0
691.0,France,Male,25,7,9979.02,2,1,1,91803.76,0
728.0,Spain,Male,24,4,164966.33,1,0,0,117800.12,0
733.0,France,Male,33,9,0.0,1,1,0,74777.69,1
665.0,France,Male,26,0,187620.12,2,1,0,52387.89,0
660.0,France,Male,50,6,21602.33,4,1,1,62354.74,1
667.0,France,Female,62,6,0.0,2,1,1,82123.87,0
574.0,France,Female,37,10,152457.6,2,1,1,45905.76,0
551.0,Germany,Female,33,6,0.0,1,1,1,47549.89,0
504.0,France,Male,47,9,42517.68,2,1,1,159321.99,0
603.0,Germany,Female,31,2,0.0,2,0,1,178438.43,0
524.0,Germany,Female,43,10,97655.6,1,0,0,133639.36,1
702.0,Spain,Female,34,0,32232.86,2,0,0,18814.68,0
577.0,France,Female,25,5,111237.78,1,1,0,172057.22,1
653.0,Spain,Male,43,2,0.0,2,1,0,32461.19,0
687.0,Spain,Male,43,1,0.0,2,0,0,31428.29,0
584.0,Germany,Male,31,9,0.0,2,1,0,3100.1,0
617.0,Spain,Female,41,5,62706.33,1,0,0,154121.15,0
660.0,Germany,Male,39,3,88060.49,2,1,1,173751.01,0
572.0,Spain,Male,40,6,49725.54,1,1,1,198572.63,0
562.0,France,Male,18,6,132961.85,2,1,1,75293.5,0
588.0,Germany,Female,30,8,44709.45,2,0,1,13837.27,1
498.0,France,Male,57,8,160779.46,1,1,1,16391.35,0
635.0,France,Female,47,3,101520.55,1,1,1,40159.04,0
850.0,France,Male,65,2,0.0,1,1,1,165603.38,0
754.0,Spain,Female,46,1,79412.58,2,1,1,119840.51,0
619.0,France,Male,30,2,114603.99,2,1,0,113149.65,0
736.0,Germany,Female,35,0,132143.54,1,1,1,171439.64,0
740.0,Germany,Male,50,2,0.0,1,0,1,116996.62,1
795.0,Germany,Female,42,8,250639.29,1,1,0,24528.32,1
540.0,France,Male,52,3,0.0,2,1,0,46026.32,1
788.0,Spain,Male,35,0,204716.19,2,1,1,185356.58,0
676.0,France,Female,18,9,0.0,1,1,1,186046.95,0
722.0,Germany,Male,46,4,64099.07,2,0,0,170937.35,0
702.0,Germany,Male,41,8,233712.39,1,1,1,29937.28,0
634.0,France,Male,44,7,0.0,1,1,0,88226.68,1
744.0,Spain,Female,40,4,0.0,1,1,1,60866.3,0
700.0,Germany,Male,42,1,137449.68,2,1,0,129591.86,0
732.0,France,Male,36,7,108694.85,1,1,1,113735.6,0
709.0,Spain,Male,48,2,65988.98,1,1,0,189228.69,1
635.0,Germany,Male,46,4,9684.26,1,1,0,124999.16,1
642.0,France,Male,49,2,161034.41,2,1,0,152451.69,0
598.0,Germany,Male,25,3,14469.71,1,1,0,59816.19,0
811.0,France,Male,53,1,0.0,1,0,1,185473.43,0
670.0,Germany,Female,27,1,105871.5,1,1,0,123669.52,1
578.0,Germany,Male,38,9,32558.12,2,1,1,120711.93,0
620.0,France,Male,44,1,88335.01,2,0,0,148973.11,1
624.0,Spain,Male,47,10,95186.53,2,1,0,138557.54,1
554.0,Spain,Female,43,4,0.0,2,1,1,197088.87,0
777.0,Germany,Female,26,7,153033.99,2,0,0,122823.85,1
531.0,Spain,Male,32,7,0.0,2,1,1,181469.94,1
793.0,France,Male,29,5,58466.27,1,1,0,184434.01,0
684.0,France,Female,45,9,0.0,1,1,0,188868.25,1
710.0,France,Male,28,5,92496.92,1,0,0,194292.26,0
574.0,France,Female,37,2,0.0,1,1,1,41857.98,0
561.0,France,Female,18,3,138219.14,1,0,1,97761.81,0
678.0,Spain,Male,18,9,0.0,2,1,0,34432.62,0
692.0,France,Female,48,7,38803.8,1,1,1,113407.66,0
710.0,France,Female,49,0,0.0,1,0,1,81515.0,0
850.0,France,Male,50,5,135978.71,2,0,0,123120.67,0
636.0,Germany,Female,40,9,134503.4,3,1,1,187657.8,1
673.0,France,Female,28,6,41893.25,2,1,0,73632.35,0
718.0,France,Male,42,4,130103.89,1,1,1,61924.91,0
535.0,Germany,Male,40,9,120646.32,2,1,1,79486.49,0
746.0,France,Male,37,5,153656.54,1,1,1,160614.61,0
525.0,France,Male,42,3,0.0,1,0,0,85877.32,0
542.0,France,Male,40,0,0.0,3,0,1,8906.84,0
634.0,France,Female,47,4,0.0,2,1,1,130597.66,0
520.0,France,Male,33,10,100824.99,1,1,1,108869.29,0
833.0,France,Male,35,4,135738.89,1,1,1,95796.58,0
607.0,Spain,Male,32,8,0.0,1,0,0,67525.65,0
609.0,France,Male,46,2,90189.59,2,1,0,146526.65,0
625.0,Germany,Female,55,7,218877.88,1,1,0,30077.94,1
754.0,Spain,Female,42,3,85198.68,2,0,0,50999.9,1
543.0,France,Female,40,0,218648.63,2,1,1,83809.36,1
580.0,France,Female,68,4,222821.58,1,1,0,88762.78,0
806.0,Germany,Male,43,5,0.0,2,0,1,107264.09,0
623.0,France,Male,36,8,48505.04,2,0,0,151321.75,0
738.0,Germany,Male,29,7,89226.09,2,1,1,35921.14,0
799.0,Germany,Male,42,5,58220.57,2,1,0,108158.33,0
685.0,Spain,Male,26,2,0.0,1,1,1,58398.45,0
669.0,Spain,Female,52,1,0.0,1,1,1,122304.22,0
579.0,Spain,Male,40,2,130515.23,1,1,1,41935.39,0
638.0,France,Female,56,4,159358.13,1,1,1,40282.6,0
518.0,France,Female,49,7,146599.42,1,0,1,86044.19,0
631.0,France,Female,43,8,0.0,1,1,1,76791.61,0
725.0,France,Female,30,0,0.0,1,0,1,43641.23,0
596.0,Spain,Female,33,2,0.0,2,1,1,180654.84,0
675.0,France,Female,47,1,0.0,1,1,1,22171.42,0
540.0,Germany,Male,23,8,0.0,1,1,1,10222.91,0
740.0,Spain,Female,27,7,67166.55,1,1,1,186412.04,0
660.0,Spain,Female,32,2,73593.63,1,1,1,100687.23,0
684.0,Germany,Female,40,5,0.0,2,0,1,118390.91,0
668.0,France,Male,38,5,0.0,2,1,1,130139.37,0
759.0,Germany,Male,51,10,0.0,2,1,1,99517.11,0
769.0,Spain,Male,33,8,0.0,1,1,0,11563.58,0
708.0,France,Male,42,4,113111.34,1,1,1,178585.14,0
683.0,Germany,Male,34,3,114592.4,1,0,1,22033.95,0
743.0,France,Female,37,9,45238.79,1,1,0,87240.92,1
672.0,France,Female,41,3,0.0,1,1,0,137989.29,0
593.0,France,Female,48,4,61486.76,2,1,1,193439.85,0
573.0,France,Female,53,0,60410.66,1,1,0,72863.53,0
701.0,France,Male,31,10,0.0,1,1,0,119993.62,0
567.0,France,Male,30,5,63731.3,2,1,0,157901.78,1
850.0,France,Female,30,3,146312.48,2,1,0,146894.03,0
563.0,Germany,Female,34,6,96548.5,1,0,1,44592.6,0
571.0,France,Male,28,3,140265.33,2,1,0,55142.42,0
836.0,France,Female,49,2,0.0,1,1,1,93605.52,0
638.0,France,Female,36,1,138732.89,2,0,1,174925.83,0
431.0,Germany,Male,45,10,0.0,1,1,1,94478.83,0
626.0,France,Female,56,6,82645.35,2,1,1,175004.91,0
477.0,France,Female,45,10,93766.79,2,1,1,64041.24,1
619.0,France,Male,47,1,0.0,1,1,0,37540.03,0
591.0,France,Female,19,2,0.0,2,1,0,49330.68,0
752.0,France,Female,39,6,187026.1,1,1,1,51146.77,0
849.0,Spain,Male,27,3,132136.81,2,1,1,122444.65,0
616.0,Spain,Male,45,9,57663.25,2,1,0,72195.49,0
483.0,France,Male,31,1,130035.95,1,0,0,158423.97,0
690.0,France,Female,64,6,0.0,2,1,0,111798.41,0
609.0,France,Male,33,4,116274.83,2,0,1,76200.14,0
605.0,Spain,Female,50,9,104141.25,1,1,0,54423.62,1
535.0,France,Female,57,1,80403.24,1,1,1,81163.33,0
659.0,Germany,Male,35,10,154256.25,1,0,1,188899.76,0
593.0,Germany,Female,48,10,49590.3,2,1,0,49363.07,0
660.0,Spain,Female,52,4,129695.08,1,0,1,104985.82,1
688.0,Spain,Male,34,2,0.0,2,0,1,142379.41,0
612.0,France,Female,39,1,71585.04,2,1,0,86525.94,0
576.0,France,Male,46,6,0.0,1,1,0,144975.01,0
679.0,France,Female,41,0,0.0,2,1,1,158141.66,0
417.0,France,Female,57,4,209834.26,1,0,0,148552.4,1
619.0,France,Male,36,5,7717.06,2,0,1,57363.1,0
556.0,France,Female,39,6,15304.12,2,1,0,117817.06,0
608.0,Spain,Male,48,8,105116.1,2,1,1,173918.12,0
700.0,France,Male,32,0,79152.1,2,1,0,13256.93,0
528.0,France,Male,32,8,0.0,2,0,0,54035.62,0
682.0,Spain,Male,43,4,26626.13,1,1,1,4879.63,0
622.0,France,Female,30,5,42264.06,1,1,1,48553.45,0
722.0,Spain,Female,46,7,95709.0,2,1,1,9991.72,0
677.0,France,Male,39,6,0.0,1,1,0,126326.65,0
565.0,Germany,Female,45,10,0.0,1,1,0,124171.02,1
761.0,Germany,Male,31,10,0.0,1,1,0,89503.11,0
529.0,France,Female,33,8,110007.83,2,1,0,7060.75,0
625.0,Germany,Male,33,2,76695.15,2,1,1,112667.27,0
548.0,Spain,Female,47,10,56884.71,2,1,0,104020.41,0
661.0,France,Male,41,6,0.0,1,0,0,102160.02,1
596.0,France,Female,21,1,35186.23,1,0,0,166841.51,0
726.0,Spain,Female,54,9,0.0,2,1,0,107427.11,0
645.0,France,Female,43,6,48221.69,1,0,1,85630.1,0
706.0,Germany,Female,43,9,0.0,2,1,0,15724.14,0
743.0,France,Female,40,5,56042.44,2,1,1,192103.68,0
672.0,France,Female,20,9,46317.97,2,0,1,135398.33,0
680.0,France,Female,46,0,0.0,1,1,1,176420.76,0
625.0,France,Female,31,2,92805.56,2,1,1,75756.68,0
529.0,France,Female,38,9,29123.46,1,1,1,18162.59,0
609.0,Spain,Male,39,6,0.0,1,1,1,61302.66,0
471.0,France,Male,44,7,0.0,2,0,0,191161.66,0
832.0,Spain,Male,26,1,32489.9,1,1,1,100325.62,0
541.0,Germany,Female,35,9,32355.07,1,1,1,16876.0,0
503.0,France,Male,22,4,0.0,1,1,1,90391.88,0
658.0,France,Female,32,2,135235.18,1,1,0,2162.63,1
722.0,Spain,Female,28,5,0.0,2,0,1,16786.46,0
617.0,France,Male,36,7,0.0,2,1,1,185182.53,0
802.0,Germany,Female,39,9,98952.33,1,0,0,104584.69,1
601.0,Germany,Female,55,10,11992.74,1,1,0,110363.43,0
662.0,France,Male,20,4,51183.21,2,1,0,76298.15,0
707.0,Germany,Male,51,3,78908.05,2,1,0,36019.81,0
753.0,France,Female,30,4,0.0,1,0,1,29126.3,0
728.0,Spain,Male,51,7,94909.04,2,1,1,131764.44,0
584.0,Spain,Male,22,7,197676.21,1,1,0,8709.09,1
609.0,Germany,Female,42,8,37591.72,1,1,1,189031.25,1
720.0,Spain,Male,47,7,142926.29,2,1,0,64642.19,0
549.0,Germany,Male,35,6,0.0,2,1,0,71476.71,0
772.0,Germany,Female,43,8,112517.39,2,1,1,31283.35,0
702.0,Spain,Male,53,3,0.0,1,0,0,195843.71,0
572.0,France,Male,39,9,200096.06,2,1,0,191910.39,0
613.0,France,Male,40,0,103143.08,1,1,1,171038.7,0
680.0,France,Male,33,9,0.0,2,1,1,154341.86,0
692.0,Spain,Male,26,9,0.0,1,1,1,157274.55,0
743.0,France,Female,50,1,53534.67,1,1,1,157832.69,0
776.0,France,Female,43,9,108039.12,1,1,0,34575.77,0
611.0,France,Male,27,2,0.0,1,1,1,180065.95,0
611.0,Spain,Male,22,6,38487.53,2,0,0,24440.62,0
596.0,Germany,Female,29,5,0.0,2,0,1,103431.57,0
688.0,Germany,Male,50,6,0.0,1,0,1,63185.94,0
678.0,France,Female,48,9,172996.86,2,1,0,108138.56,1
761.0,Spain,Male,56,8,211240.7,1,1,1,180494.51,0
560.0,France,Female,45,5,184660.68,2,1,1,117710.31,0
677.0,Germany,Female,39,2,176422.57,1,1,1,61589.21,0
564.0,France,Female,53,8,201578.3,2,1,0,45676.65,1
599.0,France,Male,19,5,45476.77,1,1,0,68019.18,0
693.0,Spain,Male,35,1,0.0,1,1,1,129210.41,1
680.0,France,Female,43,3,0.0,2,0,1,151596.1,0
552.0,France,Female,47,10,122969.37,2,0,0,133328.52,0
594.0,France,Male,48,3,198096.23,2,1,1,93077.41,0
691.0,France,Female,48,10,71083.04,1,1,1,15631.22,0
664.0,France,Male,44,4,0.0,1,1,1,138109.84,0
549.0,France,Male,33,0,108503.62,1,1,1,179244.71,0
777.0,France,Female,24,5,123290.73,2,1,0,29099.67,1
573.0,France,Male,41,4,146754.22,2,1,1,181198.51,0
611.0,Spain,Female,40,4,145315.97,2,1,1,27399.36,0
611.0,Germany,Male,46,10,160421.03,1,1,1,68755.2,0
836.0,France,Male,45,9,0.0,2,0,1,52762.32,0
418.0,Germany,Female,26,6,0.0,1,1,0,49911.82,0
647.0,Spain,Male,46,6,12558.99,1,1,1,91057.63,0
677.0,France,Male,53,9,256667.69,1,1,0,132387.3,1
460.0,France,Male,34,10,47746.75,2,0,0,36021.35,0
784.0,France,Male,32,1,0.0,2,1,0,187483.07,0
611.0,Germany,Male,27,8,0.0,2,0,0,135758.44,0
750.0,France,Female,37,10,159499.61,1,1,0,71913.2,0
747.0,France,Female,29,9,12045.07,1,1,1,84904.67,0
581.0,Spain,Male,54,8,125353.43,1,0,1,160294.69,1
612.0,France,Male,29,5,0.0,1,1,0,114143.77,0
592.0,France,Female,31,7,0.0,2,1,0,41800.88,0
691.0,Germany,Male,37,8,95017.87,2,1,1,84753.77,0
751.0,France,Male,35,3,103406.99,2,1,0,74574.0,1
739.0,Germany,Male,44,2,3223.23,2,0,1,5045.88,0
528.0,France,Male,24,7,0.0,1,1,1,67327.73,0
629.0,France,Female,32,5,115516.1,1,1,1,168566.09,0
641.0,France,Male,27,4,0.0,1,1,1,104243.59,0
526.0,France,Female,43,1,58251.13,1,1,0,143866.8,0
534.0,Germany,Male,37,4,36468.72,1,0,1,159717.49,0
605.0,France,Male,39,8,0.0,2,0,1,12535.64,1
671.0,France,Female,36,5,123077.63,1,1,1,42824.49,0
646.0,France,Male,54,7,0.0,1,1,1,124331.92,0
595.0,France,Female,36,3,0.0,2,0,0,4473.7,0
560.0,Germany,Male,42,10,179545.98,1,1,0,79634.01,1
548.0,Germany,Male,50,3,21280.98,2,1,1,92678.2,0
530.0,Spain,Female,36,1,235647.25,1,1,1,11094.92,0
706.0,Spain,Female,41,5,37188.92,2,1,0,185553.02,0
580.0,Germany,Female,50,5,0.0,1,1,1,88899.87,1
841.0,Spain,Male,37,1,79236.48,1,1,0,128031.55,0
766.0,France,Male,35,4,0.0,1,1,1,8955.91,1
693.0,Germany,Male,50,9,98326.58,1,1,1,114175.23,0
611.0,France,Male,32,8,135152.47,1,1,0,130037.48,0
787.0,France,Female,37,5,17435.23,2,0,1,158422.83,0
717.0,Spain,Male,32,9,0.0,2,1,0,158636.32,0
553.0,Germany,Male,48,10,85001.99,1,1,0,79284.29,1
565.0,France,Female,44,3,214137.51,2,0,1,42245.69,0
847.0,Spain,Male,25,6,133375.13,2,1,0,77933.88,0
760.0,Spain,Female,36,10,115592.13,2,1,1,115506.48,1
542.0,Germany,Male,33,0,0.0,1,1,1,115167.01,0
466.0,France,Male,18,6,26602.57,2,1,1,25396.33,0
608.0,France,Female,37,5,0.0,1,1,1,91150.17,0
651.0,France,Male,36,10,66749.58,2,0,0,58926.56,1
633.0,France,Female,23,9,0.0,2,1,0,107565.4,1
761.0,Germany,Female,34,2,0.0,2,0,1,84105.89,0
629.0,France,Female,43,4,0.0,2,0,1,171316.17,0
701.0,Germany,Female,35,7,35578.64,1,1,0,16200.56,0
674.0,Spain,Male,30,0,0.0,2,1,1,30656.63,0
768.0,Germany,Male,45,6,0.0,2,1,0,41059.69,1
675.0,Germany,Female,56,0,29064.13,2,1,0,157883.93,1
631.0,France,Female,47,4,110308.14,2,0,0,63837.36,1
602.0,Germany,Male,45,8,167577.25,1,1,1,66240.04,0
505.0,France,Male,34,8,0.0,2,1,1,44455.73,0
571.0,Spain,Male,25,5,0.0,1,1,1,96849.2,0
665.0,Germany,Female,43,7,0.0,2,0,1,76299.01,0
608.0,France,Male,34,6,74876.82,3,1,0,162447.64,1
638.0,France,Female,52,8,50880.05,1,0,1,86796.49,0
686.0,Germany,Female,40,7,0.0,2,0,0,103093.26,1
661.0,Germany,Male,37,7,71528.11,2,1,1,112281.84,1
709.0,Germany,Female,36,10,67671.47,1,0,1,167462.71,0
616.0,Germany,Male,42,2,48696.46,2,1,1,126661.41,0
729.0,France,Female,56,3,104198.78,1,1,0,111372.1,1
779.0,France,Male,44,3,54221.33,1,0,0,33382.36,0
602.0,Germany,Male,46,6,0.0,1,1,1,197396.32,0
598.0,Spain,Male,41,1,0.0,2,1,0,78994.55,0
802.0,France,Male,34,2,68535.05,2,1,1,95792.94,0
661.0,France,Male,28,8,145511.32,2,1,1,78508.68,0
487.0,Germany,Male,26,4,130689.71,1,1,1,31036.86,0
518.0,France,Female,58,7,65819.52,1,1,0,106570.38,1
748.0,France,Male,28,10,57116.75,1,1,1,111930.05,0
660.0,France,Female,44,3,97673.34,1,1,1,179817.35,0
539.0,Germany,Female,43,10,993.8,1,1,0,79967.29,1
781.0,France,Female,48,8,168664.78,1,1,0,115233.33,1
604.0,Spain,Female,20,8,94667.44,1,0,1,59239.05,0
584.0,France,Male,38,5,11713.87,1,1,0,101409.59,0
585.0,France,Male,36,7,83533.36,2,1,1,60685.34,0
616.0,France,Male,57,2,0.0,2,0,1,16042.1,0
695.0,France,Female,42,6,0.0,1,1,0,108667.11,0
523.0,France,Male,36,2,142710.39,1,1,1,134193.53,0
621.0,Spain,Female,52,1,222440.97,1,1,1,66353.34,1
587.0,France,Male,51,2,0.0,1,1,0,76696.37,0
670.0,France,Male,46,3,47007.08,2,1,1,21801.34,1
501.0,Spain,Male,54,10,98754.56,1,1,0,39432.43,0
768.0,Spain,Female,18,0,73933.46,2,0,1,100862.24,0
594.0,Germany,Female,41,7,140487.5,2,0,0,46798.81,1
562.0,Germany,Male,29,10,35886.17,2,1,0,80870.2,0
773.0,Germany,Female,28,8,0.0,1,1,0,6508.93,0
645.0,France,Female,57,5,0.0,1,0,1,120327.84,0
524.0,Spain,Male,57,10,0.0,2,1,0,51903.58,0
470.0,France,Male,34,10,17558.86,2,0,1,195148.17,0
763.0,Spain,Female,50,6,3619.0,1,1,0,130401.14,0
629.0,France,Male,54,5,137766.6,2,1,1,82764.72,0
613.0,Spain,Male,25,1,59720.94,1,1,1,192692.89,0
549.0,France,Female,30,0,86574.08,1,1,1,121799.5,0
523.0,Spain,Female,52,1,193430.75,1,1,1,167059.84,1
669.0,Spain,Male,34,5,0.0,1,0,1,5655.92,0
581.0,France,Male,18,1,0.0,2,0,0,65483.93,1
609.0,France,Male,36,7,0.0,1,1,1,152862.63,0
850.0,France,Male,18,6,156011.28,1,1,0,59243.17,1
660.0,France,Male,34,0,114839.56,2,1,0,192210.37,0
797.0,Spain,Female,20,8,0.0,1,1,0,53720.25,0
792.0,Germany,Female,36,3,0.0,1,1,1,163410.65,0
733.0,Germany,Female,55,4,0.0,1,1,0,78296.73,1
701.0,Spain,Female,21,4,88408.26,1,1,1,24474.74,0
660.0,Germany,Female,18,8,0.0,3,1,0,165824.24,1
706.0,Spain,Male,46,6,229465.51,1,1,0,2870.12,0
596.0,Spain,Male,40,9,0.0,2,1,1,63127.17,0
508.0,France,Female,50,9,0.0,1,1,1,142297.48,0
656.0,Germany,Male,30,2,0.0,2,1,1,155543.71,1
573.0,France,Male,42,6,26533.48,1,0,0,105690.08,0
656.0,Germany,Male,34,8,89297.51,2,1,1,11839.1,0
513.0,Spain,Male,32,2,0.0,1,0,1,163267.79,1
818.0,Germany,Male,31,9,0.0,1,0,1,55235.14,0
758.0,Spain,Male,38,2,82444.4,2,0,1,165946.33,0
566.0,France,Female,18,5,86765.39,1,1,0,192921.64,0
720.0,France,Male,38,2,0.0,1,1,1,26448.77,0
527.0,France,Male,49,4,38435.57,1,1,0,102123.65,0
612.0,France,Female,62,1,0.0,1,1,1,83408.19,0
501.0,Spain,Female,43,3,0.0,2,1,0,97039.94,1
587.0,France,Male,49,4,42632.56,1,1,0,54350.18,1
526.0,Germany,Male,43,9,109433.61,1,1,1,2212.39,1
708.0,France,Male,45,0,76559.16,2,0,0,77668.98,1
609.0,Germany,Male,23,7,89493.84,2,1,0,23086.22,0
768.0,Germany,Male,34,4,163381.66,1,1,1,9990.83,0
654.0,France,Male,46,8,0.0,2,1,0,139654.75,0
619.0,France,Male,31,6,240186.72,1,1,0,180358.89,1
583.0,Germany,Female,38,2,0.0,1,1,0,164669.79,1
601.0,France,Female,29,1,0.0,1,1,0,60926.31,0
711.0,Spain,Female,21,1,0.0,2,0,0,103321.33,0
604.0,Germany,Male,35,5,122921.65,1,0,1,161876.69,0
618.0,France,Male,65,6,31023.59,2,1,0,118309.47,1
687.0,Spain,Female,36,7,88959.47,1,0,0,67818.67,0
700.0,Spain,Male,29,2,0.0,1,1,1,113465.18,0
605.0,Spain,Female,45,5,186608.32,1,0,1,21054.62,1
666.0,France,Male,60,3,125576.16,1,1,1,132175.81,0
794.0,Spain,Male,50,8,0.0,2,1,1,46481.96,0
713.0,France,Male,31,10,142176.88,2,1,0,149594.05,1
574.0,France,Male,31,1,0.0,1,0,0,179262.24,0
588.0,Spain,Female,28,1,172204.08,1,1,1,52524.83,0
850.0,France,Female,55,3,0.0,2,0,0,51928.75,1
660.0,France,Male,43,2,197027.85,1,1,1,19925.03,0
645.0,Germany,Female,41,10,0.0,2,1,1,27506.29,0
745.0,France,Male,28,7,7658.58,2,1,0,183928.3,0
577.0,Germany,Male,63,6,0.0,2,1,1,175624.88,1
524.0,Germany,Male,35,9,67823.4,1,1,0,160867.4,1
458.0,Spain,Male,31,0,44349.35,1,1,0,92162.74,0
630.0,France,Female,57,6,114630.82,1,1,0,36503.63,0
725.0,Spain,Female,40,2,65475.68,2,0,1,181172.66,0
591.0,Germany,Female,30,7,99768.44,2,0,1,111164.22,0
510.0,Germany,Female,41,6,141156.47,1,1,1,138282.19,0
654.0,Spain,Female,39,9,72453.27,2,1,0,38704.82,0
513.0,Spain,Female,29,1,104731.58,2,0,1,113002.91,0
748.0,France,Male,34,4,60782.92,2,1,0,117682.99,0
718.0,France,Male,38,9,0.0,1,1,1,184654.69,0
764.0,Spain,Female,40,0,99730.18,2,1,0,40863.76,1
641.0,France,Male,46,6,0.0,1,1,1,129766.13,0
482.0,France,Male,40,0,151012.07,2,1,1,80059.9,0
590.0,Spain,Male,23,0,0.0,1,1,0,54887.91,0
669.0,Germany,Male,35,0,37980.1,2,1,1,151580.1,0
535.0,Germany,Female,33,10,0.0,1,0,1,56189.27,0
514.0,Germany,Male,18,2,0.0,3,1,1,134125.66,0
554.0,France,Female,24,9,171106.53,2,1,1,23519.69,0
573.0,Germany,Female,50,0,0.0,1,1,0,40140.4,0
507.0,France,Female,19,2,220690.51,2,1,1,24584.1,0
819.0,Spain,Male,43,7,0.0,2,0,0,193020.09,0
701.0,France,Female,38,1,69211.09,2,1,1,96321.7,0
593.0,France,Male,26,4,0.0,2,1,1,60029.15,0
588.0,Spain,Male,35,2,122154.4,2,1,0,195600.25,0
723.0,France,Female,46,3,971.28,2,0,1,60444.6,0
630.0,France,Male,45,0,100253.51,1,1,1,146281.57,1
692.0,France,Female,45,0,67714.15,1,1,0,21462.58,0
661.0,Spain,Female,28,3,132424.74,2,1,1,34358.13,0
793.0,France,Female,57,7,0.0,1,1,1,121422.84,0
765.0,Spain,Male,44,4,125171.43,1,0,1,1569.19,0
729.0,France,Male,33,5,0.0,1,0,0,138143.63,0
730.0,Germany,Female,25,7,100269.07,1,1,0,112522.51,0
738.0,France,Male,52,5,143459.51,1,0,1,162663.37,0
539.0,France,Male,43,0,0.0,1,1,0,53477.44,0
617.0,Spain,Male,18,1,174056.93,2,1,0,83584.91,0
524.0,France,Male,39,2,0.0,2,0,1,130198.65,0
693.0,Germany,Female,40,9,139922.74,1,1,0,187001.34,1
534.0,Germany,Female,39,7,0.0,1,1,0,61555.67,0
648.0,France,Male,55,4,137790.54,3,0,1,116364.43,1
595.0,Germany,Female,39,3,57701.89,1,0,0,179706.17,0
499.0,France,Male,44,0,0.0,2,1,1,121306.9,0
717.0,France,Male,62,7,79952.4,2,1,0,86208.81,0
640.0,Spain,Female,35,3,0.0,2,1,1,29608.39,0
747.0,France,Female,37,1,158366.44,2,1,1,37468.33,0
601.0,France,Male,38,8,0.0,1,1,0,129361.07,0
670.0,Germany,Male,42,6,137136.45,1,1,1,192937.03,0
537.0,France,Male,36,7,78526.34,1,0,0,105294.57,0
587.0,France,Male,34,5,49366.46,2,1,0,71621.5,0
499.0,France,Male,28,2,0.0,1,1,0,142842.48,0
575.0,Spain,Male,67,0,72223.16,2,1,1,168563.33,0
623.0,France,Male,46,1,0.0,2,1,0,135990.32,0
561.0,Germany,Female,48,4,0.0,1,1,0,126991.63,1
630.0,Germany,Male,36,7,38989.54,2,0,0,73105.11,1
720.0,Germany,Male,19,0,0.0,1,0,0,174536.88,0
643.0,France,Female,18,2,0.0,1,0,0,173176.66,0
695.0,France,Female,37,1,0.0,2,1,1,26874.31,0
631.0,Spain,Female,40,7,0.0,2,0,1,26723.98,0
701.0,France,Male,44,1,96056.06,1,1,1,49869.0,0
806.0,Spain,Female,58,5,112901.01,1,1,0,78346.24,0
612.0,France,Male,41,9,80112.7,2,0,0,86557.29,0
721.0,Germany,Male,31,1,0.0,2,1,1,63651.97,0
666.0,France,Female,56,3,140026.87,1,1,1,177533.74,1
657.0,France,Female,50,8,39587.26,2,0,0,199463.51,0
537.0,Spain,Female,31,8,0.0,2,1,0,28816.79,0
818.0,France,Male,19,1,126283.32,1,1,1,69489.59,0
632.0,Germany,Female,47,1,7026.78,1,1,0,47138.39,1
658.0,Germany,Female,18,6,150161.85,1,1,1,63985.2,0
394.0,France,Male,35,1,0.0,1,0,1,48861.27,0
627.0,France,Female,46,1,122728.84,2,1,1,187881.76,0
637.0,France,Male,42,1,124992.76,2,1,1,150387.98,0
679.0,Spain,Male,18,4,106462.62,1,0,1,65026.2,0
735.0,Germany,Male,57,6,114922.01,1,0,1,64639.24,0
359.0,Spain,Male,29,4,137844.17,2,1,0,199752.53,0
618.0,Germany,Male,39,10,16289.04,1,0,1,49516.88,0
652.0,Germany,Female,32,2,0.0,1,0,0,12353.25,0
626.0,Germany,Female,32,9,155088.63,2,1,1,27684.05,0
662.0,Spain,Female,25,0,52008.06,2,1,0,74008.57,1
645.0,France,Female,36,4,0.0,2,1,1,13527.28,1
627.0,Germany,Female,30,7,101032.27,1,0,1,91982.94,0
651.0,Spain,Female,49,7,0.0,1,1,1,97538.27,1
717.0,France,Male,25,3,0.0,2,1,0,192501.04,0
584.0,France,Male,57,2,0.0,1,0,0,74750.14,0
673.0,France,Male,31,10,0.0,1,1,1,36972.41,0
687.0,France,Female,32,7,193634.41,2,0,1,132351.23,0
700.0,Germany,Male,45,1,51405.49,1,1,0,85235.94,0
838.0,Germany,Male,24,8,104975.28,2,0,0,6195.37,0
580.0,Germany,Male,36,5,0.0,2,1,0,155203.47,0
618.0,France,Male,58,8,0.0,1,1,1,109338.4,0
671.0,France,Female,45,9,0.0,1,1,0,135570.18,1
580.0,Spain,Male,37,9,0.0,1,1,0,182786.25,0
507.0,Spain,Female,40,0,0.0,2,1,1,174644.38,0
666.0,Spain,Male,38,2,0.0,1,1,1,20201.32,0
557.0,Germany,Male,44,10,0.0,1,1,0,16576.54,0
679.0,Spain,Male,38,1,0.0,3,0,1,101744.4,0
543.0,Spain,Male,36,5,0.0,1,0,0,142151.98,1
609.0,Spain,Male,59,2,51529.96,1,0,0,193474.39,0
788.0,France,Female,43,4,0.0,1,1,1,153733.58,0
713.0,France,Female,33,3,0.0,1,1,0,23194.84,1
491.0,Germany,Male,50,4,0.0,2,1,0,68513.09,0
554.0,Spain,Male,46,1,122029.2,1,0,1,99825.91,0
702.0,Germany,Male,65,5,110867.94,1,0,1,107652.24,1
696.0,Spain,Female,25,10,134418.73,2,1,0,100794.89,0
744.0,France,Female,38,5,78841.66,1,1,1,88117.04,0
656.0,France,Male,33,0,40415.37,1,0,0,88304.44,0
718.0,France,Female,36,7,0.0,2,0,1,104428.99,0
537.0,France,Male,37,10,0.0,2,1,0,156356.16,0
745.0,France,Male,30,4,61597.73,1,1,1,195001.01,0
764.0,France,Female,19,10,0.0,2,1,1,75932.42,0
664.0,Germany,Male,44,10,104096.43,1,1,0,178929.24,1
708.0,France,Female,22,0,66347.55,1,1,1,185296.63,1
704.0,Germany,Male,47,6,129285.47,2,1,0,120891.92,1
659.0,Germany,Female,37,0,0.0,1,1,1,105882.09,0
586.0,France,Male,28,2,88959.76,1,0,1,47280.5,0
630.0,France,Male,24,0,0.0,2,1,1,175612.57,0
583.0,France,Female,26,10,145277.86,1,1,1,54254.21,0
600.0,Germany,Male,32,8,66784.86,2,0,0,39922.95,1
592.0,France,Male,24,8,0.0,2,0,1,27031.21,0
566.0,Spain,Male,28,2,150272.91,2,1,1,107936.16,0
567.0,France,Male,49,2,60855.42,1,1,0,103888.94,0
724.0,France,Male,39,2,28322.7,2,1,0,160592.35,0
673.0,Germany,Male,39,3,156467.91,2,1,0,49632.71,1
526.0,Spain,Male,34,10,0.0,1,1,0,165607.03,0
615.0,France,Female,32,9,42095.61,2,1,1,23669.47,0
642.0,France,Female,34,5,0.0,3,0,0,46831.36,1
785.0,France,Male,37,1,120087.12,1,0,0,38977.13,0
544.0,Germany,Male,47,7,0.0,1,1,1,82071.32,0
671.0,Spain,Male,36,0,114504.61,1,1,0,61851.04,0
692.0,France,Male,44,2,225865.01,1,1,0,180503.54,1
738.0,Spain,Female,24,3,0.0,2,1,1,185026.88,0
643.0,France,Male,43,6,0.0,1,1,0,17499.35,1
789.0,Germany,Male,39,4,69246.66,2,1,0,93310.75,0
734.0,Spain,Female,45,3,0.0,2,1,0,46155.89,0
698.0,France,Male,35,7,0.0,1,1,0,24994.66,0
660.0,Spain,Female,42,7,100555.3,1,1,1,131280.02,0
563.0,Germany,Female,38,4,143472.5,2,1,1,166839.63,0
519.0,Spain,Male,27,6,0.0,1,1,1,136335.38,0
500.0,Spain,Male,23,5,147375.65,1,1,0,74697.49,1
772.0,France,Female,31,5,89573.89,2,0,1,39687.99,0
749.0,Spain,Male,50,4,151631.57,1,0,0,135229.14,0
697.0,Germany,Male,43,3,56890.07,1,1,1,109527.65,0
607.0,France,Male,39,3,0.0,2,0,0,36731.72,1
640.0,Germany,Female,45,4,47442.91,2,1,1,128769.43,0
623.0,Germany,Male,31,6,63028.98,1,0,1,158853.64,0
746.0,France,Male,45,3,110774.67,1,0,1,53066.62,0
627.0,Germany,Male,51,5,0.0,1,0,0,116149.82,0
656.0,France,Female,35,3,0.0,2,1,1,44422.2,0
508.0,Germany,Male,61,10,0.0,1,1,1,139925.4,0
574.0,Germany,Female,57,2,0.0,1,1,0,184547.29,0
707.0,France,Male,35,0,91809.24,2,1,1,160236.95,0
659.0,France,Male,55,5,43555.22,2,1,1,42280.64,0
672.0,France,Female,37,10,89834.25,1,1,0,180567.31,0
729.0,Spain,Female,30,3,173665.09,1,1,0,101652.99,0
540.0,Spain,Female,27,7,74126.68,1,1,0,151955.84,0
721.0,Germany,Female,35,10,0.0,2,1,1,76577.13,0
589.0,Spain,Male,40,4,25976.93,1,1,1,39665.46,0
504.0,France,Female,18,3,156399.31,1,1,0,38770.05,0
615.0,Germany,Female,22,10,210690.35,2,0,1,128817.61,0
642.0,Germany,Female,43,4,125357.67,1,0,1,56946.9,0
444.0,France,Female,29,0,0.0,1,1,0,124264.83,0
691.0,Spain,Male,46,7,66011.18,2,1,1,81744.47,0
705.0,Germany,Male,40,7,54619.36,2,1,0,81231.4,1
726.0,Spain,Female,48,7,0.0,2,1,0,148092.45,1
761.0,Spain,Male,53,2,121389.99,2,0,0,87468.99,0
568.0,Spain,Male,40,6,80462.45,1,1,0,122731.24,1
647.0,France,Female,36,9,0.0,1,1,1,108173.13,0
810.0,Spain,Male,37,3,50789.04,2,0,1,68287.08,0
429.0,Germany,Male,37,10,106180.9,1,1,0,57788.3,1
516.0,Spain,Female,41,7,102881.54,1,1,1,37159.75,1
651.0,Germany,Female,32,7,99478.7,2,1,1,2333.9,0
652.0,France,Male,44,4,127081.21,2,1,1,85692.17,0
633.0,France,Female,64,7,143521.5,1,1,1,175012.24,0
772.0,France,Male,41,5,128630.34,1,1,1,108672.17,0
672.0,France,Male,25,1,0.0,2,1,1,92314.05,0
472.0,Germany,Female,24,1,93702.32,1,1,1,33979.33,0
733.0,France,Male,38,0,153021.37,1,1,0,56066.72,0
615.0,Spain,Male,47,3,100498.5,1,1,0,139986.44,0
702.0,France,Female,23,2,47510.76,2,0,0,117681.16,0
513.0,France,Female,46,2,32184.05,2,1,1,71323.13,0
761.0,Spain,Female,35,0,0.0,2,1,1,114454.87,0
691.0,Spain,Male,52,7,127554.49,1,0,0,23239.37,0
549.0,France,Female,32,4,34448.06,1,0,0,100253.83,0
650.0,Germany,Female,30,3,125428.4,1,0,1,198098.93,1
596.0,France,Male,27,9,220861.89,1,1,1,52855.19,0
644.0,France,Male,32,0,32734.81,2,1,0,28492.33,0
548.0,France,Male,45,7,0.0,3,0,1,191140.43,0
617.0,Spain,Male,18,8,203191.06,2,0,0,84119.41,1
811.0,Germany,Female,27,7,0.0,4,1,0,190505.3,1
431.0,Spain,Male,58,2,128395.66,2,0,1,77239.19,0
788.0,Germany,Female,28,3,0.0,2,0,0,111897.08,0
689.0,France,Male,39,2,97950.96,2,1,0,39454.17,1
682.0,France,Female,29,0,0.0,1,0,1,183949.86,0
594.0,France,Female,37,1,0.0,2,1,0,166049.13,0
680.0,France,Male,18,2,0.0,2,1,1,86036.5,0
588.0,Germany,Male,46,7,91971.5,1,1,1,139498.72,0
697.0,France,Male,34,6,241157.64,1,1,1,190903.81,0
803.0,France,Female,50,2,59794.19,1,1,1,125905.53,0
533.0,Spain,Male,20,5,0.0,1,1,0,64015.04,0
719.0,France,Female,49,2,35720.59,2,0,1,28884.15,0
719.0,France,Male,45,5,0.0,2,1,1,176762.39,1
534.0,France,Female,26,3,0.0,2,0,0,32203.12,0
634.0,Germany,Male,28,2,0.0,1,1,1,81969.46,1
691.0,France,Male,45,9,120410.79,1,1,1,49246.5,0
680.0,France,Male,34,4,0.0,2,1,1,85047.05,0
530.0,France,Female,38,8,0.0,2,1,1,155648.58,0
386.0,France,Male,41,4,4479.94,2,0,1,27489.41,0
731.0,Germany,Female,34,10,140843.32,1,1,1,86140.88,1
775.0,France,Male,29,6,131921.92,1,0,1,88854.44,0
503.0,France,Female,40,5,0.0,2,1,1,10269.05,0
446.0,Spain,Female,46,6,158045.39,2,0,1,128818.86,0
613.0,Germany,Female,33,8,0.0,1,1,0,67177.51,1
782.0,France,Male,52,7,97202.74,1,1,1,192196.4,0
634.0,France,Female,39,4,73383.91,2,1,0,82317.99,0
653.0,Spain,Male,40,8,0.0,2,1,0,72736.35,0
717.0,Germany,Male,41,2,149919.88,1,1,0,119663.43,0
672.0,Spain,Male,58,5,95200.1,2,0,1,99293.09,0
455.0,Spain,Male,42,2,17210.89,1,1,1,52572.8,0
703.0,Germany,Male,47,7,207675.15,2,1,1,160330.1,0
655.0,France,Male,36,7,0.0,1,1,1,151412.13,0
734.0,France,Male,39,0,0.0,1,0,0,137084.97,1
668.0,Spain,Male,32,0,58057.72,2,1,0,83756.14,1
524.0,France,Male,40,2,135128.51,2,0,1,7550.62,0
727.0,France,Female,29,4,0.0,2,1,0,44095.42,0
516.0,Spain,Male,32,8,0.0,2,1,0,177305.52,0
850.0,Spain,Male,37,3,43705.78,3,0,1,144068.75,1
689.0,France,Female,61,5,0.0,2,1,0,129016.09,0
749.0,France,Male,43,5,186167.98,2,0,1,13876.51,0
657.0,Spain,Female,40,10,0.0,1,1,0,126762.68,0
574.0,France,Male,34,7,134714.76,2,0,0,64488.52,0
612.0,France,Male,18,10,43055.72,2,1,1,98692.8,1
673.0,France,Male,38,0,35926.98,1,1,0,173171.68,0
701.0,Germany,Female,29,10,0.0,2,1,0,14118.62,0
679.0,France,Male,25,4,0.0,2,1,0,24482.89,0
532.0,Spain,Female,53,4,32285.87,2,0,0,14234.75,1
623.0,France,Female,48,1,66608.54,2,1,0,146228.56,0
680.0,France,Male,32,9,0.0,2,1,1,61150.61,0
679.0,Germany,Female,45,3,0.0,1,1,1,77121.23,0
668.0,France,Male,36,4,0.0,2,0,1,136672.31,0
720.0,Spain,Female,39,3,0.0,1,0,0,179146.02,0
654.0,Spain,Female,36,8,151988.91,1,1,0,32468.16,0
708.0,France,Female,50,2,0.0,2,1,1,5034.93,1
518.0,France,Male,30,8,0.0,2,1,0,161197.67,0
742.0,France,Male,46,0,28153.16,2,0,1,141844.29,0
622.0,France,Female,18,2,84048.21,1,1,0,15495.19,0
710.0,France,Female,32,7,0.0,1,0,1,104772.89,0
568.0,Germany,Female,26,9,0.0,1,1,1,98642.86,0
671.0,Germany,Female,46,5,80465.06,2,0,0,79922.69,0
620.0,France,Female,41,1,180007.07,1,1,0,53963.61,0
620.0,France,Male,18,10,0.0,1,1,0,145610.34,0
786.0,Spain,Male,20,8,0.0,2,0,1,77784.05,0
563.0,France,Male,46,5,0.0,2,1,1,108887.37,0
693.0,France,Male,44,3,0.0,2,0,1,181775.19,0
682.0,Germany,Male,30,0,57336.47,1,0,0,188578.13,0
566.0,Spain,Male,33,1,134156.94,1,1,1,180788.25,0
647.0,France,Male,44,8,0.0,1,0,0,38069.75,0
697.0,France,Male,31,3,68989.44,2,1,0,153437.82,0
648.0,Spain,Female,42,8,0.0,2,1,0,95470.28,0
571.0,France,Male,38,5,56864.37,2,0,0,150793.96,0
677.0,France,Male,39,8,0.0,1,1,0,19755.98,1
546.0,France,Male,18,9,101217.53,2,1,1,174084.1,0
481.0,France,Male,29,5,93070.76,1,1,1,46544.26,0
673.0,France,Male,47,0,0.0,1,1,1,102522.06,0
630.0,France,Male,31,9,75299.62,1,0,0,24485.55,0
676.0,Germany,Female,48,4,98802.76,1,1,1,142696.91,0
720.0,Germany,Male,32,7,0.0,1,0,1,14083.92,0
567.0,France,Male,26,7,203505.07,1,1,0,39488.31,0
590.0,France,Female,53,9,0.0,2,1,0,65888.95,0
602.0,France,Male,50,0,61015.49,1,1,0,85827.01,0
727.0,Germany,Female,42,10,0.0,2,1,1,85851.54,0
611.0,Spain,Male,57,2,27309.93,2,1,0,168097.72,0
672.0,Germany,Female,35,6,32729.84,1,1,1,192014.39,0
652.0,Spain,Female,33,2,61772.53,2,1,1,68240.88,0
682.0,France,Male,45,4,0.0,2,0,0,59125.13,1
631.0,France,Male,33,7,82224.69,1,1,0,192916.29,0
664.0,Germany,Male,43,0,0.0,2,1,0,2275.7,0
700.0,France,Female,36,6,149550.98,2,1,0,112224.15,0
642.0,Spain,Female,39,4,0.0,2,1,0,4337.8,1
531.0,Spain,Female,38,1,55485.5,1,1,1,92429.43,0
660.0,France,Female,31,0,86665.09,2,1,0,27283.0,0
563.0,France,Female,31,8,51256.58,2,1,1,189093.06,0
632.0,France,Female,51,5,134786.8,1,1,1,58404.36,0
639.0,France,Male,41,4,114584.83,2,1,0,64809.55,0
794.0,Germany,Male,37,0,163373.1,1,0,0,28670.23,0
659.0,France,Male,18,2,63631.71,1,0,1,90299.72,0
654.0,Spain,Male,21,10,0.0,1,0,0,81725.28,0
583.0,Spain,Male,35,4,0.0,2,0,1,122250.0,0
668.0,France,Male,43,0,0.0,1,1,1,36413.57,0
647.0,Spain,Male,36,2,0.0,2,0,1,185385.23,0
596.0,Germany,Female,39,8,0.0,2,1,1,170242.0,0
573.0,Germany,Male,19,2,18690.24,1,1,1,193763.49,0
569.0,France,Female,41,0,0.0,2,1,0,26559.19,0
634.0,Spain,Female,25,9,134453.63,2,1,1,174544.77,0
693.0,Germany,Female,51,9,222556.63,1,1,1,2014.88,1
682.0,France,Male,61,4,23138.13,2,1,1,191298.49,0
733.0,Spain,Male,41,3,0.0,2,1,1,126653.44,0
696.0,Spain,Male,44,7,56947.64,2,0,1,31798.52,1
769.0,Germany,Male,28,1,0.0,1,1,1,34062.51,0
643.0,France,Female,33,6,0.0,1,0,0,191567.25,0
740.0,France,Male,46,6,78731.85,2,0,0,42050.06,0
606.0,France,Male,62,0,0.0,1,1,0,120195.54,0
703.0,Spain,Female,38,3,0.0,1,1,1,59981.7,0
698.0,Spain,Female,38,2,44030.6,2,0,0,183143.47,0
619.0,Spain,Male,55,2,94020.34,2,1,0,130040.28,0
542.0,Spain,Male,36,7,0.0,1,1,1,99098.82,0
639.0,Spain,Male,50,9,20035.81,2,1,0,84392.9,0
567.0,Spain,Female,45,2,247461.74,1,1,0,94741.18,1
534.0,France,Female,18,7,88119.56,1,0,0,132159.41,0
555.0,France,Male,30,3,124770.61,2,0,0,47576.58,1
595.0,France,Female,35,7,10088.38,2,0,0,135846.23,0
682.0,Spain,Male,30,1,133608.53,1,1,1,66636.81,1
561.0,France,Male,41,7,105196.15,2,1,1,142572.44,0
596.0,Spain,Male,62,0,166282.81,1,1,0,35500.37,0
666.0,Spain,Female,36,1,155032.86,1,1,1,47419.53,0
611.0,Germany,Male,21,9,145313.48,2,1,1,175183.51,0
650.0,France,Male,46,2,104833.11,3,1,0,79201.52,1
688.0,France,Female,32,9,0.0,2,1,0,176656.11,0
671.0,France,Male,45,0,0.0,2,1,0,127207.39,0
709.0,France,Male,27,0,0.0,2,1,1,145762.21,0
643.0,Spain,Male,26,4,108538.51,2,0,0,117643.16,0
449.0,France,Male,18,1,19544.99,1,0,1,101841.05,0
741.0,Spain,Male,32,3,0.0,2,1,1,188298.1,0
659.0,France,Male,42,4,128591.54,2,1,1,127910.61,0
850.0,France,Female,29,9,57796.95,1,1,1,14308.99,0
581.0,Spain,Male,25,10,0.0,2,1,0,94518.93,0
619.0,Germany,Male,41,2,33333.17,2,0,0,193391.88,0
461.0,Spain,Female,38,2,114525.43,2,1,1,79129.18,0
705.0,Germany,Male,18,3,0.0,2,1,0,51814.63,0
637.0,France,Female,36,7,0.0,1,1,1,41378.01,0
766.0,France,Male,57,9,103166.91,1,1,0,46384.42,1
630.0,France,Male,42,4,73432.2,2,0,1,149355.07,0
617.0,France,Male,39,8,0.0,1,0,0,15648.64,0
609.0,Spain,Female,49,5,31325.44,1,1,0,61459.97,0
611.0,France,Female,47,5,115089.58,1,0,1,23672.33,0
588.0,France,Male,29,5,98272.94,1,1,1,191596.03,0
730.0,Germany,Male,52,2,0.0,2,0,1,133864.97,0
651.0,Germany,Male,28,3,0.0,1,1,1,10409.96,0
665.0,France,Female,32,9,92841.82,1,1,0,175359.68,0
709.0,France,Male,55,0,0.0,1,1,0,52609.5,1
672.0,France,Male,34,1,162119.0,2,1,0,191650.46,0
528.0,France,Male,50,1,0.0,1,1,1,63911.19,0
654.0,France,Female,32,1,0.0,1,0,1,184421.94,0
513.0,France,Female,42,1,0.0,1,1,1,117140.95,0
648.0,France,Female,34,2,125680.58,1,1,1,56933.04,0
708.0,Germany,Female,57,9,0.0,2,1,1,184992.86,0
694.0,France,Male,35,10,0.0,1,0,1,136609.99,0
640.0,Germany,Male,22,3,90951.98,2,0,0,80522.42,0
815.0,Germany,Male,20,2,126502.41,2,1,1,46434.84,0
644.0,Germany,Female,37,0,147129.6,1,1,0,198230.8,0
647.0,France,Female,50,4,789.32,1,0,1,184987.9,0
777.0,Spain,Male,18,2,0.0,1,1,1,147850.27,0
737.0,Spain,Female,44,5,107193.74,3,1,1,100458.81,0
850.0,France,Male,43,1,0.0,1,1,0,184297.31,0
826.0,Germany,Female,59,4,151256.42,1,1,0,80522.52,1
730.0,Germany,Female,40,8,0.0,1,1,1,142181.16,0
799.0,Germany,Male,23,9,96461.95,1,1,1,80531.75,1
735.0,Germany,Male,30,9,0.0,1,1,1,69067.14,0
642.0,France,Female,33,5,0.0,2,1,0,132462.43,1
724.0,Germany,Female,38,2,217580.79,1,1,1,12858.95,0
614.0,Germany,Female,46,7,46866.92,1,1,0,58614.4,1
681.0,France,Male,42,6,53304.36,2,0,1,149874.25,0
642.0,France,Female,45,10,68927.26,2,1,1,62081.37,0
509.0,Spain,Female,33,0,7004.79,1,1,1,61634.68,0
524.0,France,Female,58,7,36244.08,2,1,1,42581.26,0
665.0,France,Male,27,2,157190.59,2,1,1,137349.34,0
492.0,France,Female,19,10,58662.5,1,1,0,24201.94,0
695.0,Spain,Female,44,9,39755.32,2,0,1,187424.53,0
655.0,France,Female,32,10,118129.17,1,0,1,100631.5,0
588.0,Spain,Female,47,3,0.0,2,1,1,75233.23,0
719.0,France,Male,32,2,70370.51,1,1,1,118375.25,0
700.0,Germany,Female,18,1,50351.94,2,1,0,167488.66,0
733.0,Germany,Male,46,3,0.0,1,1,1,118180.7,0
643.0,France,Female,27,4,132546.37,1,1,0,6741.39,0
676.0,Germany,Female,38,1,61506.42,2,1,1,177058.7,0
595.0,Spain,Male,30,7,146700.34,2,1,1,37003.83,0
664.0,Germany,Male,56,3,0.0,1,0,1,88316.44,0
694.0,Spain,Male,42,10,56773.43,2,1,1,179291.86,0
649.0,France,Male,22,10,54312.3,1,1,0,15931.17,1
772.0,Spain,Male,35,7,0.0,1,1,0,58266.77,0
522.0,France,Male,42,7,0.0,2,1,0,154530.3,0
604.0,Spain,Female,46,0,0.0,1,1,0,139495.25,0
636.0,France,Female,28,6,0.0,1,1,1,87404.88,0
586.0,Germany,Female,50,8,194349.93,1,1,1,6674.37,1
615.0,France,Male,51,7,98443.46,2,1,1,128436.93,0
752.0,France,Male,18,0,0.0,2,1,1,67069.23,0
701.0,Spain,Male,31,4,136117.63,2,0,0,33585.57,0
496.0,Spain,Male,53,3,107425.75,2,1,1,44097.06,0
556.0,France,Female,41,1,0.0,1,1,1,65874.67,0
612.0,France,Female,65,1,111028.42,2,1,0,164678.2,0
688.0,Spain,Male,30,5,0.0,1,0,1,106697.26,0
648.0,France,Female,40,8,79445.01,2,0,0,55820.07,0
685.0,France,Male,45,5,37021.05,1,0,0,192020.87,0
658.0,Spain,Male,41,3,0.0,2,0,0,183244.0,1
670.0,Germany,Male,39,0,71657.23,2,1,1,136991.25,0
809.0,Germany,Female,54,1,213058.69,2,0,1,28248.8,1
490.0,France,Male,46,0,0.0,2,0,0,179650.84,0
714.0,Spain,Male,38,3,0.0,1,1,0,176762.63,0
764.0,France,Male,49,1,59536.88,2,1,1,92695.94,0
745.0,France,Male,43,6,0.0,2,1,0,119217.59,0
576.0,Germany,Male,23,9,0.0,2,1,1,157018.17,0
555.0,Spain,Female,34,10,0.0,1,1,0,20614.57,0
676.0,France,Male,35,2,68107.9,2,0,0,137977.05,0
656.0,Germany,Male,32,10,19848.41,2,1,0,44950.12,0
666.0,France,Male,41,6,0.0,1,1,1,100796.75,0
682.0,Germany,Female,41,2,81030.57,2,1,1,93236.76,0
653.0,Spain,Male,38,9,87033.6,1,1,0,11128.53,0
665.0,France,Male,32,7,0.0,2,0,0,133982.96,0
723.0,France,Female,37,9,125735.79,1,1,0,60219.64,0
696.0,France,Female,48,6,0.0,2,1,0,144781.05,0
554.0,Germany,Male,21,10,0.0,2,1,0,97705.23,0
754.0,Germany,Male,31,5,0.0,1,1,1,110749.12,0
540.0,Germany,Male,33,8,40405.3,2,0,1,138112.44,0
628.0,Spain,Male,54,3,0.0,1,1,1,110563.83,0
665.0,Spain,Male,41,8,89465.41,1,0,0,176102.38,0
618.0,Germany,Female,48,8,0.0,2,0,1,140718.41,0
723.0,Germany,Female,43,9,66052.68,1,0,1,157799.09,0
501.0,Spain,Male,42,1,0.0,2,1,0,171138.61,0
591.0,Spain,Male,40,6,0.0,1,1,1,7763.03,0
691.0,Germany,Female,18,8,151538.79,1,1,1,124372.15,0
597.0,Spain,Female,38,0,73395.64,1,1,1,23304.52,0
710.0,France,Male,28,9,71689.26,1,1,0,123244.37,0
669.0,France,Male,40,0,135397.53,1,1,0,74300.13,1
656.0,Spain,Male,40,3,257.83,1,1,0,4019.92,1
599.0,France,Female,29,0,0.0,1,0,1,127253.13,0
560.0,France,Male,26,5,100570.0,2,1,0,180526.77,0
636.0,Germany,Male,44,3,0.0,1,1,1,30433.9,0
700.0,Germany,Male,51,7,10283.65,1,1,1,133795.12,0
657.0,Spain,Female,26,8,104319.56,2,1,0,109046.81,0
706.0,Germany,Male,54,9,0.0,2,1,1,165065.2,0
649.0,France,Male,46,5,119225.75,2,1,1,140220.62,1
621.0,France,Male,24,8,111694.32,2,0,1,58312.29,0
662.0,France,Male,32,9,66224.14,2,1,0,144807.34,0
548.0,Spain,Female,18,3,247929.22,2,1,0,120911.53,1
498.0,Spain,Female,68,6,66404.02,2,0,0,34.74,1
689.0,Germany,Female,22,8,83893.04,2,1,1,190374.18,1
735.0,France,Female,33,9,0.0,1,1,1,21456.3,0
549.0,France,Male,49,8,123871.57,1,1,1,171676.91,1
775.0,France,Male,34,0,186832.95,1,1,0,115756.47,0
690.0,Germany,Female,55,1,0.0,2,1,0,102138.39,0
768.0,Spain,Female,38,0,0.0,1,1,0,84706.92,0
617.0,France,Female,54,1,92352.3,1,1,0,124087.59,0
697.0,Germany,Female,35,0,0.0,2,1,0,81275.01,0
685.0,Spain,Female,36,0,64464.06,2,1,0,172296.47,0
496.0,Spain,Male,21,0,200494.45,1,1,0,80253.58,0
686.0,Spain,Female,33,4,0.0,2,1,1,160102.26,0
653.0,France,Female,39,8,0.0,2,1,1,4907.01,0
595.0,Germany,Male,50,10,0.0,2,1,1,154433.44,0
461.0,Germany,Female,52,7,74696.22,2,1,1,83581.23,1
743.0,Germany,Male,34,3,0.0,2,0,1,82903.25,0
651.0,France,Male,34,9,96700.48,2,1,1,26228.42,0
610.0,France,Female,33,3,61889.85,1,1,0,57468.08,1
431.0,France,Female,46,5,0.0,2,1,0,151297.68,0
613.0,France,Female,30,3,62170.03,2,1,0,145240.22,0
835.0,Germany,Female,18,0,0.0,1,1,0,182313.53,1
621.0,France,Male,45,7,162482.83,1,1,0,96773.09,1
491.0,Spain,Female,49,5,0.0,3,0,0,152735.79,1
567.0,France,Female,37,2,0.0,1,0,1,148398.09,0
696.0,France,Female,42,2,0.0,1,0,0,90435.24,0
558.0,France,Male,32,0,136649.66,2,1,0,40410.5,0
686.0,France,Male,47,3,137845.4,1,1,0,64450.32,1
672.0,France,Female,34,6,71737.9,2,1,0,179823.51,0
683.0,Spain,Female,46,5,0.0,2,0,0,158022.89,0
704.0,France,Female,45,4,13883.04,2,1,0,106623.77,1
758.0,France,Female,36,1,113711.9,1,1,1,157982.42,1
659.0,France,Female,42,2,178927.08,1,0,0,82678.79,0
579.0,Germany,Female,49,1,87160.17,2,0,1,7553.88,1
440.0,France,Female,38,4,0.0,2,1,1,103024.1,0
671.0,Germany,Female,40,3,31397.48,1,0,0,184732.95,0
517.0,Spain,Male,36,4,51033.97,2,1,1,195906.24,0
555.0,France,Male,64,2,0.0,2,1,1,183991.42,0
579.0,France,Female,41,7,152306.86,2,1,0,64067.26,0
539.0,France,Female,42,0,25925.07,1,0,0,152046.65,0
743.0,Spain,Female,34,5,0.0,2,0,1,45390.7,0
694.0,Spain,Female,52,8,0.0,1,1,1,106359.25,0
550.0,France,Male,57,1,0.0,1,0,1,77908.6,0
598.0,Spain,Male,46,9,61714.63,2,1,1,56807.88,0
629.0,Germany,Female,24,9,0.0,1,0,1,120825.78,0
607.0,France,Female,42,9,86917.03,2,1,0,170234.93,0
648.0,France,Female,33,8,185888.47,2,1,0,80890.94,0
564.0,Spain,Male,29,6,50592.98,1,1,1,100524.06,0
697.0,Germany,Male,29,0,114166.78,1,0,0,125365.02,0
798.0,France,Male,48,6,41538.75,2,1,1,96273.3,0
743.0,France,Female,55,1,0.0,2,0,0,117181.76,0
760.0,France,Male,29,0,0.0,1,0,1,49222.34,0
778.0,Spain,Female,31,1,103904.61,2,1,1,46214.07,0
436.0,France,Male,27,0,0.0,2,1,0,27118.04,0
623.0,Germany,Male,36,5,0.0,1,0,0,98136.97,0
652.0,France,Male,44,10,0.0,2,1,0,80355.38,0
594.0,Spain,Female,33,7,0.0,2,0,0,174436.34,0
606.0,Spain,Female,54,5,0.0,2,0,0,181377.59,0
443.0,Spain,Female,28,0,0.0,1,1,1,168463.18,0
835.0,France,Female,48,0,0.0,1,1,1,178451.96,0
631.0,Spain,Female,21,2,103511.14,1,1,0,65344.88,0
849.0,France,Female,41,4,137563.26,1,0,1,193320.74,0
636.0,France,Male,28,3,11094.02,1,1,1,17822.98,0
652.0,France,Male,19,8,204151.19,1,1,1,153400.63,0
687.0,France,Male,51,2,0.0,1,1,0,36350.69,0
706.0,France,Female,44,10,0.0,1,1,1,176768.6,0
629.0,France,Female,38,5,155360.12,2,1,1,148063.46,0
432.0,Germany,Female,38,8,0.0,1,1,1,39042.29,1
726.0,France,Female,24,4,101517.67,1,0,0,131216.69,0
702.0,Germany,Female,32,3,0.0,1,1,0,72578.92,0
615.0,Spain,Male,30,1,76189.66,1,0,1,114479.11,0
672.0,France,Female,45,9,108101.79,1,1,0,121447.49,1
543.0,Spain,Male,23,4,72603.39,2,1,0,66636.18,0
598.0,Spain,Female,43,3,0.0,1,0,0,80363.64,0
684.0,Germany,Female,29,5,0.0,1,1,0,133570.16,1
501.0,Germany,Male,40,2,109685.36,1,1,1,10815.83,0
491.0,Spain,Male,30,5,0.0,1,1,0,86439.29,0
544.0,Germany,Male,34,7,136054.15,2,1,1,112066.91,0
786.0,France,Female,27,5,126574.34,1,1,1,54720.22,0
776.0,Germany,Male,58,5,0.0,1,1,1,176465.34,0
638.0,Spain,Female,42,3,0.0,1,1,0,27659.66,1
850.0,France,Male,37,4,0.0,1,1,1,136698.17,0
395.0,France,Male,44,0,140274.41,4,1,0,107603.12,1
511.0,France,Male,38,7,108500.57,1,1,1,62615.12,1
644.0,France,Male,36,1,37432.6,1,0,1,83399.3,0
594.0,Spain,Male,42,5,0.0,1,1,1,95208.69,0
758.0,Spain,Female,40,3,0.0,2,0,1,197833.26,1
696.0,Spain,Male,55,7,0.0,1,1,1,124032.69,0
544.0,Spain,Female,53,5,104955.79,2,0,0,37479.9,1
651.0,France,Female,53,3,163155.57,2,1,0,2913.69,1
645.0,France,Female,31,0,111640.97,1,0,0,147103.53,0
674.0,France,Female,34,5,117178.21,2,1,1,186341.82,1
500.0,Spain,Male,30,1,93011.33,2,1,1,85277.06,0
670.0,Spain,Female,59,2,207668.52,2,0,1,178522.3,0
727.0,Germany,Male,18,10,126691.68,2,1,0,1305.57,1
705.0,Spain,Female,26,3,0.0,1,1,1,88721.67,0
850.0,Germany,Male,30,6,0.0,2,1,0,12044.99,0
559.0,France,Female,35,4,0.0,2,1,0,64439.68,1
730.0,Germany,Male,44,0,38677.9,2,1,0,135448.01,1
756.0,France,Male,55,8,0.0,1,0,0,124612.97,0
689.0,France,Female,44,10,0.0,1,1,1,20838.11,0
819.0,France,Male,41,2,106693.29,1,1,0,154584.29,1
686.0,Germany,Female,26,2,86251.79,2,1,1,174602.99,0
782.0,France,Female,31,2,46611.22,2,1,0,193208.75,0
383.0,France,Female,52,8,141119.37,3,1,1,48018.19,1
649.0,France,Male,31,1,107271.26,1,0,1,171051.04,0
788.0,France,Male,18,8,154461.54,2,1,1,78308.82,0
710.0,France,Male,31,1,0.0,1,0,1,87921.43,0
557.0,Spain,Male,44,3,41236.34,2,1,0,21969.6,0
650.0,France,Female,35,7,47518.13,3,1,0,113497.25,1
602.0,Spain,Male,39,2,154225.93,2,1,1,72141.32,0
559.0,Germany,Male,48,10,78887.74,2,0,0,32689.57,1
735.0,Germany,Male,40,4,0.0,1,0,1,160309.87,0
543.0,Germany,Female,19,10,0.0,1,1,0,167016.73,0
657.0,France,Male,49,6,130867.96,1,1,1,106388.56,0
742.0,Germany,Male,26,3,83187.46,1,0,0,129362.89,0
744.0,Spain,Female,45,10,0.0,1,0,0,60981.44,0
621.0,Germany,Female,38,4,71371.02,1,1,0,106504.53,1
750.0,France,Female,54,2,44547.26,2,0,1,43143.55,1
841.0,Spain,Female,55,9,158816.8,1,1,0,190180.73,0
584.0,Germany,Male,59,9,0.0,2,1,1,154264.25,0
753.0,Germany,Female,31,4,36481.64,1,1,1,74869.33,1
780.0,France,Male,39,5,0.0,2,0,0,134553.07,0
537.0,Germany,Male,41,1,0.0,2,1,0,21559.99,0
581.0,Germany,Male,52,2,202654.27,1,0,0,119238.43,1
584.0,France,Female,68,9,102018.91,3,1,1,50666.7,0
554.0,Germany,Female,31,6,117139.88,2,1,1,157772.63,0
582.0,Germany,Female,38,7,0.0,2,1,0,85567.11,0
616.0,Germany,Female,46,8,205770.55,2,1,0,107316.61,1
705.0,Germany,Male,44,6,102784.73,1,0,0,182424.44,1
557.0,France,Male,35,10,0.0,2,0,0,114987.73,0
654.0,Spain,Male,40,8,109359.69,1,1,0,170709.3,0
616.0,Germany,Male,43,4,88737.26,1,0,0,41494.64,0
486.0,France,Male,33,10,0.0,1,1,0,105645.73,0
387.0,France,Male,22,8,60523.55,2,1,1,69170.08,0
720.0,France,Female,38,7,167179.19,1,1,0,43274.64,1
667.0,France,Female,35,10,105953.19,2,1,0,146926.74,0
470.0,France,Male,29,9,84376.36,2,1,1,40904.84,0
716.0,France,Female,19,10,103674.28,1,0,0,132724.14,1
850.0,Spain,Male,27,1,147618.63,2,0,1,155961.3,0
664.0,Spain,Male,36,0,48027.66,1,0,1,53880.28,0
634.0,France,Male,51,6,71066.62,2,1,1,171514.36,0
779.0,France,Male,31,2,105034.87,1,0,1,195404.67,0
554.0,Germany,Male,43,7,192076.07,1,1,0,184227.83,0
654.0,Spain,Female,38,8,117961.84,1,1,0,165746.59,1
776.0,Germany,Female,39,9,40213.25,2,0,1,706.8,0
687.0,France,Female,46,8,125588.12,2,1,1,42841.78,0
648.0,France,Female,42,9,118965.61,1,0,1,34069.1,0
789.0,Spain,Male,33,0,0.0,1,1,0,146380.65,0
564.0,France,Female,36,8,0.0,3,1,1,69592.1,0
603.0,Germany,Female,33,2,0.0,1,1,0,29130.77,1
791.0,Germany,Female,24,3,0.0,2,1,0,66278.4,0
603.0,France,Male,20,10,130341.56,2,1,0,91942.07,0
620.0,Spain,Female,63,1,41759.35,2,0,1,112832.59,0
471.0,Germany,Female,23,10,0.0,1,0,1,165109.16,0
780.0,France,Male,48,4,0.0,1,1,0,67249.77,0
691.0,Spain,Female,44,5,104698.91,2,1,0,20182.53,0
532.0,France,Female,31,1,0.0,1,0,1,157245.1,0
664.0,Spain,Male,41,4,124907.64,2,0,0,128166.34,0
650.0,France,Female,53,10,0.0,1,0,1,21319.92,0
683.0,Germany,Female,33,1,194755.26,1,0,1,186255.3,0
763.0,France,Female,50,5,61499.25,1,0,0,114687.91,1
621.0,France,Male,48,2,82421.23,1,0,0,154341.38,0
850.0,France,Male,33,1,148093.79,1,1,0,71023.86,1
845.0,Spain,Male,33,9,0.0,1,1,0,14118.41,0
495.0,Spain,Male,21,3,90139.1,1,1,1,147656.79,0
641.0,Germany,Male,44,10,0.0,1,1,1,52550.7,0
651.0,Germany,Female,40,9,167058.01,1,1,1,93389.64,0
511.0,France,Female,34,3,138907.83,1,0,0,168624.99,1
591.0,France,Female,64,1,116519.24,1,0,0,189472.13,1
815.0,Germany,Male,32,4,0.0,1,1,0,162909.33,1
706.0,Spain,Male,42,3,0.0,2,0,1,68923.35,0
733.0,Spain,Female,44,7,69823.89,2,1,1,145810.08,0
489.0,France,Male,37,1,181632.13,2,1,0,104456.65,0
643.0,France,Male,19,10,151779.04,2,0,1,191641.31,0
703.0,Germany,Male,44,10,98581.55,1,1,0,58365.58,1
673.0,France,Female,53,6,78960.27,2,0,1,181558.69,0
630.0,France,Female,42,2,0.0,2,1,0,177225.29,1
495.0,France,Male,49,7,195226.97,1,1,0,105719.61,1
666.0,France,Male,40,1,52091.54,1,0,0,149277.51,0
737.0,Spain,Male,36,8,71167.09,1,1,0,105866.61,1
510.0,France,Male,31,0,183386.68,1,0,1,88053.27,0
733.0,France,Male,21,9,6793.68,2,1,0,185739.65,0
634.0,France,Male,45,0,93702.38,1,0,0,118088.08,0
610.0,Germany,Male,24,9,221759.09,2,0,0,12790.52,1
671.0,Germany,Female,34,5,194607.35,1,0,1,11511.98,0
564.0,France,Male,20,0,51790.15,2,1,1,113684.87,0
650.0,Spain,Male,48,2,0.0,1,1,0,52467.76,0
489.0,France,Female,24,2,38056.25,2,1,1,152081.98,0
644.0,Spain,Male,52,2,204679.67,2,1,1,113899.03,0
698.0,France,Female,78,0,0.0,2,1,1,9813.63,0
689.0,France,Female,44,8,67373.43,1,1,0,145875.32,0
639.0,France,Male,38,6,0.0,1,1,1,176508.78,0
681.0,Germany,Male,32,6,109579.75,1,1,1,133657.27,0
661.0,Spain,Male,41,2,0.0,1,0,1,14476.44,0
769.0,France,Male,29,4,62752.33,2,1,1,167503.64,0
743.0,Germany,Male,57,1,0.0,2,1,1,52861.48,0
642.0,France,Male,32,9,159769.44,1,1,1,139884.51,0
693.0,Spain,Male,34,3,191091.82,2,1,0,178558.8,0
655.0,France,Male,51,7,0.0,2,0,1,33489.85,0
622.0,France,Male,36,2,93660.84,2,1,0,49895.09,1
646.0,Germany,Female,40,9,186526.15,1,0,1,187426.64,1
643.0,Germany,Male,42,5,59439.77,1,1,1,105417.97,0
666.0,France,Male,51,3,0.0,1,0,0,114468.58,0
711.0,Germany,Female,59,6,126530.28,2,1,1,94521.79,1
515.0,Spain,Female,39,7,0.0,1,1,0,83281.38,0
611.0,Spain,Male,36,8,74899.71,2,1,1,199034.71,0
616.0,France,Male,50,7,50036.77,1,1,0,186992.08,0
585.0,France,Male,49,9,0.0,1,1,0,16806.84,1
649.0,France,Male,26,9,8239.09,1,1,1,100474.82,0
699.0,Spain,Female,25,7,0.0,1,0,0,123078.66,0
603.0,France,Female,38,1,85743.04,1,1,1,64323.29,0
522.0,France,Female,37,8,17413.18,2,1,1,53070.27,0
612.0,France,Male,37,0,107376.15,2,1,0,182210.77,0
607.0,Spain,Male,33,2,127077.81,2,1,0,42019.23,0
436.0,Spain,Male,40,2,45511.85,2,0,1,47310.07,0
670.0,France,Female,53,6,125849.72,1,0,1,178580.44,0
569.0,France,Male,29,8,0.0,2,0,1,87830.56,0
592.0,Germany,Male,41,9,54528.15,1,1,1,174934.23,0
638.0,France,Male,50,10,148264.3,1,1,1,89839.85,1
522.0,Spain,Male,40,5,96221.61,2,0,1,31870.58,0
492.0,France,Female,45,3,0.0,2,0,0,39054.05,0
655.0,France,Female,32,6,0.0,3,0,1,128982.67,0
717.0,France,Female,42,5,0.0,2,1,0,145708.03,0
583.0,France,Female,29,9,91765.17,2,1,0,65778.73,0
668.0,Germany,Female,45,0,0.0,2,1,0,36847.48,1
628.0,Spain,Male,46,2,0.0,1,1,0,146926.23,1
602.0,France,Female,36,8,107659.57,2,0,0,21495.73,0
584.0,Spain,Female,38,4,0.0,1,1,0,91397.8,1
694.0,Spain,Female,52,3,253002.06,1,1,1,90952.72,1
693.0,France,Female,59,4,21907.97,2,1,1,112425.62,1
768.0,France,Female,49,1,0.0,1,1,0,145824.89,1
692.0,Spain,Female,44,1,0.0,2,1,1,148001.0,0
795.0,France,Male,31,6,0.0,1,1,0,120385.27,1
541.0,Spain,Male,25,3,0.0,1,1,1,198204.37,0
663.0,Spain,Female,27,5,0.0,1,1,0,44179.91,0
671.0,France,Male,24,1,94371.6,1,1,1,131415.01,0
547.0,Spain,Male,36,4,187713.35,1,1,0,99365.03,0
734.0,Spain,Female,25,9,9353.9,1,1,0,89358.4,0
713.0,France,Male,22,4,103447.34,1,1,1,146658.83,0
720.0,Germany,Female,67,8,0.0,1,1,0,23967.85,1
850.0,Spain,Female,42,3,127130.21,2,0,0,146777.38,0
630.0,Spain,Female,50,2,89427.53,2,0,0,79663.84,1
713.0,France,Male,46,5,0.0,2,1,0,43629.09,0
732.0,Spain,Male,38,6,111396.76,2,1,1,41827.94,0
551.0,France,Female,45,2,170260.48,1,1,0,135331.17,1
702.0,France,Male,42,4,141659.38,2,1,0,182450.62,0
850.0,Germany,Female,24,4,97872.42,1,1,0,168817.18,0
580.0,Spain,Female,30,9,41778.8,1,1,0,189228.03,0
463.0,Germany,Male,52,2,0.0,1,1,1,134670.0,0
601.0,France,Female,59,7,98713.43,2,1,1,58119.06,0
722.0,France,Male,61,1,93409.25,1,1,0,170379.1,0
721.0,Germany,Female,37,5,0.0,1,1,0,121933.91,1
408.0,France,Male,40,0,93635.1,2,1,0,159554.57,0
544.0,France,Male,37,5,0.0,2,1,0,151101.54,1
773.0,Spain,Female,33,7,0.0,1,0,1,73676.16,0
606.0,Germany,Female,44,10,18361.15,2,1,0,151938.4,0
735.0,France,Female,35,10,0.0,1,1,1,11987.3,0
631.0,France,Male,25,5,119582.55,2,1,1,53793.62,0
628.0,France,Female,45,0,94713.82,1,1,0,187383.59,0
633.0,Spain,Male,33,1,0.0,2,1,0,121433.11,0
656.0,Spain,Female,60,10,107188.67,2,1,0,174954.66,0
666.0,Germany,Male,42,7,95167.06,2,1,0,148285.99,0
481.0,Spain,Male,53,5,0.0,1,1,1,705.72,0
808.0,France,Male,37,8,122580.63,2,1,1,90999.18,0
616.0,Spain,Female,55,1,0.0,2,1,0,26829.44,0
401.0,France,Female,31,9,0.0,2,1,0,135536.97,0
646.0,Spain,Male,46,9,0.0,1,0,1,134866.25,0
701.0,France,Male,26,2,37406.71,3,0,0,62258.0,1
580.0,Spain,Female,34,8,0.0,2,0,0,28094.57,0
691.0,France,Male,30,2,0.0,1,1,0,167857.98,0
556.0,Germany,Male,43,4,55393.74,1,1,1,66987.0,1
631.0,France,Male,53,7,124915.61,1,1,0,187324.9,1
609.0,Germany,Female,38,5,0.0,1,0,1,51514.0,0
850.0,France,Male,46,5,92753.97,1,0,0,183798.22,0
634.0,France,Female,39,5,146808.44,1,0,1,130903.47,0
615.0,Germany,Male,62,5,68525.61,2,0,1,198572.03,0
549.0,France,Female,48,6,17473.35,2,0,0,152290.26,1
674.0,Spain,Male,33,9,89164.48,2,1,0,151204.85,0
732.0,Spain,Male,32,2,0.0,1,1,0,4708.11,0
694.0,Spain,Female,42,2,189926.43,2,0,0,48635.25,0
605.0,Germany,Male,30,7,145573.15,1,0,0,78755.1,0
766.0,France,Male,34,0,83857.37,2,1,1,131784.74,0
587.0,Germany,Male,25,8,0.0,3,1,1,172904.47,1
644.0,France,Male,47,2,0.0,1,1,1,191271.69,0
571.0,Germany,Male,18,6,0.0,2,0,0,36409.14,1
695.0,Spain,Male,31,9,53875.94,1,1,1,189464.64,0
568.0,Germany,Male,44,10,0.0,1,1,0,163599.26,1
610.0,Germany,Female,48,0,94107.01,2,1,1,175953.9,0
612.0,Spain,Female,54,2,0.0,2,1,1,116376.63,0
757.0,Germany,Male,36,9,68949.05,1,1,0,112317.43,1
545.0,France,Male,33,0,28403.0,1,1,1,16685.16,0
698.0,Spain,Male,34,8,0.0,2,1,1,23554.3,0
708.0,Germany,Male,23,10,0.0,2,0,1,170555.23,0
661.0,Spain,Female,33,2,0.0,1,1,0,14015.47,0
786.0,France,Male,49,2,160871.05,2,1,1,116780.6,0
763.0,France,Female,61,7,72023.23,2,1,1,619.54,0
671.0,Spain,Male,42,1,0.0,2,1,1,29952.93,1
723.0,Spain,Male,55,10,0.0,1,0,1,158911.97,0
678.0,France,Male,21,2,128370.61,1,1,1,60057.9,0
625.0,France,Female,30,7,116470.07,1,1,1,89194.51,0
528.0,Spain,Female,48,6,105485.15,2,1,0,25856.82,0
563.0,Spain,Male,53,5,186483.59,1,0,0,122542.6,1
703.0,Germany,Male,18,2,47961.3,1,0,0,187546.86,0
714.0,Germany,Female,23,9,129769.76,2,1,1,122176.61,0
619.0,Spain,Male,31,6,3257.82,1,1,0,150538.88,0
772.0,France,Male,45,4,75393.6,1,1,0,191041.08,1
536.0,France,Female,52,3,157133.06,1,1,1,82261.55,1
773.0,Spain,Male,31,7,0.0,1,1,1,180039.63,0
634.0,Spain,Female,55,9,0.0,1,1,0,185444.03,0
653.0,Spain,Male,43,9,121836.27,2,1,1,187293.17,1
578.0,France,Male,43,8,0.0,2,1,1,319.9,0
654.0,Spain,Male,35,8,133733.17,1,1,0,56267.03,1
723.0,France,Male,37,10,90608.68,2,0,0,184926.04,1
719.0,Germany,Male,45,2,107353.92,2,0,1,118514.64,0
538.0,France,Female,46,2,0.0,2,1,1,179988.85,0
732.0,France,Male,35,7,9576.86,2,1,0,110603.36,0
604.0,France,Female,48,8,199466.32,1,1,1,111505.01,0
645.0,France,Male,27,5,8356.17,1,0,0,82897.01,0
572.0,France,Male,41,8,0.0,2,1,1,57602.47,0
779.0,Germany,Female,51,8,0.0,1,1,0,8806.76,0
602.0,France,Male,31,6,168664.08,3,0,1,144603.21,1
570.0,Spain,Male,39,5,172839.02,1,1,1,128072.2,0
695.0,Germany,Female,43,8,123572.65,1,0,0,135327.95,1
582.0,Germany,Male,32,0,141435.69,1,1,1,83897.22,0
524.0,Germany,Female,30,7,0.0,1,1,0,47307.63,0
542.0,France,Male,22,2,51227.63,1,1,0,145251.44,0
525.0,France,Female,52,0,0.0,1,1,1,198278.1,1
618.0,Spain,Female,31,4,153866.6,1,1,0,93910.07,0
574.0,France,Female,21,10,199014.06,1,1,0,25718.04,1
533.0,Spain,Male,47,6,0.0,1,1,1,93568.95,0
600.0,France,Female,43,4,116396.12,1,1,0,78502.03,1
709.0,France,Female,24,8,0.0,1,1,0,10056.61,0
684.0,France,Female,27,9,241548.12,2,0,1,65907.91,0
651.0,Spain,Male,50,5,0.0,1,0,0,87232.52,1
639.0,France,Male,59,9,36639.49,1,1,0,83193.61,1
755.0,France,Male,37,10,0.0,1,1,1,179265.09,0
608.0,Germany,Male,36,10,0.0,1,1,0,89241.52,0
738.0,Spain,Female,40,10,0.0,2,1,1,27898.57,0
561.0,France,Female,37,8,200674.63,2,0,0,130615.79,0
689.0,Spain,Male,38,9,178590.22,1,1,0,39049.97,1
745.0,France,Female,38,10,0.0,1,1,0,63866.86,0
652.0,France,Male,37,9,117395.99,1,1,1,99394.16,0
817.0,Germany,Male,52,1,129838.23,1,1,1,51376.9,1
850.0,France,Male,43,5,116543.86,1,1,1,65624.03,0
675.0,Germany,Female,43,4,139943.04,2,1,1,191350.51,1
656.0,France,Male,38,9,214015.27,2,1,0,46091.91,1
654.0,France,Male,36,7,0.0,1,0,1,151264.32,1
608.0,Spain,Male,31,6,0.0,1,1,1,84375.87,0
746.0,France,Female,41,9,102987.63,1,1,1,86633.76,0
509.0,France,Male,41,5,169953.43,1,0,1,198828.17,0
638.0,Germany,Male,23,9,96702.24,1,1,0,63165.09,0
617.0,France,Male,35,5,132686.77,1,1,0,175359.89,0
678.0,Germany,Male,39,9,83824.96,1,1,1,35355.92,0
662.0,France,Female,45,8,0.0,1,0,0,104556.44,0
843.0,France,Female,20,9,114950.6,2,0,0,97603.36,0
624.0,France,Female,18,2,0.0,2,0,1,94071.56,0
627.0,France,Female,36,6,0.0,2,1,1,69574.32,0
679.0,Germany,Male,31,1,149088.34,2,0,1,150344.62,0
719.0,Germany,Female,20,0,0.0,2,1,0,115847.18,1
545.0,France,Male,25,10,33343.97,2,0,0,47324.25,0
764.0,Germany,Male,35,0,0.0,2,1,1,133540.46,0
566.0,Spain,Male,40,1,0.0,1,1,0,7610.73,0
703.0,France,Male,43,10,135631.89,2,0,1,108963.39,0
539.0,Spain,Male,38,8,71244.49,1,1,0,153266.76,0
533.0,France,Male,32,5,25354.85,1,0,0,60447.22,0
661.0,France,Male,42,4,0.0,2,1,1,112077.62,0
676.0,Spain,Female,63,6,76065.27,2,1,1,125325.24,0
614.0,Germany,Female,42,9,92692.19,2,1,0,37762.56,0
597.0,France,Female,49,0,0.0,1,1,0,93736.12,0
850.0,France,Female,39,8,37203.92,1,1,0,139215.61,0
630.0,France,Female,56,1,169042.74,1,1,1,11712.43,1
664.0,Spain,Female,39,1,67270.21,1,1,1,171117.48,0
586.0,Germany,Female,49,6,0.0,2,1,0,12611.61,0
702.0,Spain,Female,23,0,125387.19,1,1,1,31005.04,0
600.0,Spain,Female,47,2,0.0,1,0,1,187265.21,0
666.0,France,Male,43,9,107508.14,2,1,1,135706.34,0
593.0,Spain,Male,42,0,131254.14,1,1,1,159607.07,0
718.0,France,Male,29,6,182148.53,1,0,0,160215.67,0
465.0,Germany,Male,44,5,189045.14,1,0,1,129390.59,0
491.0,France,Female,37,4,69642.68,2,1,0,82220.15,0
709.0,Spain,Male,38,4,59437.9,1,1,1,80122.22,0
598.0,Germany,Female,45,3,197076.88,2,1,0,102994.91,0
654.0,France,Male,38,6,0.0,2,0,1,57706.24,0
796.0,France,Female,21,5,0.0,1,1,0,77430.61,0
662.0,France,Female,27,6,0.0,1,1,0,127607.47,0
689.0,France,Female,50,10,120449.76,1,0,0,197272.1,0
491.0,Germany,Male,28,10,143522.43,1,0,1,59816.72,0
757.0,France,Male,25,7,183067.82,3,0,1,4177.32,0
731.0,Germany,Female,38,4,0.0,1,0,0,695.7,0
559.0,France,Male,32,9,2038.35,2,1,0,42971.34,0
640.0,Spain,Male,39,9,147027.25,1,0,0,23974.08,0
836.0,France,Male,61,0,0.0,2,1,0,116913.43,0
777.0,Spain,Male,38,5,205973.6,2,1,0,196977.0,1
745.0,Spain,Male,32,0,164032.31,2,1,0,157145.1,1
723.0,Spain,Female,42,2,110061.64,1,0,0,40480.98,1
679.0,Spain,Female,36,1,0.0,2,1,1,130658.07,0
758.0,France,Male,48,4,89870.73,2,0,1,178715.34,0
586.0,Spain,Male,57,6,57781.56,2,0,1,41558.67,0
582.0,Germany,Male,42,6,195707.5,2,1,0,168856.81,1
609.0,Germany,Male,41,0,64596.43,2,1,0,169013.01,0
525.0,Spain,Male,44,4,0.0,2,0,0,179761.02,0
630.0,France,Female,60,9,0.0,1,1,1,38154.64,0
599.0,France,Male,42,8,148842.65,1,0,0,171200.86,1
715.0,Spain,Male,40,7,117922.72,2,1,1,120319.04,0
579.0,Spain,Male,25,2,0.0,1,1,1,170712.93,0
736.0,France,Male,43,4,102249.37,2,1,0,106743.58,0
592.0,Germany,Female,53,9,72499.95,1,1,1,55721.53,1
721.0,France,Female,59,2,111847.1,2,1,1,147419.81,0
359.0,Germany,Male,43,0,0.0,1,1,0,11863.33,1
562.0,France,Male,53,5,48594.57,1,1,0,125843.88,0
570.0,Spain,Male,30,0,0.0,2,1,1,31440.56,0
695.0,Spain,Male,48,8,0.0,1,0,1,193955.06,0
677.0,France,Male,36,4,0.0,1,1,1,14854.28,0
850.0,Germany,Male,42,10,7565.98,2,1,0,150214.81,0
669.0,France,Male,44,1,0.0,1,1,1,169572.52,0
606.0,France,Male,31,10,77563.35,1,0,1,47402.35,0
575.0,France,Male,26,6,0.0,2,1,1,172075.87,0
647.0,France,Male,27,4,0.0,2,1,0,100844.19,0
719.0,France,Female,32,7,128529.37,1,1,0,94933.0,0
642.0,Spain,Male,29,2,173004.74,3,1,0,70168.14,1
732.0,France,Female,25,6,148850.67,3,1,1,161181.3,0
736.0,Spain,Male,29,0,136975.26,1,1,1,129761.28,0
675.0,Germany,Female,42,8,0.0,1,1,0,49377.59,0
600.0,Germany,Female,42,5,97068.54,2,1,1,107227.77,0
506.0,Spain,Female,47,10,0.0,1,1,0,88642.6,0
724.0,France,Female,25,2,43449.72,1,1,1,144599.28,0
590.0,France,Female,47,10,34832.4,2,0,1,107918.55,0
692.0,France,Male,36,3,128644.29,2,0,1,9705.74,0
804.0,Spain,Female,37,3,101758.56,2,0,0,69986.64,0
487.0,Spain,Female,46,4,157429.67,1,1,1,161000.24,0
708.0,Spain,Male,45,0,139645.71,2,0,0,117754.94,0
640.0,France,Female,25,5,142595.22,1,1,1,175771.39,0
564.0,France,Male,36,7,0.0,1,1,1,86480.17,0
800.0,France,Female,30,5,19533.44,1,1,0,94807.72,0
537.0,Germany,Male,47,2,0.0,1,0,0,151134.77,0
530.0,Spain,Female,38,2,188399.92,2,1,1,22585.08,0
740.0,Germany,Female,37,2,131792.11,1,1,0,159950.05,1
610.0,Spain,Female,59,4,52209.59,1,0,0,93033.41,0
496.0,France,Male,33,7,92181.5,1,0,1,126672.32,0
647.0,France,Female,35,5,89331.72,1,1,0,56306.78,0
743.0,France,Male,52,5,144374.64,1,1,1,104801.48,1
850.0,Germany,Female,45,0,33896.25,2,1,1,36468.25,1
753.0,Spain,Male,42,9,0.0,1,1,1,17845.84,0
775.0,Germany,Male,42,7,98856.27,1,0,0,74004.01,0
517.0,France,Female,39,3,0.0,1,1,0,189540.67,0
628.0,Spain,Male,31,2,0.0,1,0,1,158754.78,0
718.0,France,Female,46,1,31712.6,2,1,0,104371.31,0
615.0,Spain,Male,30,9,0.0,2,0,0,54822.19,0
736.0,France,Female,43,3,67515.37,2,1,1,106409.45,0
626.0,Spain,Male,59,8,115710.11,2,1,0,194103.08,1
535.0,Germany,Male,44,7,121460.89,2,1,0,86972.52,0
794.0,France,Female,35,5,0.0,1,1,0,74923.4,0
455.0,Spain,Male,43,4,115025.61,1,1,1,13219.46,0
494.0,France,Female,21,10,141050.41,1,1,0,159311.38,0
657.0,Germany,Female,50,0,125730.1,1,1,1,97494.16,0
739.0,Spain,Female,24,8,28570.37,1,1,1,51582.4,0
794.0,France,Male,37,5,38653.53,1,1,0,125482.62,1
689.0,France,Female,27,8,57729.17,1,0,1,65099.76,0
624.0,Spain,Male,29,1,0.0,1,1,0,43222.57,0
606.0,France,Female,38,7,11567.99,1,0,1,52062.18,0
743.0,France,Male,39,0,142118.83,2,1,0,112050.14,0
726.0,France,Male,30,5,88229.43,1,1,1,14035.28,0
640.0,France,Male,27,2,0.0,2,0,1,92555.34,0
626.0,Germany,Male,37,3,0.0,2,0,0,125785.48,0
668.0,France,Female,22,8,226169.38,2,1,0,51378.95,1
667.0,Spain,Male,38,6,76313.6,2,1,1,84763.46,1
726.0,Spain,Female,29,6,0.0,1,0,0,37128.88,0
560.0,France,Male,24,0,87201.58,1,1,0,154661.02,0
702.0,France,Female,42,4,111765.08,1,0,1,165488.02,0
435.0,Germany,Female,29,2,95787.55,1,1,0,104382.01,1
733.0,France,Female,29,9,72791.51,1,1,1,1060.95,0
718.0,France,Male,42,0,160553.72,1,0,0,191576.77,0
397.0,France,Male,45,3,0.0,2,1,0,79233.5,0
552.0,Spain,Female,42,6,79959.54,2,0,0,50071.2,0
594.0,France,Female,31,7,160392.34,2,1,1,136482.06,1
724.0,France,Male,23,8,36888.36,2,1,0,80414.69,0
850.0,France,Female,28,10,0.0,1,1,0,181003.18,0
671.0,Germany,Female,48,1,69414.13,1,1,0,166195.1,1
707.0,Germany,Male,21,7,140056.02,1,1,0,182272.26,0
623.0,France,Male,60,1,44779.32,2,1,1,199373.89,0
763.0,Spain,Male,22,6,136118.48,1,1,0,89054.28,1
778.0,France,Female,54,4,0.0,2,0,1,174813.78,0
695.0,Spain,Male,39,6,78549.04,1,0,1,141924.57,0
538.0,France,Male,40,4,42738.08,2,1,0,54814.4,0
743.0,France,Male,38,4,0.0,2,0,1,145480.91,0
727.0,Spain,Female,36,8,11232.6,1,0,1,121127.39,0
670.0,Germany,Male,29,4,103798.68,2,1,1,188604.59,0
657.0,France,Female,41,10,191151.46,2,0,0,89895.31,1
609.0,Germany,Male,38,3,93761.32,2,0,1,184831.93,1
562.0,Germany,Male,44,9,178335.07,2,1,0,163222.28,0
698.0,France,Male,41,6,0.0,1,1,1,194049.43,0
663.0,France,Male,47,0,183834.29,2,1,0,23020.62,0
532.0,France,Male,29,3,92428.46,2,1,1,76994.74,0
562.0,France,Female,25,6,0.0,1,1,0,191381.89,1
629.0,Spain,Female,52,7,0.0,1,1,1,69582.09,0
586.0,France,Male,34,5,32516.65,1,1,1,182630.98,0
626.0,Germany,Female,44,0,88307.23,2,1,1,149634.29,0
600.0,Germany,Male,43,5,192831.39,2,1,0,28740.57,0
764.0,Spain,Female,21,3,26963.05,1,1,1,163125.83,0
672.0,Germany,Male,51,7,75592.38,1,1,1,174340.31,0
751.0,Spain,Male,23,7,0.0,1,0,1,47545.42,0
666.0,France,Female,49,10,130453.82,2,1,0,197607.57,0
601.0,Germany,Female,50,8,145848.21,1,1,1,166864.51,0
609.0,France,Male,44,8,0.0,1,0,1,193503.33,0
619.0,France,Female,28,9,152734.92,1,1,0,16201.56,0
627.0,Germany,Male,34,9,113429.49,1,1,1,59634.76,0
771.0,Germany,Male,37,2,0.0,1,1,0,25800.81,0
618.0,France,Female,31,3,0.0,1,1,1,138379.89,0
366.0,Spain,Female,23,0,0.0,1,0,1,111284.51,0
699.0,Spain,Female,37,1,0.0,1,1,0,107016.21,0
783.0,Germany,Female,60,1,77710.89,3,0,1,186771.05,1
587.0,Spain,Male,52,1,0.0,2,1,1,117903.24,0
555.0,France,Female,36,6,121563.1,2,1,0,65453.94,0
654.0,Germany,Male,51,6,0.0,2,0,1,109628.85,0
660.0,Spain,Male,26,0,0.0,1,1,1,171458.79,0
647.0,Germany,Male,40,1,78009.42,1,1,1,145235.76,0
676.0,Spain,Male,18,3,992.75,1,1,1,131766.2,0
579.0,Spain,Female,32,5,130566.94,1,0,0,158481.98,1
583.0,France,Female,54,8,106075.44,1,0,0,31638.15,0
811.0,France,Female,46,4,0.0,1,1,1,44561.11,0
650.0,France,Female,36,9,125244.25,2,1,0,17217.99,0
501.0,Spain,Female,50,1,164820.04,2,1,1,183289.35,0
462.0,Spain,Female,37,9,119328.2,1,1,0,139153.54,0
755.0,France,Female,36,8,0.0,1,0,0,19137.45,0
556.0,Germany,Female,29,8,54424.85,3,1,0,124109.58,1
639.0,France,Female,25,0,0.0,1,0,1,189050.51,0
588.0,France,Male,40,8,93828.96,2,0,0,197762.2,1
695.0,France,Female,40,8,0.0,1,1,1,46813.76,0
701.0,France,Male,29,1,0.0,2,1,1,92485.41,0
547.0,France,Male,54,9,112845.5,1,1,1,64616.08,0
652.0,France,Male,35,6,0.0,1,0,1,847.35,0
825.0,France,Female,59,7,164435.94,2,1,1,76505.05,0
662.0,Spain,Female,33,8,0.0,2,0,1,44059.9,0
721.0,Spain,Male,28,8,127811.1,1,1,1,147098.38,0
697.0,Germany,Male,44,0,215268.64,1,1,1,127707.85,0
671.0,France,Male,39,1,25916.85,2,1,0,52603.76,0
705.0,France,Female,43,7,56123.81,1,1,0,163226.83,0
483.0,France,Male,46,0,158136.99,1,1,0,185104.6,1
741.0,Spain,Female,50,9,155887.3,1,1,0,59298.52,0
743.0,Spain,Male,32,8,0.0,2,1,1,118877.41,0
535.0,France,Male,55,7,83748.37,2,1,0,173227.03,1
767.0,Germany,Male,52,5,0.0,2,0,1,122459.65,0
495.0,France,Female,31,7,164152.13,2,1,1,127319.79,0
643.0,France,Male,43,5,140964.35,2,1,1,124919.33,0
812.0,France,Female,36,4,230890.24,1,0,0,172695.25,1
784.0,France,Female,30,5,0.0,2,0,0,110493.34,0
674.0,France,Male,28,1,0.0,1,1,1,158001.45,0
553.0,France,Female,35,10,0.0,2,1,1,123472.39,0
732.0,Germany,Male,18,1,9689.65,2,0,1,30969.09,0
790.0,France,Male,26,9,47687.48,1,1,1,92169.81,0
642.0,Spain,Male,37,1,0.0,2,1,0,14184.4,0
717.0,France,Male,35,0,53162.32,1,1,1,138936.26,0
650.0,France,Male,38,4,77374.37,1,1,1,117495.81,0
590.0,Spain,Female,47,3,128211.73,2,0,0,78675.29,1
696.0,Germany,Male,21,10,0.0,2,0,1,20653.53,0
791.0,Germany,Male,39,8,125306.62,1,0,1,7846.04,0
632.0,Germany,Male,45,1,0.0,1,1,1,98250.57,0
539.0,France,Male,46,7,152406.64,2,0,1,28876.29,0
640.0,France,Female,19,10,55594.89,1,1,0,137824.56,0
715.0,France,Female,37,6,104354.71,1,0,1,162147.7,0
595.0,France,Male,53,3,51756.61,1,1,0,167247.8,0
667.0,Spain,Male,47,10,186182.47,2,1,0,61853.76,1
513.0,Spain,Female,43,8,64995.4,1,0,0,145029.93,0
779.0,Spain,Female,28,4,99796.86,2,1,1,145978.46,0
659.0,France,Female,46,8,0.0,2,1,1,34874.48,0
621.0,Germany,Female,36,8,47358.99,1,0,1,124836.52,1
671.0,Germany,Male,36,1,213277.22,1,0,1,145015.23,0
677.0,France,Male,50,7,207625.34,2,0,1,164851.76,1
712.0,Germany,Male,46,10,0.0,2,1,0,99172.02,0
612.0,Germany,Female,41,5,120800.44,2,1,1,43469.76,0
656.0,Germany,Female,45,9,46348.03,2,1,1,66283.22,0
714.0,Germany,Male,36,6,33747.18,2,0,0,160264.36,0
615.0,Germany,Female,39,3,124103.79,2,0,1,113158.56,0
581.0,France,Female,46,5,140813.89,2,1,1,34371.61,0
613.0,France,Male,39,10,259310.77,2,1,1,134959.16,0
684.0,France,Female,34,5,0.0,2,1,1,159723.7,0
645.0,France,Male,40,0,63138.99,2,1,1,85682.38,0
473.0,France,Male,49,4,0.0,2,1,1,177505.29,0
589.0,France,Male,45,8,135346.95,2,1,1,165538.97,0
690.0,Germany,Female,27,6,23799.63,2,1,0,173360.4,0
438.0,Spain,Female,30,0,46912.91,2,0,1,67611.53,0
634.0,France,Female,26,9,140684.41,2,0,1,100529.15,0
721.0,Spain,Male,41,5,121511.07,2,1,1,169664.33,0
542.0,Spain,Female,41,0,199301.35,1,1,1,147434.58,0
606.0,Spain,Female,36,5,0.0,2,1,1,51527.85,0
809.0,Germany,Male,40,0,230874.97,2,1,0,77077.2,1
775.0,France,Female,54,1,41431.89,2,0,0,86130.03,0
570.0,France,Female,38,7,0.0,1,0,1,25495.78,0
611.0,Germany,Male,44,2,73426.31,1,1,0,78286.98,0
832.0,France,Female,35,6,0.0,2,1,0,27075.07,0
689.0,France,Male,51,5,126042.71,2,1,1,79317.98,1
720.0,Spain,Female,48,4,128707.57,1,1,0,3847.93,1
715.0,Germany,Female,40,8,125647.98,1,0,1,66473.86,0
668.0,Germany,Female,42,10,161760.23,2,1,0,164703.47,1
850.0,France,Male,61,3,163156.76,2,0,1,28703.25,0
672.0,France,Male,33,5,145780.53,1,1,1,95229.99,0
466.0,France,Female,45,2,110468.77,1,1,0,183101.42,1
762.0,France,Male,35,6,108926.27,2,1,1,42573.46,0
741.0,Germany,Female,39,6,63839.35,2,1,0,122383.18,0
804.0,France,Male,52,7,135296.93,2,1,0,175454.44,0
635.0,Spain,Male,30,3,100375.83,4,0,0,44578.2,0
850.0,Spain,Female,36,1,0.0,2,1,1,142291.78,1
598.0,Spain,Female,47,9,0.0,1,1,1,110420.81,0
732.0,France,Female,35,9,64572.29,1,1,1,33985.32,0
562.0,Germany,Female,52,10,0.0,1,0,1,67454.74,0
640.0,France,Male,42,10,0.0,1,0,0,53621.19,0
695.0,France,Female,33,10,5430.02,2,1,1,174719.11,0
631.0,France,Male,37,3,142514.13,2,1,0,104110.99,0
445.0,Spain,Male,34,9,79615.14,2,1,1,104524.98,0
774.0,Spain,Female,43,2,180355.38,2,1,1,174742.83,0
624.0,France,Female,35,9,64535.04,2,1,1,55336.46,0
586.0,Spain,Male,39,7,79487.37,1,1,1,133803.93,0
698.0,Germany,Female,18,2,24172.06,1,0,1,125327.35,0
632.0,France,Female,42,7,126841.68,2,0,1,34111.52,0
589.0,France,Male,29,8,0.0,2,1,0,18749.16,0
661.0,Spain,Female,49,10,0.0,2,1,0,86641.03,0
505.0,France,Female,35,10,78700.38,2,1,0,139010.61,0
708.0,France,Male,44,0,100504.28,2,0,0,155291.33,1
729.0,France,Male,31,0,149115.75,1,1,1,159691.45,0
666.0,Spain,Female,52,6,90618.23,1,1,0,143590.75,0
621.0,Germany,Male,40,6,59876.69,1,1,0,34604.41,1
821.0,Germany,Male,23,3,0.0,2,0,1,111337.1,0
626.0,France,Female,53,0,0.0,2,1,0,131169.87,0
740.0,Spain,Male,27,8,0.0,1,0,1,149218.4,0
660.0,France,Male,46,9,114592.62,1,1,1,12517.93,0
705.0,Spain,Male,32,5,60904.94,2,1,0,177581.12,0
720.0,Germany,Male,32,0,135701.07,1,0,1,138282.16,0
617.0,France,Male,18,4,104080.36,1,1,1,65928.77,0
674.0,Spain,Male,64,6,66283.81,1,0,1,110434.25,0
572.0,Spain,Male,46,4,37921.83,2,1,0,106834.29,0
850.0,Germany,Female,35,4,139025.37,1,1,1,161148.99,1
756.0,France,Male,18,1,28617.36,1,1,1,73228.82,0
650.0,Germany,Male,31,7,106781.54,2,0,0,85835.87,0
819.0,France,Male,21,9,110430.07,2,1,1,121645.76,0
682.0,Spain,Male,39,2,87201.32,2,0,1,54770.88,0
582.0,France,Female,45,8,76806.98,1,0,0,35374.31,0
644.0,Germany,Female,45,5,0.0,2,1,0,185931.92,1
586.0,Germany,Male,32,6,211045.45,1,1,0,46769.71,0
621.0,France,Female,26,5,0.0,1,1,1,183530.22,0
628.0,France,Female,43,6,0.0,1,1,0,19944.39,1
827.0,France,Male,34,4,0.0,1,1,1,100287.5,0
693.0,Germany,Female,54,3,117877.42,2,1,1,110490.97,0
653.0,France,Female,38,1,0.0,1,0,0,110623.44,0
621.0,Spain,Male,38,1,69909.02,1,0,0,133422.74,1
759.0,Spain,Female,44,8,0.0,1,1,0,163674.85,0
569.0,Germany,Male,29,8,36248.41,1,0,0,6145.71,0
575.0,Germany,Female,48,3,137414.5,1,1,1,99690.48,1
601.0,France,Male,19,9,27746.92,2,1,0,135674.15,0
611.0,Germany,Female,35,9,0.0,1,1,0,155424.77,0
744.0,Spain,Male,34,10,131817.42,1,0,1,62758.42,0
508.0,France,Female,35,6,0.0,2,0,1,90206.4,0
609.0,France,Male,18,8,101382.81,3,1,0,188711.54,1
707.0,Germany,Female,34,10,28310.69,1,0,0,40715.15,1
483.0,Germany,Male,20,0,0.0,1,0,1,29785.34,0
510.0,Spain,Male,43,6,120278.24,1,0,0,111406.8,0
520.0,France,Male,51,0,143771.42,2,1,1,85500.17,0
824.0,France,Female,56,2,111618.4,1,0,0,133558.68,0
502.0,France,Female,40,3,142514.85,2,1,1,146315.11,0
722.0,France,Male,45,2,110295.67,2,0,0,111932.56,0
595.0,Spain,Female,56,8,56566.94,1,0,0,136066.94,1
698.0,Spain,Female,32,9,161242.64,2,1,1,23888.47,0
597.0,Spain,Female,29,2,89784.32,1,0,1,87578.81,0
763.0,Germany,Male,42,7,0.0,2,0,0,32017.12,0
694.0,France,Male,32,1,183820.8,2,1,0,185369.23,0
677.0,Spain,Female,35,0,111107.74,2,1,1,35886.18,0
635.0,Germany,Male,47,0,0.0,2,1,1,81932.45,0
433.0,France,Male,29,10,113720.29,2,1,1,139496.18,0
692.0,France,Female,38,10,71606.86,1,0,1,5094.03,0
634.0,France,Female,34,4,111469.29,1,1,0,106109.12,0
575.0,France,Male,32,6,169471.46,2,1,1,16410.96,0
547.0,France,Female,44,3,0.0,1,1,0,15556.53,0
581.0,Germany,Female,47,9,0.0,2,1,1,133857.45,0
803.0,France,Female,36,10,0.0,2,1,1,27896.89,0
722.0,Spain,Male,41,8,594.68,2,1,0,99483.43,1
575.0,Spain,Male,35,6,0.0,2,1,0,59895.37,0
733.0,France,Male,45,7,97477.52,2,1,1,102269.99,0
627.0,Germany,Male,30,6,105704.33,1,0,0,61534.88,1
774.0,France,Female,47,5,189088.43,2,1,1,103957.0,0
589.0,France,Female,40,2,0.0,2,1,0,55575.67,0
684.0,France,Male,18,7,0.0,1,1,0,176584.33,0
583.0,France,Female,21,2,26598.21,1,0,1,72820.49,0
688.0,Germany,Female,42,2,161209.25,1,1,0,96755.5,0
586.0,France,Female,23,7,107478.65,2,1,0,196905.23,0
687.0,Spain,Male,38,3,101008.97,1,1,0,187002.36,0
850.0,Germany,Male,35,2,0.0,1,1,0,150215.97,1
649.0,Spain,Female,42,1,88634.98,2,0,1,155322.22,0
582.0,Germany,Female,29,7,0.0,2,1,0,175301.44,1
687.0,France,Male,47,3,137666.45,2,0,0,13817.52,0
533.0,France,Female,40,0,142104.19,1,1,1,158213.53,0
550.0,Spain,Male,33,7,0.0,1,1,1,165525.59,0
623.0,France,Female,32,1,0.0,2,1,0,33032.29,0
795.0,France,Male,38,9,72943.18,1,1,1,126179.2,0
506.0,Spain,Male,22,10,66251.3,1,1,0,74435.29,0
728.0,Germany,Female,45,0,44291.0,1,1,0,82375.42,0
482.0,France,Female,46,8,0.0,1,0,1,1800.76,0
720.0,Spain,Female,42,10,74253.65,2,0,1,186540.06,0
545.0,France,Male,36,4,165992.01,2,1,0,144720.81,0
668.0,Germany,Female,32,5,56487.71,1,0,1,188649.58,0
632.0,Germany,Male,42,9,166350.35,4,1,0,197876.21,1
616.0,France,Male,32,4,102409.59,2,1,0,100538.61,0
617.0,Germany,Female,33,0,105408.63,1,0,1,193138.73,0
692.0,Spain,Male,53,4,6079.33,3,1,1,159043.78,1
596.0,France,Male,43,6,75995.21,1,0,1,155047.51,0
496.0,France,Female,34,9,83112.66,1,1,0,168233.51,1
787.0,Spain,Female,46,5,0.0,2,1,1,157449.62,0
581.0,France,Male,31,0,117767.66,2,1,1,178909.64,0
689.0,France,Female,40,10,133241.61,2,1,0,140053.63,0
546.0,France,Female,51,1,46025.54,2,0,0,29379.53,0
655.0,France,Male,36,6,0.0,1,1,0,194962.37,0
698.0,France,Male,29,0,104707.69,1,0,0,86068.86,0
547.0,Germany,Male,21,1,101525.14,1,1,1,40105.03,0
605.0,France,Male,42,3,0.0,2,0,0,107919.63,0
722.0,Germany,Female,43,7,92661.45,2,1,0,170325.87,0
713.0,France,Female,44,1,105156.98,2,1,1,118858.04,0
745.0,France,Male,26,5,0.0,2,1,1,183859.76,0
688.0,Spain,Female,32,6,0.0,1,1,1,139881.72,0
596.0,Germany,Female,18,10,200687.12,2,0,1,28251.43,0
812.0,France,Male,56,4,177112.56,1,1,0,1586.94,0
532.0,France,Female,52,8,134941.04,1,1,0,90160.11,0
604.0,France,Male,33,2,0.0,1,1,1,173178.7,0
545.0,Germany,Male,28,2,62831.94,2,1,1,59013.31,0
621.0,France,Female,43,7,0.0,1,0,1,144963.56,0
618.0,France,Male,19,5,124930.48,2,0,0,11708.12,0
667.0,France,Male,22,5,0.0,1,1,1,194111.62,0
805.0,France,Female,18,0,187022.09,1,0,1,27878.27,0
770.0,France,Female,35,3,166259.65,2,0,1,90981.44,0
570.0,France,Female,55,4,105291.87,1,0,0,167633.26,1
793.0,Spain,Male,35,5,138574.78,1,1,1,192962.72,0
710.0,Germany,Female,48,10,0.0,1,0,0,169463.27,1
590.0,France,Male,37,1,146869.67,1,1,0,172438.17,0
629.0,France,Female,28,1,0.0,1,1,0,48697.52,0
610.0,France,Male,45,4,61237.7,2,1,0,96349.05,1
575.0,Germany,Male,31,3,153802.41,2,1,1,78151.27,0
674.0,Germany,Female,18,1,117596.33,2,1,1,99211.42,0
755.0,Germany,Male,50,1,87649.16,1,0,0,88853.96,1
535.0,Germany,Male,37,2,12363.67,1,1,0,52372.01,1
673.0,Spain,Male,51,10,130788.46,1,1,0,90802.74,0
784.0,Germany,Female,44,0,119834.91,1,0,1,75661.55,0
614.0,France,Male,58,8,75802.19,1,1,0,104080.2,1
593.0,Germany,Male,52,10,117939.77,3,0,0,177128.42,1
492.0,Germany,Male,54,6,0.0,2,0,0,135465.56,1
665.0,Germany,Female,22,5,61026.2,1,1,1,36478.6,1
778.0,Spain,Female,44,10,34038.13,2,0,0,38161.86,0
386.0,France,Female,45,4,79320.69,1,1,0,20985.08,1
650.0,Germany,Male,47,5,53497.47,1,1,0,93447.96,0
469.0,France,Male,41,3,0.0,2,1,0,44723.07,0
624.0,France,Male,47,2,38290.52,2,1,1,69470.6,0
656.0,Germany,Male,51,3,107746.17,2,1,1,196467.66,0
812.0,Spain,Female,35,6,0.0,1,1,0,120227.66,0
725.0,Germany,Female,35,6,0.0,1,1,1,191728.86,0
737.0,Spain,Male,46,4,4163.93,2,0,1,153621.23,0
621.0,Spain,Male,46,7,89243.34,1,1,0,141947.67,0
691.0,Spain,Female,27,0,139808.68,2,1,1,102876.15,0
410.0,France,Male,47,4,131248.0,2,0,1,28043.49,0
741.0,Spain,Female,53,4,137732.86,1,0,1,79271.98,0
580.0,France,Female,36,3,85995.35,2,1,0,25515.29,0
675.0,France,Male,33,10,157873.26,1,1,0,82261.32,0
722.0,Spain,Male,25,4,14720.72,2,1,0,105855.23,0
596.0,France,Female,23,8,0.0,2,1,0,144464.48,0
672.0,Germany,Female,38,7,58746.7,1,0,0,116806.37,1
570.0,Spain,Female,42,0,101835.89,1,0,1,180588.74,0
635.0,Spain,Female,47,1,0.0,1,1,0,181825.45,0
369.0,Spain,Female,31,10,0.0,2,1,1,17193.3,0
571.0,Germany,Female,27,4,72958.03,2,0,1,164053.01,0
515.0,Spain,Male,32,4,0.0,1,1,0,143791.22,0
494.0,France,Male,27,8,8584.71,1,1,1,186961.72,0
675.0,Germany,Male,44,7,0.0,1,1,0,79667.52,0
731.0,France,Male,22,8,147250.48,2,1,1,19750.67,0
757.0,Spain,Female,47,7,65989.85,1,1,0,91160.63,0
771.0,France,Female,32,4,0.0,1,0,1,95453.71,0
756.0,France,Female,32,0,88202.38,1,0,0,196244.63,0
579.0,France,Male,38,3,41892.94,2,1,0,118595.19,0
655.0,Germany,Male,39,4,181672.25,1,0,0,196022.72,1
624.0,Germany,Male,29,10,179651.39,2,1,1,4243.14,0
718.0,France,Male,36,9,137999.28,1,0,0,21533.98,0
487.0,Spain,Male,49,9,0.0,4,1,1,21532.68,0
578.0,France,Male,31,2,0.0,1,1,1,188846.69,0
669.0,France,Female,39,9,75589.92,2,1,0,120215.13,0
436.0,Germany,Male,28,8,106562.25,2,1,0,83393.63,0
540.0,France,Male,52,2,0.0,1,0,0,151204.08,0
770.0,France,Female,20,0,16260.86,2,0,1,115603.19,0
601.0,Germany,Male,37,6,0.0,2,0,0,69357.92,1
625.0,Spain,Male,41,7,123062.8,1,0,1,120728.49,0
713.0,Spain,Male,42,5,213638.82,2,1,0,36036.59,0
646.0,France,Female,44,9,0.0,3,1,0,199573.58,1
757.0,Spain,Male,24,7,0.0,1,1,1,63826.35,0
725.0,France,Male,47,4,0.0,1,1,0,19897.74,0
684.0,France,Female,25,2,160498.86,1,0,0,121724.27,0
576.0,Spain,Male,24,4,0.0,1,1,1,129817.45,0
739.0,Germany,Female,45,1,114541.78,1,1,0,146549.22,1
578.0,Germany,Male,24,0,135630.67,2,1,0,12831.96,0
626.0,France,Female,55,9,0.0,1,1,0,56900.98,0
622.0,Spain,Male,36,2,89510.97,1,1,0,40498.48,1
589.0,Germany,Female,46,0,233385.33,2,0,1,97034.5,0
656.0,France,Male,34,0,69581.03,2,1,1,63885.7,0
548.0,France,Male,50,7,78640.48,1,1,0,120002.68,0
606.0,France,Male,34,7,137329.61,2,1,0,82842.6,1
541.0,France,Female,30,9,0.0,2,1,0,84383.25,0
695.0,Germany,Male,31,2,100801.04,2,0,1,152840.91,0
610.0,France,Male,32,0,163146.15,1,1,0,110921.95,0
809.0,France,Male,34,0,0.0,1,0,0,76361.47,0
515.0,Germany,Male,61,3,163433.84,1,1,1,29563.6,0
626.0,Spain,Male,49,0,0.0,1,1,0,180714.95,1
628.0,Spain,Female,41,8,108515.29,1,1,1,1954.72,0
628.0,Spain,Male,39,8,127163.74,1,1,0,73779.79,0
731.0,France,Female,39,6,0.0,2,1,1,126892.0,0
679.0,France,Male,37,1,0.0,1,0,1,51801.07,0
713.0,France,Female,48,2,0.0,2,0,1,96209.68,0
733.0,France,Male,28,7,135949.69,1,1,1,61677.62,0
566.0,Spain,Female,34,1,58557.21,2,0,0,127222.56,0
843.0,Germany,Male,26,6,0.0,2,1,0,97544.29,0
612.0,Germany,Male,28,2,0.0,2,1,0,156576.61,0
738.0,France,Female,37,10,0.0,2,1,0,151530.97,0
592.0,France,Female,26,4,148168.52,1,1,1,78496.55,0
762.0,France,Female,34,2,202850.6,2,1,1,96606.47,0
673.0,France,Female,48,2,160663.67,4,1,1,94269.62,1
696.0,France,Male,49,2,2599.57,1,0,1,44660.85,0
612.0,France,Female,30,4,43098.8,2,1,0,109505.99,0
650.0,France,Male,48,2,0.0,1,1,0,95230.6,0
621.0,France,Female,22,8,135703.38,2,1,0,117289.12,0
659.0,Germany,Male,42,3,0.0,1,0,0,142528.23,1
722.0,France,Male,49,7,127682.4,1,1,1,104637.81,0
623.0,Germany,Male,32,8,47168.34,2,1,1,176145.82,0
546.0,France,Female,51,5,0.0,2,1,0,16750.87,0
501.0,Spain,Male,23,7,87024.17,1,1,0,162188.19,1
704.0,Germany,Female,44,5,0.0,1,1,1,49748.58,0
696.0,France,Female,28,8,0.0,2,1,1,92825.34,0
566.0,Germany,Female,25,8,179651.99,1,1,1,145776.45,0
813.0,Spain,Male,41,3,0.0,4,1,1,180241.04,1
742.0,France,Male,43,1,104031.63,2,0,1,29369.84,0
733.0,Germany,Male,22,8,87784.34,1,1,0,98426.12,0
643.0,Germany,Male,35,9,87064.08,1,1,0,198742.75,0
598.0,Spain,Female,53,3,45371.83,1,1,1,176241.91,0
554.0,France,Male,33,2,0.0,4,1,1,195918.55,0
685.0,Spain,Male,19,1,61590.39,1,1,0,161901.32,0
774.0,France,Male,30,4,435.13,2,1,0,102264.48,0
850.0,Spain,Female,43,5,104615.24,1,1,0,65319.83,0
797.0,Spain,Female,35,10,100080.81,2,1,1,37349.4,0
597.0,France,Male,46,1,0.0,4,1,1,53205.55,1
754.0,France,Female,39,8,96531.36,1,1,1,115394.28,0
728.0,France,Male,36,3,49982.02,1,0,1,123271.33,0
637.0,France,Female,33,2,96143.42,2,1,0,133442.82,1
761.0,France,Female,31,2,144757.93,1,0,0,8181.8,1
632.0,France,Female,37,2,0.0,2,1,1,36785.46,0
679.0,France,Male,54,1,132888.82,1,1,0,181298.59,0
581.0,Germany,Female,53,2,90727.92,2,1,0,196906.26,1
650.0,Spain,Female,42,8,139753.14,1,1,0,177383.28,0
738.0,Spain,Female,35,8,0.0,2,1,0,197449.36,0
762.0,France,Female,45,9,0.0,1,1,0,163392.74,0
604.0,France,Male,47,5,63697.8,2,0,0,175195.09,1
663.0,Germany,Female,44,10,0.0,1,1,0,32307.77,0
682.0,Germany,Male,50,4,150306.41,1,1,0,88533.32,0
633.0,Germany,Male,24,7,0.0,1,0,0,58542.17,0
618.0,France,Male,44,4,0.0,2,1,1,199932.41,0
541.0,France,Male,26,4,0.0,1,1,1,44631.61,0
585.0,Germany,Female,50,2,108772.44,1,0,0,132506.73,0
618.0,France,Female,24,8,0.0,1,1,0,41838.77,0
807.0,France,Female,44,3,0.0,1,1,1,6314.7,0
705.0,Spain,Male,22,1,0.0,1,1,0,176190.66,0
539.0,France,Male,39,8,0.0,2,0,1,77560.03,0
676.0,Spain,Male,33,9,68653.0,1,1,1,57464.29,0
576.0,Spain,Female,49,7,50229.9,1,1,1,32558.5,0
825.0,Germany,Female,26,9,163174.18,1,1,0,194449.47,1
617.0,France,Female,47,10,107705.31,2,1,1,47064.98,0
612.0,France,Male,37,2,0.0,1,0,1,19336.26,0
802.0,Germany,Female,53,1,29286.37,2,0,1,70190.52,0
743.0,France,Male,37,5,0.0,2,1,0,141407.99,0
663.0,Spain,Male,41,9,0.0,1,1,0,28884.69,0
654.0,France,Male,30,9,47264.93,2,1,1,48200.16,0
566.0,France,Male,36,3,0.0,1,1,0,41339.91,0
679.0,France,Male,34,0,96218.05,2,1,0,32084.44,1
711.0,France,Male,45,4,185783.7,2,1,0,141354.5,0
656.0,Germany,Female,41,3,2480.28,2,1,1,55624.52,0
709.0,Germany,Female,45,1,65506.69,1,1,1,131949.52,0
629.0,Germany,Male,28,4,58242.28,1,1,1,66313.85,0
575.0,Germany,Male,29,10,110670.67,2,0,0,88910.51,0
451.0,Spain,Male,34,7,0.0,1,1,1,188756.38,0
443.0,Germany,Male,48,9,0.0,2,1,0,155437.35,0
706.0,France,Male,36,6,0.0,1,1,1,188435.23,0
452.0,France,Female,52,3,0.0,2,1,1,95992.34,0
685.0,France,Male,35,2,0.0,1,1,0,154377.34,0
747.0,Germany,Male,52,1,0.0,1,1,0,57774.12,0
528.0,Spain,Male,36,8,0.0,2,1,1,43594.25,0
668.0,Germany,Female,36,5,102259.71,2,1,0,21161.58,0
634.0,France,Female,43,2,0.0,2,1,1,54940.9,0
744.0,France,Male,36,6,0.0,2,0,0,136932.67,0
729.0,France,Male,28,4,75397.83,1,1,0,140565.31,0
850.0,Germany,Female,56,5,227746.51,2,1,1,93792.53,1
613.0,Spain,Male,23,4,13091.49,2,0,1,199170.56,0
598.0,Spain,Female,19,2,0.0,1,0,0,119960.99,1
689.0,France,Male,39,3,260000.0,1,1,0,96831.69,1
724.0,Spain,Male,29,1,0.0,1,0,0,72546.51,0
588.0,France,Male,38,1,0.0,2,0,0,147936.64,0
821.0,France,Male,18,4,0.0,1,0,1,119720.78,0
580.0,France,Male,30,8,8453.15,2,0,1,185390.29,0
642.0,Spain,Male,29,6,85577.19,2,0,0,187912.33,0
682.0,Spain,Male,48,7,0.0,2,1,0,114816.55,0
694.0,Germany,Female,51,2,121354.47,1,0,1,188726.72,1
668.0,Germany,Male,38,8,0.0,1,1,0,179288.47,1
686.0,Germany,Male,26,4,0.0,1,1,0,134676.6,0
760.0,France,Male,50,8,0.0,1,1,1,29416.79,0
632.0,France,Male,36,0,0.0,1,1,0,144562.26,0
708.0,France,Male,32,10,70836.55,1,1,1,116717.96,0
555.0,Spain,Female,38,2,0.0,1,0,1,110369.94,0
390.0,France,Male,34,6,0.0,2,1,0,186330.34,0
711.0,France,Male,34,3,98485.43,2,0,0,158953.65,0
720.0,Germany,Male,40,1,88363.01,2,1,0,36961.01,0
654.0,Germany,Male,45,1,98251.67,1,1,0,121678.59,1
521.0,Germany,Female,35,1,20604.73,2,0,0,186568.92,1
756.0,Germany,Male,50,1,206013.87,1,1,0,177248.89,1
677.0,Spain,Female,48,5,53046.36,2,1,1,141217.4,0
685.0,Germany,Male,32,6,59450.64,2,1,0,45089.82,0
475.0,France,Female,37,3,86211.63,2,1,1,163485.09,0
655.0,Germany,Male,24,7,116751.08,1,1,1,157871.07,0
782.0,France,Female,39,3,95170.36,1,1,0,177242.31,1
604.0,Spain,Male,41,4,14420.02,2,1,1,54034.97,1
692.0,France,Male,54,1,153179.27,1,1,0,82673.44,0
564.0,France,Male,37,6,33727.0,1,1,1,180782.82,0
728.0,Spain,Male,39,7,0.0,1,1,0,191074.29,0
787.0,Germany,Male,27,6,0.0,2,1,1,8386.81,0
747.0,Germany,Female,24,3,0.0,2,0,1,21660.42,1
706.0,France,Female,28,0,0.0,1,0,0,130255.17,0
500.0,France,Male,44,1,108365.15,2,1,1,195817.62,0
722.0,France,Male,31,6,0.0,1,1,1,131674.67,0
589.0,Spain,Male,28,5,0.0,1,1,0,171363.45,0
681.0,France,Male,45,7,109553.07,1,1,1,154490.51,0
638.0,France,Female,39,0,0.0,2,1,1,87119.9,0
673.0,France,Male,40,5,153219.18,1,1,0,14851.08,0
523.0,Spain,Female,24,10,0.0,1,1,0,13808.33,0
629.0,Spain,Female,45,6,0.0,2,1,0,97158.17,1
800.0,France,Female,46,9,0.0,1,1,1,162574.01,0
590.0,France,Male,28,6,85555.81,2,1,0,189007.23,0
543.0,Germany,Female,49,3,95673.01,1,0,0,18425.59,1
430.0,France,Female,45,4,79415.36,2,1,1,84919.98,0
446.0,Germany,Male,53,8,59872.42,1,0,0,141767.63,1
624.0,Germany,Male,39,5,0.0,1,1,0,29668.32,1
759.0,France,Male,34,1,0.0,1,0,1,55704.46,0
648.0,Germany,Male,44,3,0.0,1,0,1,45281.84,0
509.0,Germany,Male,37,9,54164.62,1,1,1,179839.69,0
682.0,Spain,Female,49,2,130480.96,2,1,1,61973.79,0
677.0,France,Male,48,4,0.0,1,1,1,44349.52,0
500.0,France,Female,23,3,135893.26,1,0,1,30202.29,0
757.0,Germany,Female,51,3,103255.38,1,1,1,31963.19,1
850.0,Germany,Male,51,10,0.0,3,0,1,168099.86,0
642.0,Germany,Female,68,3,195941.51,2,1,1,137423.25,0
737.0,France,Female,44,4,0.0,1,1,0,34815.05,0
807.0,Spain,Female,46,7,0.0,1,0,0,15790.31,1
657.0,Spain,Male,33,6,0.0,1,0,1,21331.32,0
754.0,France,Male,52,6,28117.77,1,1,0,175131.99,0
619.0,Spain,Male,36,1,0.0,1,1,1,187821.52,0
650.0,France,Male,37,4,137902.08,1,1,0,138455.12,0
673.0,Spain,Male,32,10,31214.37,1,1,0,76507.88,1
744.0,France,Female,45,6,56709.9,1,0,0,195228.72,1
469.0,France,Male,20,7,102393.22,1,1,0,189538.37,0
689.0,Spain,Female,61,10,75204.27,2,0,0,170419.5,1
504.0,Spain,Male,18,0,0.0,1,1,0,25099.09,0
594.0,Germany,Female,57,1,0.0,2,1,0,97107.89,1
650.0,France,Male,47,7,0.0,1,1,1,91714.4,0
678.0,Germany,Male,25,3,0.0,1,1,1,125104.18,0
719.0,Spain,Male,42,5,0.0,1,1,0,162964.32,0
694.0,France,Female,25,10,202865.89,2,1,0,165958.87,0
539.0,France,Female,38,10,215395.77,2,1,1,88344.91,1
574.0,France,Male,28,7,167377.44,2,1,0,112220.68,1
700.0,France,Female,48,1,173918.42,1,1,1,96322.5,0
792.0,Spain,Male,34,8,0.0,1,1,0,150509.47,0
635.0,France,Female,47,7,89367.19,1,0,0,110876.29,0
701.0,Spain,Male,37,3,0.0,2,1,1,116613.9,0
755.0,Spain,Male,32,2,0.0,1,1,0,83092.11,0
581.0,France,Male,35,1,0.0,1,1,0,178998.83,0
582.0,France,Male,36,0,0.0,2,1,1,126208.89,0
714.0,France,Female,49,3,0.0,2,1,0,157761.99,0
529.0,France,Female,54,1,123512.24,1,0,1,69546.7,0
654.0,Germany,Female,59,5,77323.3,2,1,1,30499.51,1
562.0,France,Female,20,7,154537.37,2,0,1,109678.66,0
651.0,France,Male,31,8,0.0,2,1,0,198205.76,0
570.0,France,Female,28,7,150801.23,1,0,0,93524.46,0
656.0,France,Male,37,9,152951.54,2,0,1,93519.49,0
560.0,France,Male,48,3,43692.1,2,0,1,9128.38,0
532.0,France,Male,30,6,0.0,1,0,1,19722.28,0
798.0,France,Female,26,2,27313.47,1,1,0,158640.43,0
699.0,Germany,Male,42,6,0.0,1,1,1,37937.42,0
612.0,France,Female,35,8,80504.54,1,0,0,193.65,0
583.0,Germany,Female,61,7,92390.32,2,1,0,180020.25,0
739.0,France,Male,36,2,0.0,2,1,0,8970.67,1
850.0,France,Male,37,5,31925.11,2,1,1,23327.86,0
702.0,France,Female,32,2,0.0,1,0,0,124510.29,0
678.0,France,Male,34,9,0.0,1,0,0,36558.89,0
630.0,France,Female,39,6,0.0,1,0,0,94579.62,0
556.0,Spain,Female,41,4,183949.18,1,1,0,166986.01,0
648.0,Germany,Male,38,8,156138.87,1,1,1,68613.39,0
629.0,Germany,Male,43,3,0.0,2,1,0,135967.73,1
595.0,France,Male,47,2,0.0,1,1,0,139948.4,0
589.0,Germany,Female,58,3,140304.52,1,1,1,17605.26,0
537.0,France,Male,37,7,127383.49,1,1,0,86929.16,0
666.0,France,Male,46,10,129206.84,1,1,0,117442.72,1
654.0,France,Male,28,0,0.0,2,0,0,133884.97,0
630.0,Germany,Female,53,4,0.0,2,1,1,125694.82,0
570.0,Germany,Male,32,4,167958.0,2,0,0,151964.49,0
756.0,Germany,Female,39,3,0.0,1,1,0,193296.72,1
681.0,Spain,Female,45,0,83558.29,1,1,0,29852.56,0
742.0,Germany,Female,39,8,0.0,1,1,0,3060.57,0
665.0,Germany,Male,25,0,184156.01,2,0,1,86764.06,0
720.0,Spain,Female,23,8,0.0,1,0,0,120837.13,0
704.0,France,Female,40,9,130910.29,1,1,0,148803.06,1
788.0,Spain,Male,37,8,100509.67,1,1,0,172517.01,0
591.0,Spain,Female,43,5,0.0,2,1,1,21506.31,0
617.0,France,Female,49,4,234675.93,1,1,0,28415.99,1
644.0,France,Male,33,7,22520.09,2,1,0,34282.25,0
719.0,France,Male,28,4,162719.62,2,1,0,3335.89,0
550.0,France,Male,51,3,46998.2,2,1,0,178552.41,1
580.0,Germany,Male,41,3,0.0,1,1,0,143301.41,0
738.0,Spain,Female,36,2,183323.0,2,1,1,89204.01,0
696.0,France,Female,21,1,131179.62,2,1,0,195332.23,1
547.0,Germany,Male,59,0,102232.58,2,1,1,173412.32,0
678.0,France,Male,39,5,71940.76,2,0,1,69051.18,0
435.0,France,Female,36,9,0.0,2,1,0,17723.34,1
570.0,France,Male,31,0,44362.74,2,1,0,61510.29,0
713.0,Germany,Female,38,6,77899.44,1,1,1,18448.49,1
434.0,Spain,Male,57,9,0.0,1,0,1,34892.97,0
527.0,Spain,Female,31,8,0.0,1,1,0,99574.35,0
648.0,France,Male,42,10,136917.4,2,0,0,180114.97,0
663.0,Spain,Male,42,1,111153.0,2,0,0,152867.34,1
682.0,Germany,Female,25,10,0.0,1,1,1,24315.71,0
600.0,Germany,Male,46,2,0.0,2,1,0,114090.62,0
669.0,France,Male,20,6,164069.42,1,1,1,61419.43,0
556.0,France,Male,41,8,86858.0,1,1,1,28757.97,0
682.0,Germany,Female,35,4,36069.84,1,1,0,21017.16,1
565.0,France,Male,34,2,146455.87,1,1,1,199546.53,0
674.0,France,Male,46,9,0.0,2,1,1,45224.24,0
669.0,Germany,Male,24,5,0.0,2,1,1,37292.48,0
698.0,Germany,Female,30,7,184246.25,2,1,1,149670.46,0
589.0,France,Male,40,9,0.0,2,0,1,135737.94,0
850.0,Germany,Female,54,6,179102.81,2,0,0,94664.36,1
676.0,France,Male,35,1,57941.73,1,1,0,152194.28,0
520.0,France,Female,41,3,0.0,1,1,1,179732.57,0
496.0,France,Female,38,6,88081.69,1,0,1,19276.85,0
555.0,France,Female,18,1,44694.37,2,1,1,17898.33,0
641.0,Germany,Male,39,1,130827.08,2,1,0,145252.38,0
554.0,France,Male,39,10,35318.2,2,0,1,38396.01,0
706.0,France,Male,44,6,0.0,2,1,1,93297.24,0
667.0,France,Male,48,6,0.0,2,1,0,29477.67,0
760.0,Spain,Male,35,5,0.0,2,1,0,176232.52,0
809.0,Spain,Male,35,0,0.0,1,1,1,31387.37,0
458.0,France,Female,36,2,31380.96,1,1,0,94706.18,0
568.0,Spain,Female,38,5,223457.5,1,0,1,1825.86,1
686.0,France,Male,30,6,0.0,2,1,0,162194.27,1
730.0,Germany,Female,52,3,0.0,1,1,0,2311.12,0
760.0,Spain,Male,24,9,0.0,2,0,1,109855.17,0
627.0,France,Female,52,8,83665.79,1,1,1,34680.3,0
595.0,Germany,Male,28,4,0.0,1,0,1,135656.84,0
612.0,Germany,Male,55,3,105708.9,1,1,1,54424.57,0
614.0,France,Male,34,2,185900.45,2,1,1,184364.67,0
491.0,France,Male,36,9,0.0,2,0,1,15223.96,0
707.0,Spain,Male,30,9,21022.83,2,0,1,9164.3,0
569.0,France,Female,39,9,141244.8,1,1,1,170328.53,0
630.0,France,Female,55,6,35540.71,2,1,1,194373.98,0
549.0,Germany,Female,38,3,0.0,1,1,1,198503.97,0
576.0,France,Male,64,9,150744.54,2,1,1,85450.12,0
690.0,France,Male,40,0,0.0,2,0,0,173653.31,0
575.0,France,Female,48,9,26691.33,1,0,0,34582.8,1
705.0,Germany,Male,31,10,155558.36,2,0,0,3173.43,1
573.0,France,Female,39,3,0.0,3,1,0,70086.03,1
796.0,France,Male,44,5,63308.35,1,0,1,110826.55,0
550.0,Spain,Female,29,7,28059.04,2,1,1,35134.32,0
601.0,Spain,Female,33,6,96367.67,2,1,1,172412.54,0
833.0,France,Female,53,8,4455.6,2,1,1,177623.75,0
558.0,France,Male,30,1,163399.77,1,1,1,66248.44,0
613.0,Spain,Male,31,10,0.0,1,1,1,88655.56,0
714.0,Germany,Female,26,1,259157.77,1,0,1,80588.93,1
549.0,Germany,Female,34,6,0.0,1,0,0,41245.88,0
583.0,Spain,Female,46,3,138646.11,1,1,1,180493.51,0
657.0,Spain,Female,42,2,0.0,1,1,1,45794.94,0
664.0,Germany,Female,18,5,38499.07,2,0,0,121189.18,1
654.0,France,Female,32,0,0.0,2,1,1,60401.76,0
702.0,France,Female,30,9,0.0,1,0,0,175454.94,0
575.0,France,Female,42,8,0.0,1,1,1,23562.02,0
813.0,Germany,Female,32,10,12787.6,2,0,1,174295.72,1
644.0,France,Male,43,8,67622.43,1,1,0,112562.71,0
572.0,Germany,Female,36,3,124926.55,2,0,1,90547.88,0
737.0,Spain,Female,32,9,93195.06,2,1,0,94323.14,0
713.0,Germany,Male,34,3,0.0,1,0,0,177153.76,0
731.0,France,Female,50,1,0.0,1,1,0,163432.38,0
750.0,Germany,Female,44,0,109787.63,2,1,1,188838.03,0
507.0,France,Female,37,4,0.0,3,1,1,183627.09,0
705.0,Germany,Male,33,6,140158.31,1,1,1,5378.33,0
600.0,France,Male,30,3,77163.88,2,1,1,92834.68,0
822.0,France,Male,50,4,0.0,2,0,0,183057.29,0
714.0,Spain,Female,39,3,195706.6,2,1,0,161308.46,0
632.0,Spain,Male,33,1,227124.29,1,1,1,92942.58,0
744.0,Spain,Female,51,3,0.0,2,1,1,120871.91,0
621.0,France,Female,31,9,30161.21,1,1,1,81365.64,0
600.0,Spain,Female,41,6,53326.7,2,1,1,182064.82,0
622.0,Germany,Male,36,7,58653.19,2,0,1,53154.42,0
602.0,France,Male,38,5,43251.29,1,0,0,186890.27,0
767.0,France,Male,18,4,0.0,2,1,1,102929.61,0
563.0,France,Male,45,5,0.0,1,1,0,111122.52,0
604.0,France,Male,43,6,35712.81,2,1,0,55508.64,0
640.0,Spain,Female,34,4,185495.28,1,1,1,11170.87,0
791.0,France,Male,41,0,22253.93,2,1,0,99117.26,1
753.0,Spain,Female,32,4,143566.38,2,0,1,23185.7,0
639.0,Germany,Female,24,5,98482.97,2,1,0,14261.66,1
530.0,Spain,Male,34,2,0.0,2,1,0,165485.67,0
739.0,France,Female,37,0,15502.46,2,0,0,35322.27,0
469.0,France,Male,38,2,100250.8,2,0,1,36849.35,0
672.0,France,Male,58,1,222008.3,2,1,0,16201.91,0
588.0,Spain,Male,34,7,20801.96,2,0,1,79183.88,0
744.0,Spain,Female,59,4,0.0,1,1,1,129434.57,0
566.0,France,Male,30,10,85788.95,1,0,0,140262.03,0
559.0,Spain,Male,30,3,82296.53,1,1,0,109727.83,0
625.0,France,Male,55,6,187111.77,1,1,1,69543.32,0
701.0,France,Male,47,2,27296.85,3,1,1,13402.26,1
736.0,France,Female,41,3,161183.73,2,1,1,3320.63,0
645.0,France,Male,42,1,169941.77,2,0,0,112384.1,0
610.0,Germany,Male,31,3,67036.59,1,1,0,88284.57,1
642.0,Germany,Male,52,8,42494.35,1,1,1,1535.07,0
778.0,Germany,Male,38,4,145218.08,2,1,1,49660.86,0
690.0,Germany,Male,21,3,190798.28,2,0,0,29636.17,1
516.0,France,Male,43,0,0.0,2,1,1,183108.5,0
596.0,France,Female,37,7,0.0,2,1,1,119677.58,0
833.0,Germany,Male,57,3,93391.49,1,1,1,53917.7,0
671.0,France,Female,45,6,0.0,2,1,0,182762.51,1
585.0,France,Female,38,3,0.0,1,0,1,139045.91,0
569.0,Spain,Male,42,4,0.0,2,0,1,94916.18,0
569.0,France,Female,38,1,0.0,2,1,1,64718.56,0
640.0,Germany,Female,31,10,0.0,2,1,1,4158.1,0
544.0,France,Male,39,7,154326.32,2,0,0,2083.56,1
750.0,Germany,Male,48,6,170727.12,1,0,1,197472.78,0
638.0,Spain,Male,55,4,0.0,2,1,1,175782.17,0
546.0,Germany,Male,28,2,75830.0,1,0,1,142244.13,0
562.0,France,Male,38,7,0.0,1,1,1,153095.72,0
684.0,France,Female,31,9,0.0,1,0,0,174000.62,0
592.0,France,Female,43,3,125744.91,2,1,1,2120.86,0
703.0,Spain,Female,26,1,0.0,2,1,0,123181.68,0
689.0,France,Female,40,8,45592.79,1,1,1,157236.26,0
634.0,France,Male,51,2,0.0,2,0,1,35366.82,0
451.0,Spain,Male,31,1,71290.7,2,1,0,21794.71,0
798.0,France,Female,29,4,106346.52,1,1,1,104896.01,0
779.0,Germany,Female,42,1,0.0,2,1,1,5366.41,0
724.0,France,Female,28,2,0.0,2,1,0,171208.77,0
712.0,Spain,Male,64,0,50136.07,1,1,0,54991.82,0
708.0,Germany,Female,49,3,0.0,1,1,0,8435.22,0
771.0,Spain,Male,42,4,0.0,1,1,1,171403.22,0
434.0,France,Female,28,2,197454.1,2,1,1,126184.21,1
701.0,Germany,Female,35,9,260000.0,1,0,0,167071.14,0
850.0,Germany,Male,31,7,94862.46,2,1,1,112259.27,0
736.0,France,Male,40,3,252563.01,4,1,1,29024.2,0
681.0,France,Male,55,3,54541.34,2,1,1,35433.36,0
645.0,Germany,Female,44,6,107705.41,1,1,0,22934.25,1
664.0,Germany,Male,52,7,190460.02,1,1,1,112701.26,0
686.0,France,Male,41,1,0.0,2,1,1,196617.31,0
617.0,Germany,Male,40,2,0.0,2,0,1,109449.59,0
533.0,Germany,Female,35,0,0.0,1,1,0,53386.02,1
683.0,Spain,Female,41,4,127047.46,2,1,1,100673.51,0
680.0,Spain,Male,31,1,18499.9,1,1,0,54830.96,1
721.0,France,Male,47,0,0.0,2,1,1,84923.49,0
645.0,France,Male,18,5,139581.24,1,0,1,21302.91,0
701.0,Spain,Male,45,0,14991.23,1,0,0,83605.43,0
683.0,France,Male,47,4,0.0,2,1,1,77888.32,0
619.0,Spain,Male,27,7,196936.35,2,1,1,27774.58,0
612.0,Germany,Female,49,7,0.0,1,1,1,153565.23,1
516.0,France,Female,20,10,164000.58,1,1,0,130522.92,0
783.0,France,Male,33,7,188718.22,2,1,0,102160.65,1
508.0,Germany,Female,44,2,106593.38,2,1,0,12706.28,1
692.0,Spain,Female,39,5,130554.18,2,1,1,49110.0,0
605.0,France,Female,41,7,117622.96,1,1,0,15417.18,1
627.0,France,Male,42,1,153148.2,2,0,0,139152.52,0
657.0,France,Male,41,0,0.0,1,0,1,112836.82,0
676.0,France,Female,43,8,166203.03,1,1,1,179087.0,0
721.0,Spain,Female,48,8,0.0,1,0,1,127087.88,0
644.0,Spain,Female,42,4,61192.22,1,1,0,118951.75,0
559.0,France,Female,43,5,0.0,2,1,0,108707.97,0
645.0,France,Female,46,0,0.0,1,0,0,134994.04,0
770.0,Spain,Male,40,10,0.0,2,1,1,166465.97,0
569.0,Spain,Female,49,1,94208.38,2,0,0,86452.92,1
537.0,France,Female,39,7,0.0,2,0,0,135818.14,0
693.0,France,Female,34,10,112721.32,2,0,1,55113.64,0
621.0,France,Male,46,8,129819.44,1,1,0,25737.5,1
641.0,France,Male,42,2,0.0,1,1,0,112637.66,0
753.0,Spain,Male,55,9,137816.66,1,1,1,138038.97,0
756.0,France,Male,34,1,0.0,2,1,1,23272.74,0
656.0,Spain,Male,18,0,36983.85,2,1,0,45438.84,0
530.0,France,Female,52,8,113863.01,2,1,0,39196.79,1
556.0,Germany,Male,21,3,0.0,1,0,0,22001.0,0
837.0,France,Female,42,0,0.0,2,1,1,73040.26,0
696.0,France,Female,49,7,0.0,1,1,0,91663.21,0
579.0,Spain,Female,38,1,158594.9,1,1,1,113777.14,0
571.0,Germany,Male,48,1,0.0,1,1,1,173330.98,0
733.0,France,Male,39,6,0.0,4,1,0,74076.29,1
728.0,Germany,Female,39,8,0.0,2,1,1,9390.49,0
669.0,France,Male,36,2,0.0,2,0,0,13632.4,0
796.0,Spain,Female,44,4,0.0,1,0,0,34503.84,1
542.0,Spain,Male,29,10,0.0,1,0,1,155342.17,0
619.0,France,Male,52,2,186977.91,2,1,0,81904.99,1
597.0,Spain,Female,31,0,0.0,4,1,1,174984.17,0
753.0,Spain,Female,42,0,0.0,1,1,1,128513.93,0
668.0,France,Male,30,1,0.0,2,0,0,191142.35,0
630.0,Germany,Female,61,3,106652.75,1,1,0,31176.44,0
482.0,France,Male,47,3,0.0,1,0,1,77786.05,0
600.0,France,Male,38,3,109564.2,1,0,1,84505.49,0
493.0,France,Male,29,2,0.0,1,1,1,9793.82,0
602.0,Spain,Male,44,6,173898.12,2,1,1,51512.33,0
689.0,France,Male,31,4,0.0,2,1,0,88229.83,0
625.0,Germany,Female,50,7,0.0,1,1,1,84846.93,1
531.0,France,Female,27,4,88708.45,1,0,0,142716.42,1
636.0,France,Female,28,7,0.0,2,0,1,145717.01,0
692.0,France,Male,24,4,49637.67,2,1,0,112415.81,0
545.0,Spain,Male,48,3,0.0,2,0,1,88098.66,0
617.0,Germany,Female,39,0,0.0,1,1,0,125863.46,0
540.0,France,Female,28,4,0.0,2,1,1,190280.95,0
631.0,France,Male,33,7,0.0,1,1,0,189531.1,1
755.0,France,Female,42,8,133665.8,1,1,1,19316.19,1
796.0,Spain,Male,39,5,108216.41,2,0,1,137576.37,0
770.0,France,Female,32,3,0.0,1,0,1,194842.0,0
651.0,Spain,Male,49,2,0.0,2,0,0,70038.62,0
496.0,Spain,Male,32,3,0.0,1,1,0,190986.09,0
582.0,France,Female,48,2,103003.17,2,0,1,196288.69,0
595.0,Germany,Male,58,0,226214.7,1,1,0,43952.78,1
591.0,Spain,Male,38,9,0.0,2,0,1,147310.45,0
626.0,Spain,Female,64,5,5711.39,1,0,1,17121.32,0
515.0,France,Male,36,5,41452.48,1,1,1,129084.43,1
696.0,Germany,Female,29,0,0.0,2,0,1,97086.98,0
568.0,France,Female,39,6,195540.4,2,0,0,84930.75,0
523.0,France,Male,37,5,139650.44,2,0,0,5258.25,0
704.0,France,Female,30,3,0.0,1,1,0,120761.05,0
615.0,France,Female,34,8,0.0,2,1,0,124922.93,1
644.0,Spain,Male,40,9,0.0,1,1,0,57197.79,0
776.0,France,Male,37,8,89291.41,2,0,1,15948.61,0
576.0,Germany,Male,29,10,0.0,1,1,1,24698.33,1
655.0,France,Male,38,8,0.0,2,1,0,110044.95,0
538.0,France,Female,52,7,0.0,2,0,0,117817.83,0
424.0,France,Male,40,9,98959.9,2,1,1,61032.72,0
574.0,France,Male,39,8,80852.98,1,1,0,164091.61,0
681.0,France,Female,48,9,154082.54,1,1,0,154880.7,0
738.0,France,Male,28,4,88818.32,2,0,1,9920.89,0
606.0,Germany,Male,36,0,0.0,2,1,1,198432.29,0
655.0,Germany,Female,41,3,0.0,2,0,0,137490.47,1
684.0,France,Female,46,7,43647.43,1,1,0,108801.01,0
724.0,France,Male,49,2,207307.07,2,1,1,41381.39,1
524.0,France,Male,30,2,48361.4,1,0,1,173492.29,0
603.0,France,Male,40,9,0.0,1,0,1,117318.76,0
784.0,France,Female,21,7,0.0,1,1,0,49288.89,0
651.0,Spain,Male,59,6,144020.18,2,1,1,21870.28,0
603.0,France,Female,48,8,191574.17,2,0,0,19789.95,1
652.0,France,Female,40,1,0.0,1,1,0,115457.05,0
436.0,Spain,Male,32,3,35776.37,2,0,0,163764.93,0
591.0,Germany,Male,41,6,0.0,2,1,1,72333.29,0
652.0,Spain,Male,42,3,0.0,2,1,1,131098.83,0
613.0,France,Male,35,0,140331.81,2,1,0,193538.39,0
680.0,France,Male,43,1,0.0,1,0,0,187202.38,0
601.0,France,Female,52,9,33149.27,1,1,0,87070.16,1
522.0,France,Male,45,7,112904.1,1,1,1,158890.01,0
788.0,Spain,Male,38,9,136396.78,2,1,1,24145.63,0
679.0,Germany,Male,36,7,75685.82,1,1,1,77158.21,0
735.0,France,Female,34,4,59989.88,1,1,0,133183.44,0
613.0,Spain,Female,38,1,0.0,1,1,0,140943.71,1
512.0,Spain,Male,28,4,171807.68,2,0,0,31099.06,0
744.0,Spain,Female,49,1,0.0,1,0,0,162415.26,0
630.0,France,Female,44,0,99434.3,1,1,1,43789.77,0
530.0,France,Male,66,6,0.0,1,1,1,75721.57,0
774.0,France,Female,30,10,0.0,2,1,0,190302.45,1
690.0,France,Female,48,6,260000.0,2,1,0,14436.93,1
715.0,Germany,Female,48,5,120046.73,1,1,0,65509.59,1
639.0,Spain,Female,28,5,200984.73,1,1,0,54579.83,0
677.0,Spain,Male,38,2,63073.44,2,1,1,65074.42,0
760.0,France,Female,27,7,110601.75,1,0,1,41490.95,0
578.0,France,Male,36,8,0.0,1,1,1,186151.07,0
530.0,France,Male,42,3,0.0,2,1,1,87230.9,0
665.0,France,Female,27,9,0.0,2,1,0,140797.98,0
567.0,Germany,Female,36,4,72104.24,1,1,0,124703.64,0
732.0,France,Male,52,3,0.0,1,1,0,138172.57,0
745.0,Germany,Male,36,7,0.0,2,1,1,57863.79,0
562.0,France,Male,29,9,55680.3,2,1,1,114846.65,0
546.0,France,Male,44,8,0.0,1,1,0,76495.9,0
665.0,France,Male,40,5,0.0,2,1,1,66582.14,0
505.0,France,Male,46,10,78987.49,2,0,1,177190.5,0
723.0,France,Female,36,4,25929.13,1,1,0,18917.48,0
770.0,France,Male,33,3,50374.93,2,1,1,174715.07,0
499.0,Germany,Male,36,6,30177.64,1,1,0,179070.4,1
771.0,France,Male,50,0,0.0,2,1,0,93285.87,0
736.0,France,Male,29,5,0.0,1,0,1,63227.0,0
718.0,France,Male,53,1,118465.81,2,0,0,44959.99,1
530.0,France,Male,40,2,83511.89,1,1,0,50727.85,0
636.0,France,Female,52,3,138464.86,1,0,1,129732.98,0
686.0,Spain,Female,24,8,17025.73,1,1,0,145996.61,0
693.0,Germany,Female,65,6,260000.0,1,1,1,109529.22,0
626.0,France,Female,18,4,46671.24,1,0,0,173934.36,0
716.0,France,Female,23,7,45572.32,2,1,1,195720.71,0
541.0,Spain,Female,28,8,136273.33,4,1,1,171224.57,1
633.0,France,Male,19,2,117325.52,1,1,1,174270.64,0
757.0,Spain,Female,40,10,43999.15,2,0,1,170705.87,0
605.0,Germany,Male,53,2,0.0,1,0,0,73373.0,0
521.0,Germany,Male,40,1,0.0,4,1,1,23134.14,1
750.0,Spain,Female,37,10,76865.81,1,0,0,174750.72,1
610.0,Germany,Female,40,2,65804.34,1,1,0,16518.08,0
692.0,Spain,Male,30,4,38238.67,2,0,1,184060.81,0
552.0,Germany,Female,37,3,196623.1,1,1,0,140751.68,1
555.0,Spain,Female,33,9,87215.68,1,1,0,66744.05,0
597.0,Spain,Male,54,8,0.0,1,1,0,23947.29,1
598.0,France,Female,51,7,195796.29,1,1,0,128900.73,0
617.0,Spain,Female,34,0,0.0,1,1,0,49195.86,0
747.0,France,Male,21,2,80166.15,2,0,1,25692.09,0
669.0,France,Male,40,10,0.0,1,1,0,47972.12,0
653.0,Spain,Female,18,2,194461.41,2,1,0,103997.54,0
499.0,France,Female,41,4,161943.26,1,1,1,78067.83,0
691.0,France,Female,39,6,175199.02,2,0,0,50534.55,0
716.0,Germany,Female,34,6,0.0,2,0,0,120561.2,0
706.0,Germany,Male,48,3,159150.35,1,1,0,144231.1,1
558.0,Germany,Male,29,9,0.0,2,0,0,92755.64,0
552.0,France,Male,22,4,0.0,2,1,1,132216.88,0
719.0,Spain,Female,43,9,125074.41,2,0,1,72463.32,0
787.0,Germany,Male,32,3,46863.17,1,1,0,157999.08,0
568.0,Spain,Male,48,9,0.0,2,0,1,183794.78,0
613.0,Germany,Male,44,10,0.0,1,1,0,177593.72,0
537.0,France,Male,39,3,52731.31,2,1,1,3319.73,0
755.0,France,Male,21,0,0.0,1,1,0,1489.54,0
617.0,Spain,Male,37,9,116522.66,1,1,1,195934.05,0
521.0,France,Male,36,0,12782.56,2,1,1,59592.81,0
730.0,Spain,Male,31,5,175643.58,2,1,0,136157.86,0
701.0,France,Male,33,6,0.0,1,1,0,80194.21,0
624.0,Germany,Male,50,4,88175.33,2,0,0,189560.53,0
532.0,Germany,Male,35,8,54090.34,1,0,0,126400.84,0
645.0,Germany,Male,45,4,0.0,2,0,1,69577.7,0
695.0,Germany,Female,38,9,88665.95,2,1,1,144148.48,0
703.0,Germany,Male,41,9,46217.5,2,0,0,71768.22,1
594.0,Germany,Female,47,10,140576.52,2,1,0,84313.42,0
577.0,France,Male,32,7,0.0,2,1,0,19824.53,0
543.0,Spain,Female,42,4,151954.47,2,1,1,96237.54,0
512.0,France,Female,47,6,0.0,2,1,1,86953.52,0
721.0,France,Female,44,2,88241.41,2,0,1,186981.18,1
652.0,France,Female,40,0,69370.41,1,1,1,164243.4,0
812.0,France,Female,34,9,134111.46,2,1,1,8393.11,0
587.0,Spain,Female,61,3,0.0,1,1,1,171243.4,0
643.0,Germany,Male,26,7,172552.71,1,1,0,92936.3,0
350.0,Germany,Male,46,10,19847.05,2,1,0,173236.47,1
633.0,France,Male,42,9,0.0,2,0,0,184941.73,0
571.0,Spain,Female,27,10,0.0,1,1,0,52398.44,0
559.0,Germany,Male,50,2,61243.05,1,1,1,13895.13,0
567.0,Germany,Male,28,0,42226.14,2,0,0,180132.79,0
395.0,France,Male,54,1,87413.1,1,1,1,91180.87,0
769.0,France,Female,35,4,42168.82,1,0,1,22984.98,0
619.0,Spain,Male,43,5,109571.27,1,0,0,118761.95,0
731.0,France,Female,28,4,0.0,1,1,1,57853.74,0
677.0,France,Female,47,5,0.0,1,1,1,114166.46,0
549.0,France,Female,51,5,0.0,1,1,1,161352.3,0
756.0,France,Male,44,9,134381.85,1,1,1,136743.45,0
556.0,Spain,Female,33,9,156255.69,1,1,0,98165.99,0
553.0,France,Female,27,0,70401.92,2,0,1,60123.41,0
597.0,Spain,Male,19,5,70770.2,2,1,1,119583.53,0
715.0,France,Male,41,4,75394.55,2,1,1,41544.94,0
647.0,France,Male,52,3,97712.08,1,1,1,180898.37,0
719.0,France,Female,38,1,0.0,2,0,1,181621.39,0
616.0,France,Male,35,9,187392.21,1,0,1,56503.58,0
709.0,France,Male,36,8,0.0,1,1,0,14276.17,0
433.0,Germany,Male,51,10,0.0,2,1,1,119459.48,0
635.0,Germany,Female,44,0,0.0,1,1,0,131608.97,0
717.0,Spain,Female,22,3,0.0,1,1,1,86723.45,0
712.0,France,Male,41,2,0.0,2,1,0,171878.99,0
574.0,France,Female,29,2,73068.91,2,1,1,110210.16,0
724.0,Spain,Male,32,2,110619.65,2,0,0,133088.33,0
633.0,France,Male,45,8,63186.46,1,1,1,119493.75,0
652.0,Spain,Male,67,3,90476.89,2,1,0,139754.85,0
749.0,Spain,Male,54,5,0.0,2,0,0,198466.5,0
575.0,France,Male,43,8,0.0,2,1,1,100751.37,0
737.0,France,Male,34,3,81942.3,1,1,0,41261.4,0
686.0,France,Male,48,10,0.0,1,1,1,74054.4,0
633.0,France,Female,29,1,0.0,1,1,0,125799.01,0
743.0,Germany,Male,21,8,24814.47,1,1,0,96709.21,1
630.0,Spain,Female,41,9,0.0,2,1,1,97094.24,0
760.0,Germany,Male,35,1,0.0,1,1,0,120509.5,0
603.0,France,Female,37,0,122273.14,1,1,1,67567.41,0
657.0,France,Male,29,6,66102.34,2,1,1,118070.48,0
716.0,Spain,Male,28,10,0.0,2,1,0,70188.49,0
722.0,Spain,Female,44,2,0.0,2,1,0,190168.69,1
507.0,France,Male,48,1,100930.5,1,1,0,13016.63,0
703.0,France,Male,40,8,0.0,2,1,0,156481.01,0
658.0,Germany,Male,44,10,131185.35,1,1,1,164041.05,0
628.0,France,Female,18,8,0.0,2,1,1,87662.55,0
723.0,Germany,Female,28,9,169200.63,2,0,1,18454.96,0
554.0,Spain,Male,47,3,64673.21,2,0,0,43907.72,1
620.0,Spain,Male,37,10,0.0,1,0,0,5310.8,0
413.0,France,Female,34,5,120551.46,2,1,0,132367.49,1
699.0,France,Female,21,9,52877.22,1,1,1,46225.98,0
693.0,France,Male,38,1,0.0,1,1,0,22304.82,0
553.0,France,Female,39,5,0.0,2,1,1,81777.62,0
534.0,France,Female,43,5,106916.9,2,1,1,74155.48,0
550.0,Germany,Male,47,7,0.0,1,0,0,85651.47,1
835.0,Germany,Female,24,9,0.0,3,1,1,135661.17,0
551.0,Germany,Male,58,2,116415.74,2,0,1,166650.34,0
706.0,France,Male,29,0,1565.77,1,1,1,163974.02,0
651.0,Germany,Female,23,0,164920.84,4,1,1,125778.45,1
774.0,Germany,Female,18,7,0.0,1,0,1,99614.36,0
745.0,France,Female,18,1,0.0,1,1,1,22539.41,0
848.0,France,Female,26,10,172099.41,1,0,0,120720.46,0
570.0,France,Female,43,0,86189.19,1,0,1,7083.25,0
675.0,France,Male,34,7,193521.61,2,1,1,19754.4,0
524.0,France,Female,29,5,0.0,2,1,1,35303.63,0
850.0,Spain,Male,21,0,230672.55,1,0,0,105225.88,0
693.0,France,Male,33,9,129537.75,2,0,0,26763.85,0
389.0,France,Female,27,3,0.0,1,1,0,189288.67,0
675.0,France,Male,35,1,0.0,1,1,0,162004.73,0
750.0,Spain,Female,34,6,121097.92,2,1,1,83464.95,0
618.0,France,Female,42,2,0.0,2,1,0,33223.4,1
673.0,France,Male,21,4,0.0,1,0,1,147370.93,0
697.0,France,Male,36,4,128767.59,1,1,1,189628.5,0
700.0,France,Female,48,5,0.0,2,0,0,14967.08,0
683.0,France,Male,32,10,0.0,2,0,0,91191.76,0
480.0,Spain,Male,39,5,0.0,1,0,0,15718.93,0
747.0,Spain,Male,39,7,0.0,1,1,1,67120.24,0
413.0,Spain,Female,31,2,62519.05,4,0,0,75001.18,0
690.0,Germany,Female,39,6,0.0,1,0,1,183660.69,0
620.0,France,Male,28,2,0.0,2,1,0,118787.67,0
750.0,France,Male,51,3,58587.81,1,1,0,174523.9,0
519.0,France,Female,54,8,70473.55,1,1,1,136353.12,0
722.0,Germany,Female,72,3,103151.4,2,0,1,62141.43,0
738.0,Spain,Male,41,4,0.0,1,1,1,119894.87,0
575.0,France,Male,40,3,0.0,1,1,0,135242.75,0
560.0,Germany,Female,34,3,138016.26,2,0,0,83508.98,0
624.0,France,Female,31,7,0.0,1,1,1,148529.1,0
636.0,Germany,Male,23,1,109334.01,1,1,0,37274.68,0
833.0,France,Female,47,3,210980.2,2,1,0,82196.71,0
662.0,France,Male,60,3,0.0,2,1,1,127551.36,0
546.0,France,Male,21,5,0.0,2,1,1,102979.56,0
556.0,Germany,Female,18,0,0.0,1,0,0,179631.98,0
655.0,France,Female,59,5,0.0,1,1,1,90640.08,0
667.0,Spain,Female,36,6,175305.58,2,1,1,98957.01,0
505.0,France,Female,41,0,187542.76,2,1,1,99378.4,0
841.0,Spain,Male,27,10,16357.89,2,1,1,154670.97,0
536.0,France,Male,23,10,0.0,1,1,0,37468.35,0
813.0,France,Male,26,2,0.0,2,1,0,146868.83,0
504.0,Germany,Male,43,4,49098.65,2,0,0,110390.11,1
533.0,France,Female,54,0,160120.85,2,0,1,24174.78,0
682.0,Spain,Female,58,6,0.0,1,1,0,138704.83,0
751.0,France,Female,25,7,61531.39,1,1,1,194269.19,0
669.0,France,Female,62,4,82980.1,2,0,1,190971.28,0
715.0,Germany,Female,36,9,73517.8,1,0,0,156333.36,0
618.0,France,Female,21,3,37296.18,1,1,1,123957.87,0
696.0,France,Male,48,6,0.0,1,1,0,23804.99,0
527.0,Spain,Male,35,9,0.0,2,1,1,46734.97,0
390.0,Spain,Male,52,7,31606.34,1,0,0,65511.13,0
483.0,France,Male,34,8,0.0,2,0,1,49664.12,0
662.0,France,Female,49,4,0.0,1,1,1,144807.69,0
656.0,Germany,Female,46,5,0.0,1,0,1,2318.41,1
692.0,Germany,Female,49,1,104852.98,4,1,1,195818.7,1
623.0,France,Male,55,9,0.0,2,0,0,85062.39,1
556.0,Spain,Male,35,0,23864.01,1,0,0,62797.01,0
696.0,France,Male,50,3,177759.97,1,1,0,173494.83,0
553.0,Spain,Female,55,9,0.0,2,0,0,156633.21,1
500.0,France,Male,51,7,0.0,1,1,1,73223.2,0
457.0,Spain,Female,43,8,126297.97,2,1,1,124719.68,0
586.0,France,Male,39,5,25053.87,1,0,0,60203.55,1
630.0,Spain,Male,43,2,65718.1,1,0,0,22610.35,0
706.0,Germany,Male,33,1,0.0,1,0,0,3717.15,0
599.0,Germany,Male,48,4,0.0,1,0,1,5342.51,0
730.0,France,Male,18,7,176082.79,2,0,1,143586.08,0
674.0,Spain,Male,22,0,156320.82,2,1,1,100079.91,0
604.0,France,Male,34,6,0.0,2,1,1,4945.16,0
850.0,France,Male,42,8,103942.05,2,1,0,118799.16,1
512.0,Germany,Female,38,7,0.0,1,0,1,194657.74,1
538.0,Germany,Male,39,8,61672.62,1,0,0,80774.46,1
607.0,Spain,Female,41,2,0.0,2,1,1,93551.7,1
599.0,Spain,Male,45,0,0.0,1,0,1,25305.61,0
658.0,Germany,Female,55,10,142301.95,2,1,1,149274.15,1
565.0,France,Female,38,6,28477.56,2,1,1,108314.91,0
494.0,France,Female,45,3,37241.6,2,1,1,14519.13,0
661.0,Spain,Female,35,10,219187.62,1,1,1,103958.82,0
717.0,Spain,Female,20,2,0.0,1,1,0,144820.82,0
717.0,France,Male,25,4,0.0,1,1,1,103443.88,0
705.0,Germany,Male,34,3,58005.63,1,1,0,43105.49,0
640.0,France,Male,38,7,75312.13,2,1,1,48917.68,0
554.0,France,Female,37,5,0.0,1,1,1,57743.86,0
598.0,Spain,Female,38,3,19266.59,2,1,0,191538.18,0
598.0,France,Male,43,8,0.0,1,0,0,144157.85,1
725.0,Germany,Male,25,1,0.0,2,0,1,95805.06,0
694.0,France,Male,32,7,0.0,2,1,0,40613.28,0
679.0,France,Male,44,2,0.0,1,1,0,163766.24,0
531.0,Spain,Male,41,8,65873.8,2,1,1,13995.03,0
625.0,Germany,Male,48,9,0.0,1,0,1,46968.84,0
610.0,Germany,Male,34,10,112858.3,1,1,0,166806.65,0
601.0,France,Male,34,9,181337.22,2,0,1,17734.46,0
593.0,Spain,Male,39,3,0.0,1,1,1,34855.99,0
629.0,France,Female,30,1,0.0,1,0,1,147643.79,0
522.0,France,Male,53,5,0.0,2,1,1,28834.73,0
570.0,France,Male,39,6,0.0,2,1,1,152863.19,0
613.0,Germany,Male,28,9,0.0,2,1,0,61376.25,0
666.0,Germany,Male,35,7,66240.71,1,1,0,14111.07,1
481.0,France,Female,35,6,73756.35,4,1,0,8779.19,1
746.0,France,Male,44,1,169936.06,1,1,1,199729.03,1
680.0,France,Male,27,8,137690.74,1,1,0,43345.77,0
633.0,Spain,Male,45,2,0.0,1,0,1,52752.08,0
609.0,Spain,Male,36,3,0.0,1,0,1,94659.85,0
630.0,France,Male,34,6,65091.21,1,1,1,72620.13,0
664.0,Spain,Female,40,1,32373.13,2,1,1,109157.24,0
792.0,Germany,Female,35,3,125283.84,1,1,1,119811.46,0
712.0,France,Male,18,0,0.0,3,1,1,176581.3,0
683.0,Spain,Female,37,2,7030.28,1,1,0,74466.2,1
792.0,Spain,Male,26,2,0.0,1,1,0,120731.17,0
711.0,France,Female,39,10,128163.8,1,0,1,197637.44,0
752.0,Spain,Male,38,10,102093.82,2,1,0,144988.58,0
648.0,France,Male,34,7,44300.2,2,1,1,169271.46,0
650.0,France,Female,38,9,89709.49,2,1,0,60213.94,0
756.0,France,Female,46,9,103347.33,2,1,1,93845.35,0
578.0,France,Female,21,10,31776.18,2,0,1,4284.09,0
621.0,Germany,Female,48,7,0.0,1,1,0,122867.57,1
584.0,France,Male,21,3,0.0,2,0,1,149767.63,0
731.0,Germany,Male,39,8,0.0,2,1,1,189014.78,0
688.0,Germany,Female,36,1,36061.21,1,1,0,10166.23,1
771.0,Germany,Male,34,9,101882.93,1,1,1,89921.54,0
509.0,France,Female,27,3,67148.93,1,1,0,47545.39,1
580.0,France,Male,46,9,90634.16,1,1,0,415.19,0
760.0,Germany,Male,56,6,0.0,2,1,0,134022.15,1
544.0,Germany,Female,47,9,235645.15,1,0,0,199993.13,0
641.0,Germany,Male,52,5,124761.94,1,1,1,135974.28,0
628.0,Spain,Female,56,5,46261.61,1,1,0,138432.09,0
741.0,France,Male,40,6,0.0,2,1,0,89635.03,1
736.0,France,Female,45,10,51101.04,1,0,1,133091.36,0
570.0,France,Female,40,0,71881.39,2,0,1,124476.66,0
775.0,Spain,Male,42,9,149571.71,2,1,1,174506.16,0
678.0,France,Male,31,5,98709.32,1,1,1,72328.32,0
675.0,Spain,Female,41,3,69325.84,2,1,0,161831.84,0
464.0,France,Female,29,2,7862.54,1,1,1,14206.02,0
700.0,France,Female,39,2,0.0,2,0,1,119437.98,0
601.0,Spain,Female,32,3,114563.49,2,1,1,178088.26,0
676.0,Spain,Female,33,4,88182.99,2,1,1,23471.71,0
565.0,France,Female,43,2,0.0,1,1,1,195832.4,0
647.0,Germany,Male,25,10,0.0,2,1,1,29744.95,0
668.0,Spain,Female,45,10,119324.41,1,1,0,157046.04,0
580.0,Germany,Female,35,5,138233.29,1,0,0,77398.69,1
680.0,Spain,Female,44,4,18915.34,1,0,0,69365.17,0
557.0,France,Male,35,4,0.0,1,1,0,125730.51,0
562.0,Spain,Male,31,7,0.0,2,0,1,82077.52,0
629.0,Spain,Male,40,0,0.0,2,1,1,85427.41,0
564.0,France,Male,42,10,162472.25,2,1,1,144753.03,0
471.0,France,Male,28,6,0.0,3,1,0,162532.43,1
602.0,Germany,Female,32,8,41959.15,2,0,0,147368.76,1
664.0,France,Male,53,0,143132.3,2,1,0,21475.77,1
535.0,France,Male,49,0,99871.34,2,1,0,122471.24,0
547.0,Germany,Female,24,6,36068.9,1,1,0,50562.47,0
718.0,Spain,Female,58,2,148276.95,2,1,1,148134.44,0
651.0,France,Male,52,8,138985.36,2,1,0,136014.12,0
608.0,France,Male,41,5,195987.52,1,1,1,94452.76,0
612.0,France,Female,46,2,108247.69,1,1,1,183625.95,0
826.0,France,Male,49,4,54282.27,2,1,1,54943.51,0
570.0,Germany,Male,37,1,0.0,2,1,1,163092.39,0
551.0,France,Female,54,1,172255.79,1,0,1,34053.85,0
762.0,France,Female,46,9,0.0,2,1,0,115871.65,0
607.0,France,Female,38,5,173766.91,3,1,0,87372.07,1
670.0,Germany,Male,40,5,147732.52,1,1,0,15741.68,1
567.0,France,Male,47,8,171618.67,1,1,0,78603.53,0
677.0,Spain,Male,42,2,206843.64,2,1,0,188924.97,0
690.0,Germany,Male,56,1,0.0,2,1,1,44813.88,0
609.0,France,Female,34,8,0.0,2,0,1,136276.39,0
695.0,Germany,Male,31,4,0.0,1,0,1,133949.41,0
527.0,France,Male,35,5,0.0,1,1,1,179066.74,0
781.0,France,Male,58,8,149564.43,1,0,0,21805.77,0
803.0,Spain,Male,45,6,106804.96,1,1,0,94431.71,0
717.0,France,Female,19,1,86072.1,2,1,1,157208.93,0
814.0,France,Male,27,6,0.0,1,1,1,24502.16,0
699.0,Spain,Female,50,6,193193.56,2,0,1,195705.26,0
779.0,France,Male,37,8,0.0,1,1,1,117254.04,0
623.0,Spain,Male,45,7,27313.74,1,1,0,117054.17,0
832.0,Spain,Female,44,2,0.0,1,1,0,27642.34,0
608.0,Germany,Male,43,3,0.0,2,1,1,197854.87,0
617.0,France,Male,28,7,116330.63,2,1,0,117294.46,1
541.0,Germany,Female,52,9,143184.44,1,0,1,91564.15,1
715.0,Spain,Male,30,3,133057.01,2,0,0,119192.74,0
583.0,France,Female,41,1,0.0,1,1,0,135448.36,0
718.0,France,Female,54,7,0.0,1,0,0,119776.25,0
611.0,Germany,Female,42,0,0.0,2,0,0,170584.04,1
807.0,Spain,Male,36,5,0.0,1,0,0,122744.66,1
749.0,France,Female,26,2,197794.69,3,1,0,196991.38,1
619.0,France,Male,45,3,40471.75,1,1,0,103191.43,0
677.0,Spain,Female,57,4,116965.61,1,0,0,34474.95,0
766.0,France,Female,34,1,0.0,2,0,1,176378.43,0
687.0,Spain,Female,32,10,127441.95,1,1,1,56176.14,0
753.0,Germany,Female,36,6,199248.47,2,0,0,166368.19,1
527.0,Germany,Female,18,0,0.0,1,1,0,10682.8,1
474.0,France,Female,37,10,0.0,1,1,1,36238.2,0
634.0,Spain,Male,41,6,0.0,2,1,1,86814.65,0
722.0,Spain,Male,25,6,112703.31,1,0,1,175133.22,0
649.0,Germany,Male,48,10,110848.79,2,1,1,133909.1,1
593.0,France,Male,34,3,82518.63,2,0,1,93508.71,0
697.0,Spain,Female,29,3,0.0,2,1,0,39056.82,0
634.0,France,Male,34,4,1982.37,2,1,1,48458.76,0
562.0,France,Female,57,7,0.0,1,1,1,165669.46,0
832.0,Spain,Female,42,5,99967.74,2,1,0,53913.36,1
562.0,Germany,Female,39,1,24643.27,2,1,1,72143.62,0
527.0,France,Female,32,1,0.0,1,1,0,36875.55,1
647.0,France,Male,35,8,138070.31,1,0,0,115177.5,0
795.0,Germany,Male,31,10,0.0,1,0,1,132035.57,0
497.0,Spain,Male,69,0,0.0,2,0,1,61623.75,0
631.0,France,Male,35,5,166849.88,1,1,1,81622.41,0
850.0,France,Female,41,9,167518.46,2,1,1,89558.66,0
696.0,Germany,Male,28,8,0.0,2,1,1,175174.37,0
598.0,Germany,Male,48,4,248324.83,2,1,1,171590.42,0
539.0,France,Female,32,1,0.0,1,1,1,1830.39,0
685.0,Germany,Male,33,10,64118.49,2,1,0,160161.0,0
616.0,France,Male,48,7,3280.59,2,1,0,66757.79,0
662.0,Spain,Female,53,9,0.0,2,1,1,131666.04,0
668.0,France,Male,43,9,0.0,1,1,0,69880.31,0
464.0,France,Male,46,10,0.0,1,1,0,67359.1,0
466.0,France,Male,32,8,0.0,1,0,0,148808.73,0
620.0,France,Male,52,6,33908.03,2,1,0,151900.51,0
510.0,Germany,Female,53,10,0.0,2,1,0,136641.9,1
661.0,Germany,Male,21,2,45400.23,2,0,1,108962.18,0
479.0,Germany,Male,29,2,44723.97,2,1,0,104365.22,0
568.0,Germany,Female,33,8,40050.99,2,0,0,113355.17,0
577.0,Germany,Male,52,6,0.0,1,1,1,81866.79,0
478.0,France,Male,37,2,0.0,2,1,0,65458.61,1
624.0,Germany,Male,20,10,100998.43,3,1,0,136572.23,1
455.0,France,Female,26,2,0.0,2,1,0,17908.65,0
687.0,Spain,Female,44,9,0.0,2,1,1,104086.8,0
528.0,Spain,Male,37,3,0.0,1,1,1,131118.24,0
756.0,France,Female,28,8,0.0,2,1,0,78653.42,0
531.0,France,Female,48,8,101802.44,2,1,0,151279.63,1
810.0,France,Male,47,10,0.0,1,1,0,95454.27,0
696.0,France,Female,18,6,0.0,2,1,1,147391.56,0
492.0,France,Female,38,3,145931.18,2,1,1,158863.5,0
674.0,Germany,Male,31,3,103049.04,1,1,1,195632.74,0
560.0,Germany,Female,48,2,89309.09,1,1,0,71912.86,1
648.0,France,Female,58,3,0.0,1,1,0,30598.54,1
663.0,France,Female,55,5,121640.29,1,1,0,51305.79,0
637.0,Germany,Male,26,5,0.0,2,1,1,196693.05,0
765.0,France,Male,52,5,0.0,1,1,0,187991.78,0
663.0,Germany,Male,42,7,0.0,2,0,0,33488.24,0
617.0,Germany,Male,21,9,43630.35,2,1,0,18483.17,1
625.0,France,Male,53,3,206284.25,2,0,0,112716.04,1
554.0,France,Male,32,10,0.0,1,1,0,22904.03,1
449.0,Germany,Male,46,7,0.0,2,1,0,130265.01,0
612.0,France,Female,19,1,23525.21,2,1,1,127039.81,0
598.0,France,Female,31,1,102265.37,1,0,1,43805.55,0
437.0,France,Male,50,3,80473.79,2,1,1,47751.35,0
741.0,France,Male,18,1,132890.85,1,1,0,118995.11,0
605.0,France,Male,41,6,190807.41,2,1,0,156981.52,0
780.0,Spain,Female,27,6,0.0,1,1,1,169200.56,0
669.0,Germany,Female,52,4,0.0,1,0,0,155836.04,0
750.0,Spain,Female,40,1,198345.89,2,1,1,128796.93,0
639.0,France,Female,21,7,0.0,2,1,1,29170.74,0
641.0,Germany,Female,48,10,0.0,1,0,1,92214.05,0
692.0,Spain,Male,46,7,106697.28,2,0,1,72778.87,0
471.0,France,Male,42,7,10769.18,1,0,1,54959.23,0
757.0,France,Male,32,9,0.0,3,1,0,41517.13,1
661.0,Spain,Female,32,10,102131.69,1,0,1,154130.86,0
740.0,France,Male,47,2,129292.19,1,1,1,32691.33,0
567.0,France,Female,52,9,0.0,1,1,1,17822.99,0
685.0,Spain,Female,24,5,141468.59,2,0,1,97599.52,0
480.0,France,Male,37,7,0.0,2,0,1,82801.71,0
790.0,Spain,Male,42,6,0.0,1,1,1,199131.85,0
791.0,France,Male,32,4,118624.19,2,1,1,22542.16,0
736.0,France,Male,54,4,38738.71,2,1,1,49050.5,0
768.0,Germany,Female,34,1,61942.26,1,0,0,163663.3,0
563.0,Spain,Male,25,9,98825.93,1,1,0,26515.36,0
758.0,France,Male,20,6,0.0,1,0,0,95976.86,0
693.0,Germany,Male,38,10,62699.02,1,1,1,192104.05,0
770.0,Spain,Male,57,4,220222.46,1,1,0,1500.57,1
757.0,France,Male,46,1,7477.41,1,1,0,100835.52,0
511.0,France,Female,41,4,0.0,2,1,1,133079.68,0
660.0,France,Female,57,7,0.0,1,1,0,156979.72,0
691.0,France,Female,51,4,187369.65,1,1,1,183655.68,0
804.0,Germany,Female,47,8,50514.31,1,1,0,51647.71,1
595.0,Spain,Male,56,5,95936.71,2,1,0,25994.18,0
668.0,France,Male,42,8,0.0,2,0,0,140452.13,0
593.0,France,Male,52,0,200208.83,1,1,0,45804.42,0
487.0,France,Male,40,6,75289.9,2,1,1,190271.25,0
817.0,France,Female,38,1,152996.67,1,1,0,125649.06,0
470.0,Spain,Male,39,3,0.0,1,0,1,169696.72,0
708.0,Spain,Male,42,4,0.0,1,1,0,100351.27,0
727.0,France,Male,51,2,100139.04,2,1,1,38567.21,0
615.0,France,Female,33,5,113776.56,1,1,0,101205.66,0
580.0,Spain,Male,51,9,0.0,1,1,0,30494.31,0
601.0,Germany,Male,43,5,67858.49,2,1,1,133149.77,0
541.0,Germany,Male,29,4,25088.18,2,1,1,140928.67,0
636.0,France,Female,41,3,188935.16,1,0,0,57252.4,1
563.0,France,Male,47,8,30067.84,2,1,1,110758.86,0
586.0,France,Female,35,2,0.0,1,1,1,18931.11,0
735.0,Spain,Male,28,3,165190.05,2,0,1,176741.43,0
817.0,Spain,Male,49,3,110347.89,2,1,1,145342.29,1
360.0,Spain,Male,40,5,211487.96,2,1,1,183733.81,0
805.0,France,Female,32,10,180048.64,1,1,1,83041.71,1
698.0,France,Male,47,2,0.0,2,0,1,77901.9,0
605.0,Germany,Female,35,4,0.0,1,1,0,62678.34,0
824.0,France,Male,34,10,80324.69,2,0,1,102176.28,0
751.0,France,Female,22,3,0.0,2,1,1,93081.17,0
643.0,France,Female,35,9,0.0,1,1,1,92966.28,0
719.0,France,Female,39,1,0.0,2,0,1,56868.17,0
649.0,Spain,Male,28,3,0.0,2,1,1,26822.58,0
464.0,France,Female,47,7,0.0,2,1,1,157250.36,0
734.0,Spain,Male,48,8,83365.73,1,1,1,110360.64,0
779.0,France,Male,48,2,48709.99,2,1,0,88303.47,0
581.0,France,Female,42,10,115434.73,2,0,1,67773.29,0
589.0,France,Male,41,9,0.0,1,1,1,120669.16,0
622.0,Spain,Female,45,9,0.0,2,0,1,89811.26,0
669.0,Germany,Female,44,3,113895.09,2,1,1,99058.85,0
629.0,Spain,Female,18,5,0.0,2,1,1,95398.41,0
630.0,France,Male,35,0,100902.82,1,0,1,113624.16,0
623.0,Germany,Male,20,5,84664.95,2,1,0,165784.69,0
688.0,Spain,Female,33,2,0.0,2,1,1,166803.89,0
704.0,France,Female,38,1,0.0,1,1,1,155617.23,0
605.0,Spain,Male,52,9,0.0,2,1,1,137111.09,0
725.0,France,Male,49,9,13123.4,2,1,0,93676.43,0
735.0,Germany,Female,40,8,214160.82,2,1,0,161968.43,0
563.0,France,Female,39,1,147470.7,2,1,1,58080.12,0
706.0,France,Male,37,5,0.0,2,0,1,122073.2,0
599.0,France,Female,39,6,44171.42,2,1,1,50537.08,0
735.0,Spain,Female,47,1,103999.6,2,1,1,148579.38,0
597.0,Spain,Male,47,1,0.0,1,1,1,114591.06,0
656.0,France,Female,24,9,0.0,1,0,0,45107.16,0
674.0,France,Female,30,0,0.0,2,1,0,71813.22,0
590.0,France,Female,34,9,27506.34,1,1,1,143940.05,0
558.0,France,Male,29,1,38446.58,1,1,1,56611.54,1
728.0,France,Male,40,9,91843.84,1,0,1,66384.14,0
686.0,Spain,Female,32,6,63198.3,2,1,0,140913.44,0
740.0,France,Female,53,0,0.0,3,0,1,95150.21,1
819.0,France,Male,46,4,0.0,2,1,0,7885.61,0
514.0,Spain,Male,51,0,139690.23,2,1,1,72784.52,0
621.0,France,Male,36,5,2331.52,1,1,1,130176.1,0
564.0,France,Female,51,4,54091.71,2,1,1,97398.92,0
760.0,France,Female,40,3,71872.31,1,0,1,71720.31,1
630.0,Germany,Male,48,9,138287.22,2,1,1,118834.83,0
763.0,France,Female,51,3,0.0,1,1,0,13591.81,1
812.0,France,Male,46,4,42386.65,1,0,1,169139.51,0
747.0,Spain,Male,31,4,0.0,1,0,1,65256.77,0
760.0,Germany,Male,53,3,4304.19,4,1,1,6530.47,0
696.0,France,Female,41,10,78322.29,1,1,0,30134.09,0
597.0,Spain,Male,41,4,0.0,2,0,0,40100.92,0
712.0,Germany,Male,18,8,0.0,1,0,1,173670.07,0
654.0,Spain,Male,46,10,0.0,1,1,0,116890.68,1
621.0,France,Male,18,7,0.0,2,1,1,167186.56,0
539.0,France,Female,21,8,0.0,1,1,0,33968.03,0
805.0,Germany,Female,34,5,0.0,2,1,1,158189.47,0
678.0,France,Female,29,8,0.0,2,1,0,157460.95,0
724.0,France,Male,24,7,164986.16,3,1,1,85962.35,1
666.0,Spain,Male,40,10,125052.52,1,1,0,52051.73,0
791.0,Spain,Female,59,3,63864.63,1,1,1,66322.46,0
691.0,Germany,Female,49,4,46874.9,2,1,1,49401.37,0
603.0,France,Female,65,1,156714.15,1,1,0,65699.47,1
719.0,France,Female,32,3,169046.2,2,1,1,106049.05,0
579.0,Germany,Female,35,3,9411.44,2,1,0,79420.5,1
664.0,Spain,Female,28,4,0.0,2,1,1,174994.17,0
526.0,Spain,Male,20,6,82439.25,1,1,1,88407.3,0
498.0,Spain,Female,35,1,52837.59,1,1,0,127217.97,1
677.0,Germany,Male,53,3,86956.26,1,1,1,165541.11,0
581.0,France,Female,57,9,215062.87,2,0,0,138447.89,1
650.0,Spain,Male,29,0,75369.47,2,1,1,132757.55,1
832.0,France,Male,39,6,76012.17,2,0,1,75142.63,0
639.0,France,Female,41,4,56623.89,2,1,1,149670.92,0
781.0,France,Male,28,5,0.0,1,1,0,26471.25,0
469.0,France,Male,19,7,197783.06,1,1,1,68779.44,0
675.0,Germany,Male,46,9,48602.53,1,1,1,149579.63,0
589.0,France,Male,31,2,93742.13,2,0,1,113198.35,0
632.0,Germany,Female,51,9,132337.84,1,1,1,67834.82,1
764.0,Spain,Male,30,0,227727.37,1,1,0,76322.07,1
634.0,France,Male,45,2,0.0,1,1,1,104097.97,0
755.0,France,Female,31,4,0.0,1,1,0,71984.63,0
808.0,Germany,Female,27,4,0.0,2,1,0,142451.8,0
589.0,France,Female,30,8,39244.26,1,1,0,166056.56,1
772.0,France,Male,46,2,132966.65,2,1,1,47655.81,0
650.0,Spain,Male,30,2,29979.07,1,1,1,193782.5,0
571.0,Spain,Female,43,10,77845.52,1,1,0,88021.78,0
685.0,Spain,Male,37,2,15639.95,2,1,0,118977.27,0
778.0,France,Female,41,7,0.0,2,0,1,34066.24,0
620.0,Spain,Female,46,0,150612.74,1,0,0,155078.63,0
701.0,France,Male,47,10,44245.8,2,1,0,164017.54,0
573.0,Spain,Male,25,5,182984.51,2,0,1,167826.48,0
627.0,Germany,Female,35,7,87648.07,3,0,0,141418.83,1
628.0,Spain,Female,49,9,79397.31,2,0,1,85301.85,1
657.0,Germany,Male,29,8,0.0,1,1,0,179776.91,0
734.0,France,Male,32,4,0.0,1,1,0,122058.73,0
774.0,France,Male,33,7,147153.31,2,0,1,92647.52,0
579.0,France,Female,39,9,0.0,1,0,0,162658.38,1
744.0,France,Male,61,3,26684.51,1,1,0,158805.62,1
650.0,France,Female,30,9,0.0,1,1,1,14184.76,0
722.0,Spain,Male,33,10,59316.14,2,1,0,53336.58,0
726.0,Spain,Male,35,7,0.0,1,0,1,60981.2,0
652.0,France,Male,39,9,221756.14,1,1,1,8865.31,0
736.0,France,Male,45,4,80403.35,1,1,1,118007.19,0
637.0,Spain,Female,32,1,0.0,2,1,1,180759.78,0
663.0,Germany,Male,38,9,137383.41,2,1,0,22842.94,0
675.0,Germany,Male,23,10,39589.26,2,1,0,71032.82,0
569.0,Germany,Female,47,3,174338.7,2,1,1,12326.81,0
675.0,France,Female,35,10,160123.56,2,1,0,81686.49,1
723.0,France,Female,43,5,75681.92,2,1,1,137637.24,0
674.0,Germany,Female,41,2,163437.35,2,0,1,69396.51,1
740.0,Germany,Female,28,3,96899.75,2,1,1,19961.91,0
613.0,Germany,Male,38,2,73093.64,2,1,0,97064.27,0
743.0,Germany,Female,28,5,2754.41,2,1,0,18361.11,0
505.0,Spain,Male,33,3,0.0,1,0,1,66954.94,0
628.0,France,Female,56,8,0.0,1,0,0,199895.04,0
664.0,Germany,Female,29,3,131972.29,1,1,0,119192.94,1
663.0,Germany,Male,18,0,40096.5,2,1,0,137218.82,0
511.0,France,Female,29,9,147833.11,2,0,1,16895.15,0
582.0,France,Male,55,6,260000.0,1,1,0,151677.67,0
693.0,France,Male,49,5,0.0,1,1,0,107602.77,1
708.0,France,Male,29,4,0.0,2,1,1,17720.04,0
694.0,France,Male,21,9,61325.66,2,1,0,191853.04,0
646.0,France,Male,37,6,80928.01,2,1,0,97953.7,1
542.0,Germany,Male,40,3,0.0,2,1,0,94386.34,1
843.0,France,Female,35,7,24160.78,1,1,1,136270.45,0
693.0,France,Male,26,4,173777.14,1,1,0,147319.31,0
674.0,Spain,Female,48,10,68605.69,2,1,1,16292.84,0
660.0,Germany,Male,34,1,119527.32,2,1,0,140358.28,1
648.0,Spain,Female,31,0,0.0,2,1,0,132655.96,0
691.0,France,Male,64,9,23148.38,1,0,0,88880.44,0
706.0,France,Female,18,6,107384.93,1,1,0,106394.04,0
638.0,Spain,Male,56,5,27414.09,2,1,0,10933.48,0
511.0,Spain,Male,52,8,75815.66,2,1,1,152966.89,0
772.0,France,Male,38,6,27418.54,1,0,1,14362.39,0
792.0,Spain,Male,41,8,0.0,1,1,1,121592.92,0
793.0,France,Male,30,3,165854.01,2,1,1,101750.81,0
747.0,Spain,Female,24,4,0.0,2,1,1,35322.8,0
619.0,France,Female,44,6,0.0,2,1,1,13754.83,0
456.0,France,Female,24,10,80905.25,1,1,0,172685.89,0
674.0,France,Male,33,6,0.0,1,1,0,50461.12,1
725.0,Spain,Female,33,1,110404.45,1,1,0,74988.25,1
575.0,France,Female,55,0,0.0,2,1,0,121365.86,1
541.0,France,Female,29,1,0.0,2,1,1,198026.1,0
669.0,France,Female,32,7,0.0,1,1,1,143353.56,0
727.0,France,Male,38,7,0.0,2,0,0,27798.86,0
701.0,Germany,Female,50,6,120618.77,2,0,0,82585.84,1
850.0,Spain,Male,46,8,143348.86,1,1,1,131082.15,0
625.0,Spain,Male,28,1,21877.96,1,1,1,3536.13,0
796.0,Germany,Male,43,6,24320.89,1,1,1,144027.58,0
664.0,France,Male,45,2,0.0,2,1,0,153456.21,0
655.0,France,Female,31,0,121479.22,1,1,1,148654.27,0
570.0,France,Male,43,6,29214.27,2,1,1,94927.92,0
618.0,France,Male,37,1,99926.25,2,1,0,138524.77,1
640.0,France,Male,27,9,146584.21,2,0,0,159572.0,0
841.0,France,Female,44,2,57601.1,2,1,0,78874.97,1
756.0,France,Male,40,1,0.0,1,0,0,197530.2,0
523.0,Germany,Male,31,6,0.0,2,1,0,7195.15,0
543.0,Spain,Male,41,7,28530.52,1,1,1,128100.68,0
669.0,Spain,Male,28,1,0.0,2,1,0,90497.15,0
694.0,France,Male,33,0,0.0,1,0,0,168037.68,0
776.0,France,Male,41,0,0.0,1,0,0,176030.28,1
575.0,Spain,Female,32,7,0.0,2,0,0,144089.77,0
662.0,France,Male,31,1,78108.54,2,1,1,73913.0,0
850.0,Spain,Female,37,8,0.0,1,1,1,165798.55,0
626.0,Spain,Male,28,9,0.0,1,1,1,195457.22,0
850.0,France,Female,34,5,69257.26,1,0,0,172550.04,0
632.0,Germany,Male,56,10,163313.12,2,0,0,34509.32,1
706.0,France,Female,43,7,91422.84,2,0,1,166788.52,0
682.0,Spain,Female,52,4,0.0,2,0,0,146878.21,0
783.0,Germany,Male,35,0,0.0,2,0,0,132363.12,1
559.0,France,Female,44,5,160955.87,1,1,0,166683.45,1
660.0,Germany,Male,38,8,0.0,2,0,0,128877.84,0
757.0,Spain,Female,37,3,0.0,2,1,1,20554.66,0
557.0,Spain,Female,30,2,72407.98,2,0,0,299.22,1
612.0,Spain,Female,39,7,135649.98,2,1,0,151521.16,1
662.0,Germany,Female,36,2,175378.83,2,1,0,127500.75,0
778.0,France,Female,20,6,0.0,1,0,0,141107.42,0
790.0,France,Female,35,5,0.0,2,1,1,81959.41,0
762.0,Spain,Female,29,1,4207.97,1,0,0,96717.1,0
635.0,Spain,Male,37,9,0.0,1,1,0,29965.09,0
617.0,France,Female,30,10,0.0,1,1,1,57502.79,0
531.0,Spain,Female,33,4,52025.16,1,1,0,117987.42,0
635.0,Spain,Female,48,10,69058.03,1,1,1,56375.03,0
660.0,Germany,Male,35,0,197989.59,1,0,1,165889.83,0
686.0,France,Male,42,10,111071.08,1,1,0,185500.91,0
804.0,Germany,Male,38,1,115730.22,1,0,1,52605.99,0
643.0,France,Male,28,8,0.0,2,1,0,5707.97,0
650.0,Germany,Female,41,9,109043.5,2,1,0,45030.6,1
827.0,France,Male,30,5,0.0,1,0,1,66967.74,0
696.0,France,Male,18,2,44686.75,1,1,0,148961.08,0
678.0,France,Male,53,2,99414.31,2,1,0,121949.08,0
783.0,France,Female,33,1,0.0,1,1,0,54682.59,1
574.0,Spain,Male,35,1,0.0,1,0,0,63076.41,0
645.0,France,Male,23,2,0.0,1,1,1,60218.63,0
619.0,Spain,Female,34,6,0.0,2,1,1,185571.02,0
757.0,Germany,Female,24,3,0.0,2,1,0,35495.45,1
811.0,France,Female,54,8,0.0,2,1,1,130576.2,0
771.0,France,Female,35,10,66799.29,2,1,0,17677.0,0
603.0,France,Female,52,9,0.0,1,1,1,197263.31,0
537.0,Germany,Male,52,0,135930.26,1,0,1,180962.63,0
697.0,France,Female,32,8,52624.51,1,1,0,14946.03,0
574.0,France,Male,23,3,0.0,2,1,1,181613.74,0
776.0,France,Female,35,4,163016.81,2,1,0,55148.08,1
528.0,Germany,Male,38,3,0.0,1,0,0,56354.53,0
520.0,Germany,Male,31,5,0.0,2,1,1,175887.23,0
850.0,Spain,Male,41,7,0.0,2,0,1,101693.93,0
583.0,France,Male,56,7,162456.23,2,1,1,35156.08,1
645.0,France,Male,38,0,81111.01,2,1,1,23107.93,0
512.0,Spain,Male,43,1,0.0,2,1,1,921.3,0
562.0,Spain,Female,21,3,0.0,2,0,0,37608.03,1
657.0,France,Male,44,3,0.0,1,0,0,141505.71,0
587.0,Spain,Female,39,9,144669.61,1,0,0,94236.69,0
454.0,Spain,Male,50,4,0.0,2,1,0,164910.73,0
596.0,France,Female,33,2,1898.82,2,0,1,8488.21,0
636.0,France,Male,33,0,31253.18,1,1,0,195388.74,1
661.0,France,Female,35,3,0.0,1,0,1,80204.25,0
714.0,Spain,Male,47,4,105955.71,2,1,0,105660.09,1
695.0,Germany,Male,36,7,0.0,2,1,1,22649.33,0
826.0,France,Male,31,3,0.0,2,1,1,99447.12,0
556.0,France,Male,49,7,111259.51,1,1,1,152678.39,0
606.0,Spain,Male,49,2,0.0,1,1,1,8027.2,0
568.0,Spain,Male,44,1,120397.86,2,1,1,189522.85,0
561.0,France,Female,36,4,0.0,2,1,0,71471.95,1
734.0,Spain,Female,38,7,32923.29,1,1,1,103303.92,0
632.0,Spain,Female,33,7,50323.88,2,1,0,74225.73,1
668.0,France,Female,47,10,45472.48,2,1,0,146876.34,0
691.0,France,Male,39,4,78527.57,2,0,0,31028.12,0
837.0,France,Male,37,9,93665.76,2,1,0,195468.92,0
784.0,Spain,Female,66,9,0.0,1,0,1,25170.32,0
680.0,France,Male,48,2,191121.86,1,1,0,60313.11,1
610.0,Spain,Female,39,9,89319.28,1,1,0,57049.41,0
585.0,France,Male,28,9,46514.02,1,1,1,21212.26,0
590.0,France,Female,49,8,99196.29,1,1,1,19690.74,0
655.0,France,Male,42,6,0.0,2,0,0,87248.52,1
726.0,Germany,Female,37,3,0.0,2,1,1,38229.82,0
702.0,France,Male,30,7,3146.12,2,1,1,67838.86,0
608.0,France,Male,36,5,0.0,2,0,1,81365.34,0
531.0,France,Male,37,6,11288.25,2,1,1,10213.84,0
666.0,France,Male,53,8,0.0,1,0,1,87016.5,0
553.0,France,Female,51,9,213602.47,2,0,1,57392.8,0
816.0,Germany,Male,45,10,0.0,2,0,1,159660.35,0
744.0,France,Female,41,7,68530.26,2,1,0,88403.53,0
611.0,France,Male,44,8,28969.89,2,1,1,2916.13,1
711.0,Germany,Male,22,9,0.0,1,1,1,178739.88,0
637.0,France,Female,22,8,84718.76,2,1,1,70650.79,0
499.0,Spain,Male,22,2,0.0,2,1,1,110445.52,0
599.0,Germany,Male,51,1,0.0,1,1,0,151252.85,0
693.0,France,Male,49,7,64494.53,1,1,1,168225.97,0
559.0,Germany,Female,24,3,132484.1,1,0,0,126640.87,1
791.0,France,Female,25,4,125041.8,2,1,1,99225.81,0
619.0,Spain,Male,58,5,105763.07,2,1,0,74459.83,0
553.0,France,Male,32,3,48466.71,2,0,0,104956.79,0
669.0,France,Female,36,4,0.0,1,1,1,135468.68,0
787.0,France,Male,42,9,0.0,1,0,1,57097.14,0
585.0,France,Female,46,8,81768.73,3,0,1,36125.02,1
542.0,Germany,Female,23,4,221996.09,2,0,1,116878.43,1
714.0,Germany,Male,26,7,0.0,1,1,0,125351.16,0
611.0,France,Male,53,1,69090.92,2,1,0,4609.01,0
660.0,France,Female,41,0,0.0,1,1,0,62475.89,0
785.0,France,Male,32,0,76449.75,2,0,0,159669.5,0
712.0,Germany,Male,42,5,130596.6,2,1,0,35134.04,0
540.0,France,Female,38,1,0.0,2,0,0,37622.19,0
612.0,Spain,Female,46,1,69601.65,2,1,1,183478.18,0
579.0,France,Female,36,2,104609.03,1,1,1,111076.11,0
694.0,Spain,Male,31,6,205465.2,1,1,0,16578.43,1
682.0,Spain,Male,34,4,0.0,1,1,1,29929.29,0
731.0,Germany,Female,18,1,67616.53,2,0,1,188158.47,0
625.0,Germany,Female,40,2,0.0,2,1,1,151245.2,0
717.0,France,Female,44,6,53756.25,2,1,1,16160.82,0
824.0,France,Female,29,8,70478.52,4,1,1,156763.45,0
522.0,France,Male,28,9,33885.43,1,1,1,114363.78,0
546.0,Germany,Male,47,8,0.0,1,1,0,147981.24,0
591.0,France,Male,40,4,157335.68,2,1,1,107955.81,0
695.0,France,Male,47,6,0.0,1,0,0,53822.69,0
702.0,Germany,Male,57,3,0.0,2,0,1,14111.33,0
680.0,France,Male,31,6,76017.35,2,1,0,107120.51,0
707.0,Germany,Female,28,3,157100.14,2,0,1,130211.65,0
571.0,France,Female,47,0,215103.65,1,0,1,157576.55,1
602.0,Germany,Female,41,1,145807.62,2,1,0,12886.21,1
481.0,France,Female,40,5,0.0,2,1,1,52685.21,0
672.0,Spain,Male,49,1,0.0,1,1,1,153817.54,0
694.0,France,Female,35,4,0.0,1,0,0,92400.96,0
691.0,Germany,Female,32,2,83799.89,1,1,1,161468.02,0
728.0,France,Female,29,7,120459.9,2,1,1,39897.83,0
772.0,France,Female,36,4,0.0,1,0,0,32939.23,0
632.0,Spain,Male,18,3,103635.46,2,0,1,105950.82,0
664.0,Germany,Male,39,1,0.0,1,1,0,176917.37,0
705.0,Germany,Male,32,3,121088.31,1,1,0,17324.85,0
593.0,France,Female,18,1,149365.88,2,0,1,143005.56,0
692.0,France,Male,33,9,94690.07,1,0,1,49191.36,0
713.0,Spain,Female,56,1,0.0,1,1,1,136933.56,0
633.0,Germany,Female,47,1,0.0,2,1,1,50702.22,0
705.0,Spain,Male,42,5,133895.11,2,0,0,30657.08,1
722.0,France,Male,18,8,0.0,1,1,1,112157.75,0
689.0,Spain,Female,18,2,0.0,1,1,0,124581.73,0
640.0,Germany,Female,52,0,0.0,2,1,1,172161.19,0
641.0,Spain,Female,35,5,106775.56,2,0,0,90906.04,0
588.0,France,Male,24,7,107274.16,1,1,0,129673.3,0
620.0,Germany,Male,41,10,19921.94,4,1,1,13155.46,1
587.0,Germany,Male,39,10,199361.03,1,1,1,20216.16,0
785.0,Spain,Male,46,10,163729.28,4,1,1,7036.54,0
731.0,France,Male,26,5,0.0,1,1,1,99574.84,0
591.0,France,Male,36,4,118092.0,1,1,1,124200.33,0
504.0,Germany,Male,33,0,0.0,2,1,0,56719.87,0
651.0,France,Male,34,2,49269.03,2,1,0,72710.56,1
633.0,France,Male,34,10,0.0,2,1,0,117875.48,0
648.0,Germany,Male,47,6,71327.14,2,0,1,37680.03,0
639.0,Germany,Male,40,8,118305.82,1,1,0,2146.5,1
798.0,Germany,Female,51,6,0.0,2,0,1,43962.55,0
521.0,Spain,Female,33,0,0.0,2,1,1,22696.34,0
644.0,Germany,Male,37,5,0.0,2,1,0,65341.18,1
749.0,Spain,Male,20,1,45534.02,1,1,0,129937.57,0
824.0,France,Male,18,7,14645.95,2,0,1,174816.2,0
505.0,France,Male,46,9,112026.48,1,1,0,143548.82,0
823.0,Germany,Male,29,1,0.0,1,1,1,74718.88,0
712.0,Germany,Female,28,8,0.0,2,1,1,100920.38,0
632.0,France,Female,41,7,69409.57,2,0,0,44209.36,0
669.0,Spain,Female,57,4,0.0,1,1,1,101421.9,0
644.0,France,Female,43,4,101684.54,1,1,0,92999.62,0
637.0,Spain,Male,49,10,77683.64,1,1,0,52894.72,1
558.0,Germany,Male,44,8,23086.91,2,1,0,21881.86,0
456.0,Germany,Male,43,8,0.0,1,1,0,118177.62,1
548.0,France,Female,41,10,0.0,1,1,1,76763.88,0
726.0,France,Female,42,5,0.0,1,0,1,4998.54,0
744.0,France,Female,43,7,0.0,1,0,1,62263.33,0
574.0,Germany,Male,35,5,0.0,2,0,0,93878.57,0
427.0,Germany,Male,31,5,0.0,2,0,1,91574.78,0
540.0,Germany,Female,32,5,0.0,1,1,1,131246.98,0
637.0,Spain,Female,34,1,0.0,1,1,1,79053.28,0
695.0,Germany,Male,55,2,0.0,1,1,0,183106.67,0
556.0,France,Female,27,0,0.0,2,1,0,10746.1,0
578.0,Germany,Female,34,10,38146.26,2,1,0,86486.39,0
665.0,Spain,Male,29,3,135930.58,1,1,1,198876.26,0
698.0,Germany,Male,37,2,0.0,1,1,0,158124.75,1
709.0,Spain,Male,49,10,59591.64,1,0,1,103354.68,0
673.0,France,Female,49,10,91441.22,1,0,1,88286.97,0
730.0,France,Male,38,4,0.0,1,1,1,123453.48,0
598.0,Spain,Male,45,0,162410.12,1,1,1,184824.42,0
544.0,Spain,Male,45,10,0.0,2,1,1,60952.67,0
794.0,Spain,Female,52,9,0.0,1,1,1,69101.68,0
637.0,Spain,Male,46,6,0.0,2,0,0,190721.37,0
607.0,France,Male,30,2,146307.47,1,1,1,199306.3,0
612.0,Germany,Male,22,10,95443.4,1,1,1,146035.77,0
465.0,France,Female,31,7,102317.88,1,1,0,58588.02,1
758.0,France,Male,43,1,0.0,1,1,0,127190.82,0
514.0,France,Male,30,6,61545.73,1,1,0,143259.85,0
722.0,France,Male,35,4,0.0,1,1,0,6006.79,0
699.0,France,Female,61,10,0.0,1,1,1,81350.49,0
671.0,France,Male,51,2,90407.32,1,0,1,117765.67,0
747.0,France,Male,35,3,35510.05,1,1,1,153023.31,0
569.0,France,Male,39,3,95947.51,2,1,1,199139.79,0
570.0,France,Male,34,1,60612.13,1,0,1,33342.64,1
680.0,France,Female,43,6,13668.2,2,0,1,172082.17,0
555.0,France,Male,37,2,0.0,1,1,0,33940.65,0
539.0,Spain,Male,37,6,41772.97,1,1,0,39484.75,0
819.0,Germany,Male,21,2,143143.66,2,1,1,117070.71,0
597.0,France,Male,48,0,0.0,1,1,1,92398.44,0
656.0,France,Male,42,8,0.0,1,0,1,138466.52,0
741.0,Germany,Male,38,1,154441.94,1,1,1,69299.04,0
729.0,France,Male,42,2,203156.41,2,1,1,149969.04,0
591.0,France,Female,47,0,248.49,1,1,0,112976.16,1
606.0,France,Male,42,0,54693.91,1,1,1,150646.56,0
782.0,France,Female,51,2,168463.32,2,0,0,45506.37,1
582.0,France,Female,40,7,100047.04,1,1,1,166836.13,0
628.0,France,Female,31,4,0.0,1,1,0,159053.51,0
606.0,France,Female,36,10,124550.92,2,0,1,77676.74,0
603.0,France,Male,25,2,0.0,2,1,0,122564.45,0
772.0,Spain,Female,31,7,139456.29,2,0,1,62826.81,0
635.0,France,Female,22,7,69539.71,1,1,0,52868.08,0
643.0,France,Male,32,7,111107.09,1,1,1,150158.48,0
580.0,Germany,Male,33,1,0.0,2,0,0,20563.45,0
497.0,Germany,Male,28,5,0.0,2,1,0,71309.5,0
586.0,Spain,Male,44,3,0.0,2,0,1,171870.05,0
421.0,France,Male,47,8,156366.09,2,1,1,69288.54,1
726.0,France,Male,33,10,12309.13,2,1,1,44854.48,0
801.0,France,Male,36,7,0.0,1,1,1,110531.46,0
585.0,Germany,Male,28,3,0.0,2,1,1,132093.24,0
787.0,Germany,Male,27,10,171230.0,2,1,0,104347.65,0
675.0,France,Female,44,4,105697.41,2,1,1,37677.37,0
449.0,France,Female,42,8,121664.68,1,1,0,93929.67,1
670.0,Germany,Male,38,10,75163.96,1,0,1,71747.26,0
800.0,Germany,Male,58,7,112447.32,1,1,1,42106.76,0
739.0,France,Female,42,9,0.0,1,0,1,137041.03,0
728.0,Germany,Male,45,2,55342.81,1,1,0,178501.22,0
563.0,Spain,Male,38,5,90529.55,1,1,1,109778.2,1
703.0,France,Female,48,1,0.0,2,0,0,149504.92,0
710.0,Spain,Female,21,9,0.0,2,1,1,3522.4,0
734.0,Germany,Female,32,9,192356.48,1,0,1,95853.45,0
757.0,Germany,Male,48,2,0.0,1,0,1,196566.96,0
704.0,France,Female,30,8,107653.75,4,1,1,97144.61,1
724.0,France,Female,46,0,37540.35,2,1,0,53002.75,1
602.0,Germany,Female,47,6,227977.7,2,1,1,103127.07,0
671.0,Germany,Female,31,6,0.0,2,1,1,35376.47,0
637.0,France,Female,42,7,132853.35,2,1,0,132381.16,1
579.0,France,Male,38,6,0.0,1,1,0,191890.16,0
707.0,France,Female,52,7,0.0,1,1,1,120261.47,0
539.0,Germany,Male,49,1,0.0,2,0,0,8722.14,0
788.0,France,Male,40,2,0.0,2,1,0,153728.9,0
637.0,Germany,Female,20,10,151118.71,3,1,1,182021.84,1
640.0,France,Female,30,4,99385.45,2,1,0,135493.06,1
843.0,Germany,Male,52,1,0.0,1,0,1,108123.54,0
606.0,France,Male,46,7,0.0,1,0,0,12070.41,0
694.0,Germany,Female,52,7,52553.78,1,1,0,96534.22,1
740.0,France,Female,26,2,37606.81,2,1,1,170550.01,0
594.0,France,Male,18,0,0.0,2,1,1,152730.09,0
519.0,Germany,Male,53,5,47702.7,1,1,0,70838.41,1
716.0,France,Female,43,9,4887.05,1,0,0,54976.4,0
617.0,Germany,Female,45,1,71873.83,1,1,0,167327.54,0
738.0,France,Male,27,6,0.0,2,0,1,143991.4,0
499.0,France,Female,42,9,26235.08,1,1,1,147288.61,0
592.0,France,Female,36,3,0.0,2,1,1,35885.96,0
709.0,France,Male,39,4,91732.26,2,1,1,178623.69,0
821.0,Spain,Male,44,0,125599.06,2,1,1,109455.26,0
794.0,France,Male,31,5,175523.22,2,1,0,136850.81,0
618.0,France,Female,49,10,71146.66,1,0,1,7384.46,0
647.0,France,Male,24,0,0.0,2,0,1,86152.71,0
741.0,France,Male,40,3,0.0,1,0,1,147753.37,0
663.0,France,Female,37,2,0.0,2,1,1,111412.34,0
645.0,Spain,Female,42,10,0.0,2,0,1,68024.38,0
695.0,France,Male,27,8,0.0,1,0,1,34913.41,0
709.0,France,Female,41,2,0.0,1,0,1,125778.65,0
633.0,Germany,Male,21,7,0.0,2,1,1,177812.1,0
592.0,Spain,Male,58,8,0.0,1,0,1,32670.88,0
709.0,Germany,Female,41,0,90923.21,2,1,0,185248.11,0
577.0,France,Male,41,7,82807.94,2,0,0,70338.46,1
563.0,France,Male,54,4,0.0,2,1,0,31351.42,1
659.0,Germany,Male,27,4,49963.07,1,1,1,130297.31,0
472.0,France,Male,45,6,0.0,1,1,0,168987.81,0
468.0,France,Male,43,6,151565.54,2,0,0,88832.78,1
585.0,Spain,Male,44,10,123579.68,1,1,1,81831.06,0
590.0,Spain,Female,33,10,67787.47,1,0,1,46033.69,0
605.0,Spain,Male,22,4,0.0,1,1,0,35613.4,0
623.0,France,Male,22,4,4120.98,2,1,1,109556.08,0
624.0,France,Male,51,1,0.0,1,1,1,59913.24,0
704.0,France,Male,34,4,0.0,1,1,0,28251.39,0
594.0,Germany,Male,41,2,87815.94,2,1,1,31493.98,0
581.0,Germany,Male,42,6,0.0,4,1,1,41297.13,1
639.0,Spain,Female,44,9,177014.19,2,1,1,175399.9,0
601.0,France,Male,31,1,125303.41,1,0,1,101711.61,0
747.0,France,Female,40,3,199356.24,1,1,1,149773.37,0
708.0,France,Female,26,5,0.0,2,0,0,43178.08,0
529.0,France,Male,23,4,57192.95,1,1,0,82273.99,0
361.0,France,Male,34,7,0.0,2,1,0,99592.24,0
618.0,Germany,Female,38,7,0.0,2,1,0,55528.44,0
741.0,Germany,Male,32,4,0.0,2,1,0,152843.64,1
586.0,France,Male,27,7,101936.28,2,1,0,110536.86,0
722.0,Germany,Female,46,10,0.0,2,0,1,115759.44,0
604.0,France,Male,59,1,21460.24,2,1,1,78576.43,0
623.0,France,Male,30,10,25560.51,1,1,1,199913.0,0
675.0,Germany,Female,46,4,0.0,1,0,1,175630.46,1
500.0,Spain,Male,40,8,0.0,2,1,0,17232.54,0
479.0,Germany,Female,28,4,125163.07,2,1,0,72304.61,0
602.0,Germany,Female,28,4,17145.76,1,1,0,188609.47,0
595.0,Spain,Female,37,8,0.0,2,1,0,88975.93,0
628.0,Spain,Female,52,10,83648.19,1,0,0,25613.39,1
595.0,France,Male,53,0,101361.46,2,1,1,89032.35,0
674.0,Germany,Female,37,0,0.0,2,1,1,408.08,0
720.0,Spain,Female,46,6,123881.76,1,1,0,40836.63,0
739.0,Germany,Male,51,4,0.0,2,1,0,86012.75,1
717.0,Spain,Female,44,3,0.0,1,1,1,44545.07,0
742.0,France,Male,53,10,194773.01,2,1,1,167885.91,0
690.0,Germany,Male,41,7,105115.33,2,1,0,75827.5,1
710.0,Germany,Male,34,5,56704.18,1,1,0,191648.19,0
720.0,France,Female,25,5,96133.54,2,0,0,185370.88,0
708.0,Spain,Female,44,9,210606.67,2,0,1,133583.51,1
628.0,Spain,Female,41,3,0.0,2,1,1,97234.81,0
467.0,France,Male,29,7,124231.12,2,1,1,112835.4,0
666.0,France,Female,46,1,0.0,1,1,0,90467.29,0
662.0,Spain,Female,34,8,3000.71,2,0,0,95989.1,0
618.0,Germany,Male,18,4,134477.81,1,1,0,117012.17,0
471.0,Spain,Female,45,1,0.0,2,1,0,69286.04,0
438.0,France,Female,40,4,0.0,2,0,0,163682.76,0
679.0,Spain,Female,44,6,175478.56,1,0,0,172110.73,0
590.0,France,Male,35,8,0.0,2,1,0,86589.78,0
565.0,France,Male,34,3,171720.69,2,1,1,139033.9,0
701.0,Spain,Male,34,7,9126.66,1,1,1,45940.77,0
825.0,Germany,Female,44,7,0.0,1,1,0,57059.7,1
749.0,Germany,Male,48,1,40038.1,1,0,1,106808.2,1
590.0,France,Male,18,9,0.0,1,1,0,196471.05,0
692.0,Spain,Male,44,7,140618.52,1,1,1,157057.03,0
672.0,Germany,Female,33,8,8228.99,2,0,1,46885.05,0
841.0,France,Male,70,7,0.0,1,0,0,181596.36,0
779.0,Germany,Male,48,1,103623.52,2,1,0,90872.68,1
592.0,Germany,Female,40,3,58439.46,2,1,0,181125.8,0
594.0,Spain,Male,37,3,0.0,1,1,0,54273.76,0
776.0,France,Female,28,8,109388.4,2,1,1,98122.25,0
683.0,Spain,Female,45,8,0.0,2,1,0,182662.82,1
824.0,Germany,Female,53,2,0.0,2,0,1,69103.73,0
684.0,Germany,Female,32,3,103572.49,2,1,1,197724.83,0
620.0,France,Male,18,5,0.0,1,1,0,19515.06,0
718.0,Spain,Male,31,10,0.0,2,0,1,46000.48,0
640.0,France,Female,30,10,95029.07,2,1,1,95875.08,0
693.0,France,Male,45,9,0.0,1,1,1,131941.07,0
746.0,Germany,Male,42,8,96355.7,1,1,1,192901.45,0
789.0,France,Female,41,3,104118.16,2,1,0,62554.95,0
619.0,France,Male,37,1,43650.28,2,1,0,196491.79,0
807.0,France,Male,49,10,68304.16,1,1,1,126364.36,0
591.0,France,Female,24,1,0.0,1,0,0,35391.54,0
595.0,Spain,Male,34,9,66303.4,1,1,0,158093.21,0
552.0,France,Male,38,5,0.0,2,0,1,136592.57,0
559.0,France,Male,38,10,0.0,1,1,0,173987.06,0
484.0,Germany,Male,43,9,0.0,1,1,0,116292.89,0
739.0,France,Male,29,4,0.0,2,1,0,32435.17,0
627.0,France,Female,45,5,0.0,2,1,1,20380.16,1
707.0,France,Male,59,10,155861.58,1,1,0,31568.93,0
558.0,Germany,Female,42,1,0.0,1,1,1,33394.78,0
649.0,France,Male,48,8,0.0,1,1,1,92877.22,0
669.0,Spain,Female,59,0,0.0,2,0,0,57624.98,0
665.0,Germany,Male,27,7,0.0,2,1,1,74653.15,0
755.0,Spain,Male,42,8,0.0,1,1,1,132128.73,0
628.0,France,Male,19,9,0.0,1,0,1,41102.13,0
850.0,France,Male,62,4,111320.02,1,0,1,78609.88,0
642.0,France,Female,40,5,222825.02,1,0,0,94282.1,1
555.0,Germany,Female,49,5,30013.87,1,0,1,49347.63,1
525.0,Germany,Male,33,4,0.0,1,1,0,130038.44,1
774.0,France,Male,28,5,69869.82,2,1,1,86830.22,0
572.0,Spain,Female,44,5,0.0,2,1,1,58395.1,0
604.0,Germany,Male,32,1,15418.42,2,1,1,177529.84,0
507.0,France,Male,27,0,0.0,1,1,0,171139.69,0
629.0,Spain,Female,33,2,96173.79,1,1,0,103119.07,0
630.0,Germany,Male,29,1,0.0,1,1,1,15573.98,0
642.0,France,Female,42,3,0.0,1,1,0,157300.4,0
640.0,Spain,Female,40,2,0.0,2,1,0,159563.87,0
780.0,Germany,Female,46,5,107393.74,2,0,1,114513.55,0
592.0,Spain,Male,40,3,0.0,1,1,0,111372.99,0
502.0,France,Female,31,5,0.0,1,0,0,15759.96,0
716.0,France,Female,43,8,165471.8,1,1,0,36692.99,1
730.0,France,Male,49,7,0.0,2,1,1,95144.7,0
724.0,France,Female,47,8,20780.04,1,1,1,107713.47,0
644.0,France,Male,35,1,0.0,1,1,0,6449.87,0
580.0,Germany,Male,48,0,0.0,2,0,0,132550.37,1
752.0,France,Female,36,1,145517.26,1,1,1,168336.61,0
677.0,France,Male,29,0,0.0,1,1,1,137177.74,0
787.0,France,Male,40,4,27820.69,1,1,1,199261.89,0
650.0,Germany,Female,47,8,219810.32,2,0,0,49538.09,0
419.0,Spain,Male,34,5,54755.57,1,1,1,163863.67,0
734.0,Germany,Female,40,6,0.0,2,1,0,183475.01,1
667.0,France,Female,39,5,95131.52,1,1,1,182853.74,0
560.0,France,Male,32,1,0.0,1,0,1,120161.61,0
680.0,France,Male,23,5,46392.9,2,1,0,77869.21,0
678.0,Spain,Male,58,3,0.0,2,1,0,72053.32,0
738.0,Germany,Male,50,0,76613.12,2,1,1,156563.2,1
586.0,France,Female,66,2,170716.16,1,1,1,42298.17,1
668.0,Germany,Female,60,0,79408.59,1,1,1,108856.07,0
688.0,France,Female,49,7,93978.19,2,1,0,120626.86,1
529.0,Spain,Male,50,10,0.0,1,1,1,3959.22,0
629.0,Spain,Female,27,10,38011.51,2,1,0,9455.95,0
626.0,Germany,Female,31,7,0.0,2,0,1,181176.45,0
587.0,Spain,Female,43,4,0.0,2,1,1,37134.01,0
548.0,France,Female,43,8,38728.71,2,1,1,112246.2,0
657.0,France,Male,48,6,0.0,2,1,0,168874.22,0
640.0,France,Male,34,9,160716.24,2,0,0,174952.57,0
659.0,France,Male,46,10,134180.1,1,1,1,30004.71,0
620.0,Spain,Male,51,8,210382.26,1,1,1,160491.47,1
613.0,Spain,Female,55,10,0.0,2,1,1,53244.49,0
570.0,France,Male,54,8,97216.25,1,1,0,81436.98,1
702.0,Spain,Male,32,5,169417.08,1,1,0,4697.32,0
646.0,Spain,Male,38,7,100803.58,1,1,0,43498.91,0
630.0,France,Female,42,1,0.0,1,1,1,16245.52,0
821.0,Germany,Male,49,7,0.0,2,0,1,187943.19,0
831.0,France,Male,37,10,25601.85,1,1,1,198125.78,0
687.0,Spain,Male,25,8,0.0,1,1,1,76278.32,0
621.0,France,Male,29,1,0.0,1,0,0,145823.88,0
661.0,Germany,Male,21,0,0.0,1,1,0,70593.19,0
714.0,Germany,Male,28,10,0.0,2,1,1,3195.04,0
575.0,France,Male,36,8,60089.67,2,1,0,163490.63,0
712.0,Germany,Female,25,0,3398.96,2,1,1,154032.27,0
811.0,France,Female,37,4,0.0,1,1,1,8809.95,0
523.0,Germany,Male,27,1,20884.62,2,1,0,92797.37,0
691.0,France,Male,35,2,0.0,1,0,0,44505.64,0
665.0,Spain,Male,40,6,177948.38,2,0,1,185819.18,0
596.0,France,Female,28,1,0.0,1,1,1,89028.63,0
559.0,France,Female,38,3,78780.23,1,1,1,124493.73,0
713.0,Spain,Male,28,0,0.0,2,1,0,184950.06,0
534.0,Germany,Male,26,8,191829.77,1,1,0,118985.88,1
783.0,France,Male,36,4,77716.55,1,1,1,90190.43,0
720.0,Spain,Male,42,9,52617.05,2,1,1,18597.86,0
625.0,Germany,Male,31,4,85706.64,1,1,1,41420.39,0
706.0,France,Male,39,7,104058.65,1,0,0,193446.16,0
790.0,Germany,Female,38,9,105880.55,2,1,0,158234.24,1
673.0,France,Male,35,9,251132.77,3,1,0,100807.97,1
621.0,Spain,Male,29,10,33822.97,1,1,1,117596.34,0
741.0,Germany,Female,43,4,103955.11,1,1,1,192201.25,0
751.0,France,Male,26,1,105021.81,2,1,0,1798.54,0
625.0,Spain,Male,58,6,0.0,2,1,1,17180.43,0
505.0,France,Female,33,5,0.0,1,1,1,129889.61,0
711.0,France,Male,40,8,0.0,2,1,0,74093.76,0
691.0,France,Female,45,4,96334.42,1,0,1,76218.77,0
731.0,France,Female,30,0,0.0,2,1,0,178939.86,0
499.0,France,Male,34,7,0.0,1,1,1,108825.16,0
564.0,France,Male,29,9,0.0,2,0,0,101894.64,0
850.0,Germany,Female,38,9,112215.94,2,1,1,178352.19,0
659.0,Spain,Male,42,7,67930.3,2,0,1,65210.23,0
584.0,Spain,Male,49,8,48462.51,1,1,1,3475.96,0
574.0,France,Male,33,8,120013.2,1,1,1,45173.54,0
725.0,Germany,Female,43,9,12308.81,2,1,0,199830.39,0
549.0,France,Male,40,6,16854.11,1,1,0,61453.94,0
716.0,Spain,Male,32,5,0.0,2,0,0,4425.3,0
645.0,Germany,Male,35,6,228070.22,2,1,1,149222.42,0
551.0,France,Male,46,5,85149.82,1,0,1,174680.04,0
554.0,Spain,Female,47,4,107150.01,2,1,0,14022.94,0
753.0,France,Female,36,8,0.0,2,1,0,164451.34,1
705.0,Germany,Male,42,7,65177.32,1,1,1,159275.46,0
753.0,Germany,Female,48,6,0.0,1,1,1,195802.78,0
626.0,France,Male,26,1,82188.97,1,0,0,157180.39,0
715.0,Germany,Male,51,9,0.0,2,1,1,118681.23,0
660.0,France,Female,47,2,149555.0,3,1,0,18555.55,1
649.0,France,Female,40,3,76803.63,1,1,0,81467.34,1
639.0,France,Male,26,2,19470.19,2,1,0,66063.25,0
554.0,Spain,Male,36,3,0.0,1,1,1,103380.55,0
582.0,Germany,Female,56,8,0.0,2,1,0,174237.53,0
709.0,Spain,Male,50,4,0.0,1,1,0,34483.91,0
808.0,France,Male,43,9,0.0,1,0,0,185547.31,0
608.0,France,Female,39,10,112203.5,2,1,0,148539.95,0
723.0,Spain,Female,25,10,117704.31,2,1,1,120120.28,0
528.0,France,Male,43,4,144290.27,2,1,1,5368.1,0
595.0,France,Female,38,6,98751.96,2,0,1,41085.06,0
725.0,Spain,Male,36,10,0.0,1,1,1,4517.38,0
528.0,France,Male,45,0,0.0,2,1,1,14879.43,0
699.0,Spain,Female,36,5,209097.99,2,1,0,96115.06,0
687.0,Spain,Male,28,7,161951.79,1,1,1,82803.6,0
632.0,Spain,Male,38,1,0.0,2,0,1,75487.92,0
737.0,Germany,Male,50,6,67804.03,2,1,0,148270.44,0
656.0,Germany,Male,36,0,204676.62,2,1,0,11075.42,0
668.0,Germany,Male,42,3,186039.89,2,0,1,176490.58,0
626.0,France,Male,44,2,125863.06,1,0,1,73419.8,0
631.0,France,Female,44,1,0.0,2,0,0,63366.63,0
614.0,France,Female,27,7,0.0,2,1,1,61703.38,0
613.0,Spain,Female,42,9,0.0,2,1,0,71808.28,0
736.0,France,Male,40,5,0.0,2,1,0,184825.03,0
668.0,France,Male,47,3,127522.46,1,0,1,158646.43,1
752.0,France,Female,30,6,0.0,2,0,0,58375.97,0
582.0,France,Male,18,2,221771.66,2,1,1,157742.66,1
636.0,France,Male,37,3,0.0,2,1,0,117701.51,0
577.0,Germany,Male,35,7,101103.98,1,1,1,108789.97,1
521.0,Germany,Female,26,1,159102.25,2,1,0,97052.14,0
750.0,France,Female,43,0,0.0,1,1,1,135531.09,0
708.0,Spain,Male,45,5,14764.06,2,1,0,135484.53,0
706.0,Germany,Male,42,2,0.0,1,1,1,19037.81,0
563.0,Spain,Male,41,4,10854.75,1,1,0,164900.04,0
786.0,France,Female,31,8,33266.6,2,1,0,40554.08,1
679.0,France,Male,38,3,0.0,2,1,1,87122.98,0
771.0,Spain,Male,44,0,0.0,1,1,0,24444.28,1
581.0,Spain,Male,39,3,171661.16,1,1,1,76416.67,0
649.0,Spain,Female,37,6,0.0,2,1,0,63360.71,0
606.0,Spain,Male,51,8,49060.87,1,1,1,175843.29,0
850.0,France,Female,46,7,0.0,2,0,0,151671.86,0
531.0,Germany,Male,44,5,0.0,1,0,0,98415.89,1
638.0,France,Male,52,9,0.0,1,1,0,131413.91,0
741.0,France,Male,31,0,46678.28,1,1,0,145929.1,1
767.0,Spain,Male,38,4,73006.47,2,1,1,152218.19,0
766.0,France,Male,38,2,81876.12,1,0,0,88694.54,0
671.0,Spain,Female,26,2,33348.17,2,1,1,65637.45,0
626.0,Germany,Female,38,1,86689.03,1,0,1,170078.92,0
699.0,Germany,Female,34,7,0.0,1,1,1,198403.02,0
682.0,Spain,Female,35,10,0.0,1,0,0,55896.86,0
775.0,Spain,Female,47,10,70986.76,2,1,0,29163.37,0
850.0,France,Male,57,1,113630.97,2,1,1,182038.72,1
508.0,Germany,Male,32,6,0.0,1,0,1,46528.21,0
559.0,France,Male,29,0,0.0,2,1,1,22065.92,0
623.0,France,Female,47,6,103079.28,2,1,0,181659.86,0
461.0,Spain,Male,56,5,36089.39,1,1,1,149508.34,0
644.0,France,Female,33,6,156206.58,1,1,0,134879.36,0
652.0,Spain,Male,18,5,74934.05,1,0,0,109511.49,1
628.0,France,Female,43,6,42487.39,1,1,0,121065.65,0
672.0,France,Male,40,1,108652.29,2,0,0,951.21,0
760.0,France,Male,41,10,0.0,3,0,0,104731.31,1
671.0,France,Female,43,1,0.0,1,1,1,136883.44,1
664.0,France,Male,41,7,209149.45,1,0,0,71409.15,0
612.0,Germany,Male,33,8,96919.23,2,0,1,47412.86,0
562.0,France,Female,18,9,0.0,2,1,0,20264.98,0
731.0,France,Female,30,8,214126.41,1,1,0,150793.45,1
654.0,Spain,Female,38,6,72586.68,2,1,0,15468.38,0
613.0,Spain,Female,40,3,27569.62,2,1,1,143406.31,0
614.0,France,Male,43,9,171216.62,2,1,1,178526.93,0
583.0,Germany,Male,35,10,174966.19,2,1,1,67738.71,0
850.0,Spain,Female,32,10,206769.47,1,1,1,184980.51,0
571.0,Spain,Male,38,8,0.0,1,0,0,175791.89,0
767.0,Spain,Male,59,3,80878.88,1,1,0,3135.89,0
644.0,France,Male,30,5,134191.64,1,0,1,112638.25,0
664.0,France,Female,32,8,163498.63,2,1,1,80179.75,0
817.0,France,Male,39,9,9796.31,1,1,0,107019.81,0
756.0,France,Female,51,6,0.0,2,1,1,66584.3,0
608.0,Spain,Female,56,2,42882.76,2,1,1,194548.22,0
501.0,Germany,Male,59,8,132705.0,1,1,1,152276.76,1
727.0,Spain,Female,45,3,169225.43,1,0,1,186930.59,1
639.0,France,Female,32,1,72947.84,3,1,0,170145.43,0
695.0,France,Male,30,8,39724.52,1,0,1,6728.97,0
692.0,France,Female,39,7,0.0,1,0,1,30637.28,0
517.0,France,Male,40,3,30710.92,2,1,1,134822.64,0
683.0,France,Male,53,1,69060.05,2,0,1,3387.86,0
567.0,France,Female,55,0,0.0,2,0,0,188133.13,1
531.0,France,Male,50,1,103271.08,2,1,0,182421.01,1
733.0,Spain,Male,35,1,58639.83,2,1,0,138957.25,1
548.0,Spain,Female,40,3,107442.0,2,1,0,172377.91,0
684.0,France,Female,40,10,53473.18,1,0,1,82337.98,0
631.0,France,Female,26,6,0.0,2,1,1,196772.07,0
471.0,France,Female,43,5,0.0,1,1,1,89086.74,0
757.0,Spain,Female,59,8,88141.15,2,1,1,38735.35,0
749.0,France,Female,54,0,134931.21,1,1,1,27242.35,0
567.0,France,Female,58,4,74194.33,2,0,0,34911.53,1
632.0,France,Male,33,0,85849.15,1,1,1,182737.68,0
650.0,Germany,Male,45,2,0.0,2,1,0,51254.58,0
659.0,Germany,Male,41,9,21117.84,1,1,0,140308.84,1
592.0,Spain,Male,48,9,147717.06,2,1,0,73264.45,0
522.0,France,Male,41,1,222410.01,1,0,1,181726.25,0
602.0,France,Female,30,5,0.0,2,1,1,68829.58,0
674.0,France,Female,22,10,0.0,1,0,0,74546.13,0
510.0,Germany,Male,19,10,0.0,1,1,1,6709.4,0
533.0,Spain,Male,29,1,187543.56,1,1,0,106337.05,0
657.0,France,Male,25,5,97030.25,1,1,1,18458.0,0
546.0,France,Male,20,7,116620.88,1,1,1,69302.41,0
680.0,Spain,Female,37,8,120555.07,2,1,1,43131.55,0
673.0,Spain,Male,23,1,0.0,1,1,1,139206.11,0
616.0,France,Male,34,5,0.0,2,1,0,94738.65,0
650.0,Germany,Male,49,8,0.0,2,0,1,159034.7,1
493.0,Germany,Male,56,8,45012.33,2,0,1,145524.42,0
718.0,Spain,Male,27,2,0.0,1,1,1,174380.47,0
850.0,France,Female,29,1,0.0,1,1,1,54143.71,0
617.0,Spain,Male,43,0,0.0,2,0,0,169132.65,0
788.0,France,Male,31,10,0.0,2,0,0,16820.94,0
850.0,France,Male,25,9,0.0,2,0,1,96033.14,0
702.0,France,Male,33,10,32300.35,1,0,0,180010.24,0
499.0,France,Male,34,5,71956.93,1,0,0,157031.56,1
778.0,Germany,Male,30,6,71782.87,2,1,1,115707.97,0
838.0,France,Female,37,5,219804.56,1,1,1,13297.51,0
680.0,France,Male,27,6,0.0,2,1,1,155033.87,0
684.0,France,Male,43,0,24583.96,1,0,0,98485.01,0
583.0,Spain,Male,44,10,0.0,1,0,0,139506.36,0
728.0,France,Female,45,7,80379.48,2,1,0,58835.73,0
620.0,France,Male,40,5,77602.57,1,1,1,163359.81,0
519.0,France,Female,38,7,95691.98,2,0,1,24805.7,0
850.0,Germany,Female,52,2,95573.6,1,1,1,89706.1,0
599.0,Germany,Female,37,0,82437.63,1,1,1,77214.89,0
645.0,France,Female,47,6,93983.64,1,1,1,116051.83,0
618.0,France,Male,45,4,0.0,1,1,0,32589.46,0
676.0,Spain,Male,39,1,112492.23,1,1,1,87502.26,0
575.0,Spain,Male,46,1,0.0,1,1,1,67835.27,0
649.0,Germany,Female,51,9,86130.78,1,0,0,122116.76,0
583.0,Germany,Male,29,5,0.0,2,0,0,129844.69,1
705.0,Germany,Female,32,8,170291.71,2,1,1,79691.96,0
651.0,Germany,Male,47,0,0.0,2,1,0,185290.25,0
725.0,France,Male,31,3,115816.84,2,1,1,141148.05,0
548.0,France,Male,24,10,85990.33,1,1,0,73184.52,0
521.0,Germany,Male,45,0,65894.82,2,1,1,82532.46,0
728.0,Spain,Female,52,1,0.0,2,0,0,96353.58,0
605.0,France,Male,45,5,52150.99,1,1,1,82358.92,0
618.0,France,Male,40,5,28671.14,2,1,0,114577.05,0
610.0,France,Female,18,4,55655.25,2,1,1,68547.37,0
661.0,France,Female,36,10,15713.28,2,0,0,85415.09,0
587.0,France,Female,59,10,0.0,2,1,1,93763.14,0
478.0,Germany,Female,34,10,131675.02,1,0,1,178342.42,0
549.0,Spain,Female,30,8,79604.73,2,1,0,71535.57,0
616.0,Spain,Female,49,6,88068.95,2,1,1,8932.95,1
850.0,Spain,Male,42,5,0.0,1,1,0,165130.55,1
698.0,France,Female,45,2,0.0,2,1,1,37359.65,0
623.0,France,Female,35,1,116877.37,2,1,0,157231.02,0
522.0,Germany,Female,53,5,148584.21,1,0,0,183612.34,1
704.0,Spain,Female,47,10,0.0,1,1,0,96303.64,0
656.0,France,Male,44,7,164512.62,1,1,0,144233.1,1
629.0,Spain,Male,53,5,0.0,1,0,1,109076.55,0
505.0,France,Female,36,6,197206.74,2,0,0,152350.22,0
510.0,Spain,Female,35,2,52425.01,2,0,1,44170.6,0
739.0,France,Female,44,5,0.0,1,1,0,160187.47,0
630.0,France,Female,34,10,0.0,1,1,1,134205.19,1
716.0,Germany,Female,36,10,157620.88,2,0,1,181782.3,0
579.0,France,Female,18,10,47255.51,1,1,1,186166.71,0
513.0,France,Female,46,1,123934.45,1,0,1,81499.01,0
608.0,France,Male,45,2,0.0,1,0,1,80290.7,0
839.0,Spain,Male,25,10,6874.32,2,1,0,170149.46,0
787.0,Spain,Male,45,3,157881.3,1,1,0,147009.63,0
662.0,France,Male,41,6,153260.73,1,1,1,43611.28,0
725.0,France,Male,26,1,49510.17,2,1,0,138443.93,0
634.0,Spain,Male,30,4,0.0,2,1,0,11987.34,0
575.0,Spain,Male,49,4,58271.67,1,1,1,144737.02,0
803.0,Spain,Female,40,3,100884.63,2,0,1,164207.66,0
635.0,France,Female,42,3,79674.29,1,1,0,29967.57,0
579.0,France,Female,48,6,0.0,2,0,1,37041.75,0
789.0,Spain,Male,28,10,0.0,1,0,0,85288.81,0
665.0,Germany,Female,52,1,72548.57,2,1,1,23889.57,1
600.0,France,Female,51,9,0.0,4,1,1,199874.65,1
651.0,Spain,Male,39,9,0.0,2,0,1,52301.27,0
734.0,Spain,Male,33,0,0.0,2,1,0,186300.51,0
694.0,France,Female,35,8,60716.83,2,1,0,20483.84,0
538.0,France,Female,58,4,46135.74,4,1,1,193409.35,1
850.0,France,Female,29,2,40922.95,1,1,1,166856.94,0
549.0,France,Female,53,7,0.0,2,1,0,43210.35,0
702.0,Germany,Male,47,2,0.0,1,1,0,160320.1,0
763.0,Spain,Female,40,7,0.0,1,1,0,140980.59,0
544.0,Germany,Male,31,7,122338.7,1,1,1,113003.08,0
496.0,Germany,Male,38,5,132587.11,1,1,1,110108.67,0
589.0,Spain,Female,22,7,161454.92,2,1,1,130434.48,0
684.0,Germany,Female,20,6,89143.31,1,1,1,174105.32,0
572.0,Germany,Female,38,3,0.0,2,1,1,7774.98,0
681.0,Germany,Female,26,9,0.0,1,1,0,137768.63,0
518.0,Germany,Female,24,1,0.0,2,1,0,158531.13,1
636.0,Spain,Male,45,0,0.0,2,1,1,32618.47,0
447.0,Spain,Female,33,5,0.0,2,0,1,187066.82,0
547.0,Spain,Female,27,3,117621.74,1,1,0,37320.63,1
656.0,Spain,Female,33,7,245258.93,2,0,1,165630.85,1
621.0,France,Male,39,7,118539.4,1,1,1,7966.25,0
614.0,Spain,Female,41,1,17458.62,1,1,0,133705.74,0
507.0,Spain,Male,36,5,118903.02,2,1,1,164811.34,0
780.0,Spain,Female,45,2,58643.4,2,1,1,111924.25,0
772.0,France,Male,34,10,97624.77,1,1,0,99582.67,1
711.0,Germany,Male,33,3,95832.87,1,0,0,27556.64,0
785.0,France,Female,53,1,80941.33,1,1,1,134894.93,0
674.0,France,Male,31,2,86818.91,1,0,1,198336.25,0
638.0,France,Female,40,6,101695.07,2,1,1,188116.77,0
586.0,France,Male,33,6,86405.54,2,1,0,132167.87,0
697.0,France,Male,32,10,0.0,1,1,0,101881.63,0
516.0,France,Male,42,0,0.0,1,0,1,131728.96,1
697.0,Spain,Female,18,6,152893.31,2,1,1,182028.73,0
557.0,France,Male,40,3,229541.54,1,0,1,65845.93,1
661.0,Spain,Male,58,8,18766.33,1,1,0,43503.64,1
649.0,France,Female,18,7,25711.35,2,1,0,34157.05,0
604.0,Germany,Male,40,4,130287.45,1,1,1,138473.72,0
661.0,Spain,Female,25,0,172400.67,2,1,1,140216.19,0
834.0,France,Male,58,5,61930.55,2,1,0,92221.21,0
653.0,France,Male,24,10,0.0,1,0,1,44979.6,0
511.0,Germany,Male,51,1,106576.32,2,1,0,134677.45,0
489.0,Germany,Male,41,7,0.0,2,0,1,87706.84,0
827.0,France,Male,51,1,115582.46,2,1,1,152705.19,0
688.0,France,Male,36,8,112716.35,2,1,0,139571.63,0
695.0,Spain,Male,18,2,0.0,2,0,1,161079.54,0
540.0,France,Female,29,10,43629.72,2,0,0,176211.75,1
582.0,Spain,Male,46,0,54028.26,2,1,1,113734.24,0
628.0,France,Female,37,9,162466.74,2,0,0,128384.09,1
579.0,France,Female,42,6,62586.54,1,1,0,170628.85,1
688.0,Germany,Female,18,4,0.0,1,0,1,89566.97,0
650.0,Spain,Male,51,8,0.0,2,1,0,91187.09,0
528.0,Spain,Male,35,4,85567.45,2,0,1,23188.28,0
574.0,France,Male,42,0,0.0,1,1,0,181570.12,0
742.0,Germany,Male,25,6,100641.76,1,0,0,164940.38,0
502.0,France,Female,42,3,7686.55,1,1,0,152166.57,0
610.0,Germany,Male,36,7,73119.86,1,1,0,141505.6,0
443.0,France,Male,38,1,55146.5,1,1,0,164255.96,0
751.0,France,Female,24,2,0.0,2,1,1,126563.22,0
652.0,Germany,Male,50,8,0.0,1,0,1,188331.76,0
558.0,Germany,Female,50,7,188177.16,2,1,0,65010.5,0
751.0,France,Male,50,4,139630.89,2,1,0,194445.91,0
550.0,Germany,Male,39,8,92911.99,2,1,0,63600.64,0
650.0,Spain,Male,34,5,102008.56,2,1,0,91021.6,1
741.0,France,Female,39,2,22068.65,2,1,1,103718.61,0
757.0,France,Male,29,2,55226.39,1,1,1,108147.43,0
574.0,France,Male,52,0,128194.09,1,0,0,147000.47,1
647.0,Germany,Male,38,3,78725.39,2,1,0,60801.83,0
509.0,France,Male,27,3,0.0,2,0,1,8516.42,0
582.0,France,Female,58,9,4319.63,1,1,0,82586.21,1
712.0,France,Male,33,2,0.0,2,1,0,184275.68,0
587.0,France,Female,45,2,0.0,2,1,1,105449.07,0
581.0,Germany,Male,47,8,0.0,2,0,1,113504.24,0
598.0,France,Female,32,10,0.0,2,1,1,107091.9,0
671.0,Germany,Female,24,1,154378.76,2,1,1,179051.25,0
720.0,France,Male,23,3,0.0,1,1,0,44416.28,1
636.0,Germany,Female,52,4,147161.48,2,0,1,170296.97,0
638.0,France,Female,18,4,0.0,2,0,1,74547.29,0
687.0,France,Male,48,8,0.0,2,1,0,138728.14,0
743.0,Spain,Female,36,7,225795.47,1,0,0,20121.14,1
496.0,France,Male,36,1,56445.06,2,0,0,199332.57,0
566.0,Germany,Male,41,10,80657.7,2,0,0,53663.23,1
568.0,Spain,Male,32,6,0.0,1,1,1,56277.23,0
743.0,Germany,Male,53,10,55452.83,2,1,1,159605.35,0
630.0,Germany,Male,45,4,134201.41,2,1,1,195535.93,0
725.0,Germany,Male,41,9,0.0,2,1,0,62514.07,1
711.0,Spain,Male,23,1,0.0,1,0,1,31555.15,0
618.0,France,Male,52,5,0.0,4,1,1,75780.91,1
850.0,Spain,Male,51,6,81308.36,1,1,1,118645.82,0
708.0,France,Male,30,7,0.0,1,1,1,116869.45,0
636.0,Germany,Female,35,7,83835.31,1,1,1,4883.14,0
795.0,Germany,Male,58,2,0.0,2,1,0,113756.42,0
484.0,Germany,Male,52,10,0.0,2,1,1,144567.21,0
670.0,Germany,Male,45,5,75632.38,2,1,1,76721.97,0
643.0,Spain,Female,32,10,98515.58,2,1,0,186506.66,1
420.0,France,Female,34,6,15372.19,1,0,1,65589.15,0
615.0,Spain,Male,41,4,167291.91,2,0,1,68946.48,0
595.0,Germany,Female,55,3,12583.45,2,1,0,108388.98,1
841.0,Germany,Male,30,9,103940.13,1,0,1,16566.26,0
478.0,France,Male,39,0,0.0,1,0,0,157329.6,0
626.0,France,Male,60,0,67963.81,1,1,1,118920.23,0
756.0,France,Female,23,1,0.0,2,1,0,161399.22,0
695.0,Spain,Male,46,9,0.0,1,1,1,86531.73,0
475.0,France,Female,38,5,0.0,1,1,1,32767.81,0
753.0,Spain,Female,31,3,0.0,2,0,1,139856.95,0
750.0,Germany,Male,58,10,150563.44,2,0,1,65000.61,0
684.0,France,Male,41,4,0.0,1,1,0,28430.07,0
779.0,France,Male,31,9,0.0,1,1,0,106460.1,1
684.0,France,Female,23,1,0.0,1,1,1,75594.1,0
661.0,Spain,Male,34,4,0.0,2,1,0,182023.21,0
715.0,France,Male,39,4,0.0,1,1,0,96670.13,1
805.0,Germany,Female,43,10,124606.54,2,0,0,76012.04,0
647.0,France,Female,53,6,163030.02,1,1,0,102669.67,0
630.0,Spain,Female,68,10,106848.56,1,1,0,24080.99,1
611.0,Germany,Male,43,0,73379.24,1,1,1,162112.19,0
776.0,France,Male,37,10,0.0,1,0,1,198789.45,0
561.0,France,Male,30,10,122283.21,3,1,0,108972.84,1
688.0,France,Female,29,5,102601.9,1,1,0,2744.95,0
669.0,France,Female,35,10,0.0,1,0,0,152266.83,0
573.0,Germany,Male,61,7,57911.05,2,1,1,19060.03,0
567.0,Germany,Female,18,9,0.0,1,0,0,85216.64,1
788.0,Spain,Female,44,7,133932.62,2,0,1,41244.29,0
713.0,France,Female,38,1,0.0,1,1,0,149866.95,0
529.0,Germany,Female,40,3,166413.81,2,0,1,45391.86,0
637.0,France,Male,26,7,136860.42,2,1,1,157978.35,0
542.0,France,Male,35,0,0.0,1,1,1,179358.1,0
666.0,France,Male,32,6,40786.25,2,0,1,105013.57,0
460.0,Germany,Male,47,7,65075.41,1,0,0,173702.95,0
773.0,France,Female,33,3,0.0,2,1,0,39799.3,0
647.0,France,Female,56,5,99128.57,1,1,1,6463.3,0
574.0,Spain,Female,54,8,130807.98,1,0,0,166483.86,0
581.0,France,Female,18,3,0.0,2,1,0,135821.21,1
532.0,Spain,Male,44,0,129917.0,2,0,1,91280.27,0
776.0,Germany,Female,30,8,0.0,2,1,0,157247.36,0
608.0,France,Male,61,9,106864.69,2,1,0,62882.0,1
794.0,France,Male,44,10,0.0,1,0,1,120004.13,0
695.0,France,Male,37,9,137591.92,2,1,0,39185.25,1
582.0,France,Female,46,8,0.0,2,1,0,70038.99,0
630.0,France,Male,18,1,0.0,2,1,1,84979.74,0
766.0,Germany,Male,31,7,35592.23,2,1,1,158760.34,0
612.0,Germany,Female,32,1,0.0,2,1,0,187499.11,0
578.0,Spain,Female,45,2,0.0,2,1,0,53804.37,1
779.0,Germany,Female,47,5,142039.07,1,1,1,197145.03,0
742.0,France,Female,43,7,0.0,1,0,1,136505.76,0
634.0,Spain,Female,43,10,0.0,1,1,0,9426.7,0
617.0,France,Male,30,3,179108.02,1,1,1,63450.61,0
478.0,Spain,Male,37,7,0.0,1,1,1,53172.49,0
562.0,Germany,Male,44,10,245646.94,2,1,1,45079.24,0
829.0,France,Male,33,1,88116.59,2,1,0,41047.99,0
791.0,Spain,Female,25,5,40544.18,2,1,1,50066.79,0
586.0,Germany,Female,38,4,123153.61,1,1,1,51270.66,0
640.0,France,Female,40,10,85123.37,2,1,1,159890.4,0
733.0,France,Male,43,8,5668.89,1,0,0,60551.13,1
543.0,France,Male,45,3,155077.78,1,1,1,112271.43,0
599.0,France,Male,44,2,0.0,1,1,0,7635.5,1
732.0,France,Male,23,2,135210.95,2,1,0,110534.47,1
735.0,Germany,Female,50,10,26049.36,1,1,1,113577.77,0
627.0,Spain,Male,35,0,165177.78,1,1,0,12037.08,1
571.0,France,Female,33,6,80904.2,1,0,0,196656.01,0
758.0,Spain,Male,61,8,119789.89,1,1,0,140521.15,0
476.0,France,Female,47,1,13643.29,2,1,1,85589.97,0
641.0,Germany,Male,31,8,154154.74,1,1,0,115304.12,1
693.0,Germany,Female,40,1,39375.24,1,1,0,76323.16,1
563.0,Spain,Female,46,4,0.0,2,1,0,7647.04,1
508.0,France,Male,52,0,0.0,2,1,0,110935.01,0
733.0,France,Female,31,9,135996.03,1,1,0,93716.84,0
706.0,Germany,Male,29,6,3462.08,2,1,1,84886.18,0
539.0,Spain,Male,49,1,0.0,1,0,1,179567.84,0
712.0,Germany,Female,30,10,68469.33,1,0,0,94964.48,1
684.0,France,Male,55,4,0.0,2,1,0,57615.51,0
619.0,Spain,Male,32,5,145710.13,1,1,1,151233.85,0
646.0,Germany,Female,52,3,2430.58,1,1,1,195057.97,0
759.0,France,Male,39,3,0.0,1,1,0,151108.99,0
757.0,France,Male,29,3,69875.83,2,1,0,118531.93,1
676.0,Spain,Male,47,7,0.0,2,1,1,96527.54,0
543.0,France,Male,36,7,15962.53,3,1,1,112832.59,1
668.0,Germany,Male,28,2,0.0,2,1,0,32940.13,0
495.0,Spain,Female,33,1,120601.94,2,1,0,20399.4,0
728.0,Spain,Male,28,4,0.0,2,1,1,124010.06,0
612.0,France,Female,50,3,158922.87,2,0,0,41611.21,0
551.0,Germany,Male,35,5,0.0,1,1,1,180307.02,1
463.0,France,Male,53,1,0.0,2,0,1,117408.44,0
706.0,France,Male,42,8,99215.64,2,1,1,175335.78,0
644.0,Germany,Male,49,2,99417.73,1,1,0,83422.31,0
651.0,France,Female,52,7,192571.64,1,0,0,81096.25,1
605.0,France,Female,31,8,0.0,1,1,1,61351.85,0
606.0,France,Female,42,4,13009.89,2,1,1,72596.25,0
842.0,Germany,Female,46,6,83436.23,2,0,1,24892.85,0
483.0,Spain,Male,25,10,128638.87,2,1,1,196880.34,0
665.0,France,Male,42,0,0.0,2,1,1,199553.23,0
707.0,France,Female,29,10,105318.2,3,1,1,124429.89,0
669.0,France,Male,43,9,133921.02,1,1,1,77930.48,0
672.0,Germany,Female,41,4,134751.91,2,1,1,10783.25,0
523.0,France,Female,43,0,203606.6,1,1,1,184368.46,0
568.0,France,Female,42,0,15318.88,1,1,1,175534.03,0
695.0,France,Female,45,2,0.0,1,1,0,40550.38,1
704.0,Spain,Female,38,7,184549.67,1,0,1,189023.85,0
614.0,France,Male,32,2,0.0,2,0,0,166146.44,0
673.0,France,Male,37,8,76062.89,1,0,0,112663.12,0
687.0,France,Female,18,8,158738.02,1,1,1,124314.31,0
762.0,Germany,Male,18,5,132009.19,2,0,0,51997.2,0
695.0,France,Female,38,9,0.0,1,1,1,70140.38,0
750.0,Germany,Male,34,0,0.0,2,0,1,84089.68,0
691.0,France,Female,56,8,125291.02,1,0,1,181623.92,0
660.0,France,Female,30,3,224573.11,2,1,0,158451.76,0
636.0,Spain,Male,43,5,0.0,3,1,0,137749.18,1
468.0,France,Female,41,7,52934.84,2,1,1,28395.19,0
677.0,France,Female,36,2,170971.71,1,0,1,83518.97,1
512.0,France,Male,41,2,132197.65,1,1,0,56660.5,0
648.0,Spain,Male,55,7,43814.9,2,1,1,179653.88,0
590.0,France,Female,44,1,0.0,1,1,0,126470.75,0
741.0,Spain,Male,30,10,81273.26,1,0,0,26654.92,0
802.0,Germany,Male,37,2,94188.34,1,1,1,132124.86,0
530.0,Germany,Female,43,6,0.0,1,1,0,36243.64,1
626.0,Spain,Male,41,4,44192.54,2,0,0,155292.61,0
615.0,Germany,Male,21,8,73675.49,1,0,0,83910.69,0
796.0,France,Female,41,8,0.0,1,1,0,45259.09,0
453.0,Spain,Male,51,8,0.0,2,1,1,28635.8,0
558.0,Spain,Male,32,9,201585.52,1,1,0,175709.17,1
549.0,France,Female,27,7,74962.22,1,1,1,49549.72,0
558.0,Germany,Female,43,0,194439.77,2,1,1,106202.5,1
775.0,Spain,Male,35,7,0.0,2,1,1,98184.3,0
690.0,France,Male,47,8,0.0,1,1,0,145125.96,0
709.0,Germany,Female,52,4,217611.35,1,1,1,185813.17,1
545.0,Spain,Male,47,10,0.0,2,1,1,101317.62,0
693.0,France,Male,22,4,0.0,1,1,0,156990.14,0
850.0,Germany,Female,34,5,83268.47,2,0,1,133275.42,0
686.0,Germany,Male,36,1,0.0,1,0,1,147573.81,0
512.0,Germany,Male,26,7,75125.19,1,1,0,101631.84,0
605.0,Germany,Male,33,0,12484.05,2,0,1,104079.17,0
524.0,France,Male,46,2,0.0,1,1,0,165860.97,0
705.0,France,Male,31,6,120382.36,1,1,0,160497.04,0
764.0,Spain,Male,44,2,0.0,1,1,0,153360.49,0
622.0,France,Male,53,4,85711.67,1,0,1,6124.88,0
579.0,France,Male,30,4,70595.09,2,0,0,85224.47,0
633.0,France,Male,53,2,0.0,2,1,0,123564.58,1
587.0,France,Female,39,0,0.0,2,1,1,17479.29,0
508.0,Germany,Male,42,5,0.0,2,1,0,18897.28,0
704.0,France,Male,40,9,0.0,1,1,1,33629.02,0
507.0,Spain,Male,46,6,0.0,1,1,1,132504.83,0
471.0,Germany,Female,40,2,0.0,1,1,1,8471.55,0
832.0,France,Male,49,6,75841.81,1,1,1,172609.28,0
599.0,France,Male,26,5,0.0,1,1,0,32341.3,0
646.0,France,Female,57,10,0.0,1,0,0,153746.19,1
602.0,Germany,Male,44,1,137538.85,1,0,1,61851.76,0
591.0,Spain,Female,37,5,0.0,2,1,1,122588.78,0
680.0,France,Female,40,2,0.0,1,1,0,18273.07,0
397.0,Spain,Female,38,2,126844.57,2,1,0,47810.36,0
430.0,France,Female,30,3,128605.02,1,0,0,181549.44,0
654.0,France,Female,33,8,87964.28,2,0,0,59325.01,0
558.0,Germany,Male,45,4,20545.46,2,1,1,19982.41,0
444.0,Germany,Male,32,3,0.0,4,1,1,166330.76,0
713.0,Germany,Male,24,1,0.0,4,1,1,195218.04,1
650.0,France,Male,43,5,31404.29,1,1,0,97060.45,0
850.0,Spain,Male,30,5,0.0,2,1,0,99733.65,0
627.0,France,Female,35,8,126544.79,1,1,1,81072.26,0
848.0,Germany,Male,44,6,147817.28,1,1,1,92390.4,0
780.0,France,Female,49,4,0.0,1,1,1,189966.54,0
563.0,Germany,Female,34,3,0.0,2,1,1,1203.75,0
698.0,Germany,Female,37,6,0.0,1,0,0,190756.95,0
663.0,Spain,Female,20,2,97836.03,2,0,0,186978.02,1
761.0,Germany,Female,37,2,66915.92,2,0,0,81844.96,0
696.0,France,Male,29,8,135231.14,2,1,0,196300.8,0
692.0,Spain,Male,28,7,0.0,1,1,1,100933.07,0
778.0,France,Female,61,9,0.0,1,1,0,169796.7,1
595.0,Germany,Male,55,10,59569.9,2,1,0,46002.23,1
549.0,Spain,Female,28,0,0.0,1,1,1,25536.23,0
565.0,Germany,Female,41,8,0.0,2,1,1,198277.44,0
612.0,France,Male,54,9,124171.41,1,1,1,164346.06,0
746.0,France,Male,33,4,131863.6,2,0,1,74382.13,0
622.0,France,Female,41,4,0.0,1,0,0,189213.93,1
650.0,France,Male,18,6,136652.62,4,1,0,193990.52,1
615.0,France,Male,35,7,159268.21,2,0,0,12536.97,1
753.0,France,Male,35,9,183919.22,3,1,1,13514.37,0
482.0,Spain,Female,48,9,153960.43,2,1,1,150818.54,1
703.0,Spain,Female,26,8,0.0,2,0,0,76599.76,0
506.0,France,Male,32,5,117999.18,2,1,1,14954.6,0
635.0,Spain,Female,39,9,0.0,1,1,0,7631.54,1
684.0,Spain,Female,28,10,99953.57,2,1,1,142733.32,0
635.0,France,Male,58,3,44401.0,2,0,1,49439.0,0
603.0,Germany,Female,26,3,0.0,1,0,0,40717.31,0
664.0,France,Female,31,5,55159.64,1,1,1,16623.67,0
719.0,Germany,Male,41,4,200432.92,2,1,0,66323.63,1
722.0,Spain,Female,35,1,0.0,1,1,1,180345.34,0
527.0,France,Female,57,3,0.0,2,1,0,144525.47,0
724.0,Spain,Male,18,6,0.0,2,0,0,121939.61,0
552.0,Germany,Male,36,3,183580.44,2,1,1,153793.34,0
755.0,France,Female,33,7,49922.58,2,1,1,169065.68,0
616.0,France,Male,44,5,109191.95,1,1,0,9048.21,0
736.0,Spain,Male,36,2,56175.54,2,1,1,55717.79,0
752.0,France,Male,41,8,0.0,2,0,0,126170.88,0
725.0,France,Male,32,3,0.0,1,1,1,36409.19,0
604.0,France,Male,45,9,184143.98,1,1,0,38956.2,0
743.0,France,Female,35,2,0.0,2,0,0,85553.28,0
635.0,France,Female,50,6,96394.36,2,1,1,2410.3,1
585.0,France,Female,37,5,96223.32,2,1,0,152999.93,0
592.0,France,Male,26,8,0.0,1,1,1,110795.49,0
690.0,Spain,Female,33,9,0.0,2,1,1,136246.17,0
799.0,France,Male,54,3,78171.93,1,1,0,39975.07,0
586.0,France,Female,28,5,55460.6,2,1,1,74050.08,0
619.0,Germany,Female,43,10,0.0,1,1,0,65043.33,0
674.0,France,Female,19,2,49818.0,2,1,0,62456.17,0
641.0,Spain,Male,33,4,18788.85,2,0,1,145979.8,0
474.0,Germany,Male,40,7,107144.06,2,1,0,195390.83,1
803.0,France,Male,26,1,0.0,2,1,0,117415.04,0
629.0,Germany,Female,36,8,122669.6,3,1,0,8706.4,1
713.0,France,Female,23,4,188674.61,1,1,1,182046.68,0
628.0,Spain,Male,31,8,0.0,1,1,0,176168.32,0
580.0,Spain,Male,19,4,0.0,2,1,0,25258.27,0
745.0,Germany,Male,18,10,126566.88,1,1,1,146925.54,0
667.0,Spain,Male,48,5,66008.55,2,0,0,57414.08,1
648.0,France,Female,39,4,0.0,1,1,1,193066.33,0
592.0,Spain,Male,54,3,15911.62,1,1,0,51201.2,0
663.0,Germany,Female,26,7,92193.41,2,1,1,105858.01,1
519.0,Spain,Female,40,6,0.0,1,1,0,102021.14,0
478.0,France,Male,41,7,188540.6,1,1,0,57661.4,0
582.0,Germany,Female,27,8,160055.85,2,0,0,120451.2,0
539.0,Spain,Male,52,0,34550.77,1,0,1,32723.36,0
738.0,France,Female,40,4,101482.03,2,1,0,185867.06,0
678.0,France,Female,60,5,45050.5,1,1,0,8846.25,1
611.0,Germany,Female,39,4,77080.75,2,1,0,98427.89,1
632.0,Germany,Male,32,1,0.0,2,1,0,115032.68,0
537.0,Spain,Female,32,5,0.0,1,0,1,193080.19,0
579.0,France,Female,43,3,0.0,2,1,1,100331.64,0
643.0,France,Female,29,8,33611.63,2,0,1,65080.62,0
832.0,France,Male,48,8,117399.61,1,0,0,21680.51,0
672.0,France,Male,41,4,0.0,1,1,1,52594.87,0
628.0,Germany,Male,36,1,91399.48,2,1,0,92482.27,0
545.0,Spain,Male,27,4,0.0,1,1,1,176274.47,0
648.0,Spain,Female,37,8,128412.46,1,1,0,82620.54,0
682.0,France,Male,37,5,90527.77,2,1,0,175926.43,1
694.0,Spain,Male,39,6,108673.97,1,0,0,175634.02,0
523.0,Spain,Male,37,1,0.0,1,0,0,117561.51,1
692.0,France,Male,40,0,102516.85,1,0,0,150394.58,0
508.0,Spain,Male,29,6,28790.49,2,0,0,65507.61,0
656.0,France,Male,38,9,0.0,2,1,1,24400.77,0
604.0,Spain,Male,49,9,0.0,2,1,0,51483.03,0
522.0,France,Female,63,3,100953.37,1,0,1,140540.5,0
634.0,France,Female,42,10,65035.93,2,1,1,196905.71,0
705.0,Spain,Male,31,2,62028.23,2,1,1,36029.27,0
791.0,Spain,Male,39,8,61892.07,2,1,1,166173.53,1
466.0,Spain,Female,32,8,167407.77,1,1,1,119437.19,0
648.0,Spain,Male,18,9,0.0,2,1,1,32929.98,0
680.0,France,Male,64,4,11180.9,1,1,1,144475.24,1
703.0,Spain,Female,34,6,40163.84,1,1,1,135895.61,0
585.0,France,Female,26,8,0.0,1,0,0,46074.06,0
646.0,Germany,Female,43,9,82682.64,2,1,0,155527.27,1
530.0,Germany,Female,44,0,214362.78,1,1,0,31713.77,1
643.0,France,Female,44,7,124118.27,1,0,1,27410.65,0
711.0,France,Male,41,9,113907.96,2,1,1,53271.66,0
677.0,France,Female,57,6,70330.57,2,0,0,114464.07,0
633.0,Germany,Female,34,6,0.0,1,1,0,157139.42,1
627.0,Spain,Female,51,0,0.0,1,0,0,90160.57,0
748.0,France,Male,43,3,89178.87,1,0,0,116901.73,0
687.0,Spain,Male,31,4,118559.66,1,1,0,120689.51,1
681.0,France,Male,51,10,0.0,1,1,0,196981.55,0
601.0,France,Female,39,10,73325.67,1,0,1,194671.09,0
627.0,Spain,Male,46,1,0.0,2,1,0,55892.3,0
650.0,France,Male,47,8,91106.07,1,1,1,118661.35,1
758.0,France,Male,42,0,0.0,1,1,0,45317.13,0
653.0,Germany,Female,28,4,80115.72,2,0,0,64368.46,0
668.0,Spain,Female,48,7,145882.23,1,1,1,144509.2,0
744.0,France,Female,51,3,83540.31,1,1,1,28015.14,0
673.0,France,Male,39,1,129920.65,2,1,0,88341.9,0
539.0,France,Male,38,9,0.0,1,0,1,158618.18,0
753.0,France,Female,31,10,58966.05,2,1,0,171252.05,1
675.0,Spain,Male,18,3,120969.97,2,1,1,92941.59,0
677.0,Spain,Male,32,8,0.0,1,0,0,135925.23,0
748.0,France,Female,44,8,0.0,1,1,1,158088.23,0
653.0,France,Male,41,3,0.0,1,1,0,40162.27,0
689.0,France,Female,48,4,49915.21,1,1,1,85285.52,0
411.0,France,Male,30,1,155294.37,2,1,0,132490.79,0
774.0,Spain,Male,39,3,206499.92,1,0,1,101019.11,0
554.0,France,Male,45,3,113248.01,2,1,0,39528.89,0
385.0,France,Male,38,9,53773.64,1,1,0,137531.51,0
608.0,France,Female,27,8,130468.59,2,1,1,87135.33,0
601.0,France,Male,64,2,0.0,2,1,1,100026.65,0
602.0,Germany,Female,46,4,0.0,2,1,1,186149.62,0
663.0,Germany,Female,32,5,129069.76,2,0,0,75792.13,0
581.0,France,Male,55,1,135697.1,1,1,0,55324.16,0
660.0,Germany,Male,41,0,108161.42,2,0,1,144490.95,1
748.0,Spain,Male,37,10,94988.64,1,1,0,64258.81,0
675.0,France,Male,33,5,0.0,2,1,0,169005.03,0
591.0,Germany,Female,43,7,176635.07,1,1,0,18129.73,1
627.0,France,Male,21,0,0.0,1,1,1,106734.89,0
718.0,Germany,Female,19,3,0.0,1,0,1,112032.17,0
530.0,Spain,Male,54,4,58300.09,2,1,0,193888.79,0
696.0,Germany,Female,30,6,0.0,1,1,1,64073.06,0
658.0,France,Female,55,5,0.0,2,1,1,106232.52,0
711.0,Germany,Male,23,5,0.0,1,0,0,174259.71,0
576.0,France,Male,30,1,69091.94,2,1,1,162869.51,0
764.0,Germany,Male,40,1,58081.78,2,1,0,57228.24,0
807.0,France,Male,39,10,152670.28,1,1,1,9909.46,0
837.0,France,Male,48,9,0.0,1,1,0,135514.3,0
776.0,Germany,Male,33,8,0.0,1,1,1,166390.64,0
560.0,Spain,Male,53,3,0.0,1,1,0,134590.56,0
749.0,France,Male,42,7,92127.51,1,0,0,48108.66,0
697.0,France,Male,37,10,0.0,2,1,0,143080.67,0
696.0,France,Male,50,8,0.0,2,1,1,76965.54,0
721.0,Germany,Male,58,10,193266.16,1,0,1,62147.16,1
667.0,Spain,Female,49,5,73466.93,2,1,0,182591.21,0
486.0,Germany,Male,37,10,77843.38,2,1,0,44676.76,1
648.0,France,Female,31,2,0.0,1,1,1,1109.08,0
514.0,Spain,Female,51,2,248229.58,1,1,0,117474.11,0
512.0,Spain,Male,33,1,0.0,1,0,0,75480.98,0
577.0,France,Male,38,3,0.0,2,0,1,178053.81,0
582.0,France,Female,22,6,141607.92,1,1,1,130030.34,0
393.0,France,Male,35,2,0.0,1,0,0,125305.71,0
450.0,France,Female,26,8,0.0,2,1,0,125440.1,0
649.0,France,Male,32,9,85495.59,2,1,1,127511.72,0
707.0,France,Female,26,8,95854.59,1,1,1,167982.1,0
654.0,France,Female,41,2,104572.83,1,1,1,116501.73,0
670.0,Germany,Male,33,10,116539.09,1,0,1,59115.93,0
717.0,France,Male,31,3,0.0,2,1,0,195615.42,1
593.0,Spain,Male,29,3,74636.73,1,0,1,109056.86,0
725.0,France,Male,36,4,0.0,1,1,1,125605.84,0
701.0,France,Female,40,10,70148.66,1,1,0,110835.17,0
443.0,Spain,Female,37,10,0.0,2,1,1,29241.76,1
653.0,Spain,Female,40,8,43586.84,1,1,0,16549.46,0
622.0,Germany,Male,27,1,0.0,2,1,1,118029.77,0
700.0,France,Male,42,3,26856.73,1,1,0,154968.3,0
797.0,Spain,Female,42,4,129879.38,2,1,1,59016.67,0
580.0,France,Male,38,4,89424.42,2,1,1,11345.3,0
640.0,Germany,Female,22,3,0.0,1,1,0,149144.36,0
585.0,Germany,Male,27,8,188882.14,1,1,1,172909.88,0
617.0,France,Female,35,2,152051.83,1,0,1,34722.32,1
750.0,France,Female,38,0,130106.43,2,1,1,72954.71,0
522.0,Germany,Female,37,3,59569.01,2,1,0,180882.21,0
527.0,France,Female,41,0,125227.84,1,1,1,82123.8,0
751.0,Spain,Female,32,10,0.0,1,1,1,120188.7,0
586.0,France,Male,53,3,142494.97,1,0,1,23577.07,0
650.0,Spain,Female,45,0,0.0,1,1,1,31085.43,0
657.0,France,Female,48,1,0.0,1,0,1,118825.35,0
656.0,France,Male,55,9,110788.28,1,1,1,79405.12,0
568.0,Germany,Male,39,0,67411.87,2,1,0,71964.16,1
634.0,Spain,Female,38,10,0.0,1,0,0,140305.34,0
727.0,Germany,Female,52,5,0.0,2,1,0,87325.12,0
571.0,France,Male,30,6,136623.55,1,0,0,2325.78,0
629.0,France,Male,44,8,63673.54,2,1,0,22647.6,0
602.0,France,Female,43,1,106676.57,1,0,1,180595.05,0
450.0,France,Female,54,4,0.0,1,1,1,30498.91,0
723.0,Germany,Female,32,8,155994.09,1,1,0,31988.92,1
540.0,Spain,Female,50,2,95948.17,2,1,1,103119.47,0
662.0,France,Male,36,4,0.0,2,1,1,138609.85,0
566.0,France,Male,21,10,129153.8,3,1,0,99159.15,1
638.0,France,Female,63,5,9325.78,1,1,1,184238.5,1
503.0,France,Female,41,7,0.0,2,1,0,32323.62,0
709.0,Spain,Male,42,6,0.0,2,0,0,89260.15,0
526.0,France,Female,28,3,0.0,1,1,1,34362.06,0
822.0,France,Male,46,10,0.0,2,1,0,98688.5,0
746.0,France,Male,30,9,0.0,2,1,1,126614.88,0
785.0,Germany,Male,33,5,58234.2,2,1,1,171381.02,0
682.0,France,Female,42,5,35545.71,2,1,1,181339.77,0
618.0,France,Female,38,1,9061.48,2,1,1,3492.08,0
664.0,Germany,Male,41,8,0.0,3,1,0,137.79,1
591.0,France,Male,30,4,68761.75,1,0,0,141560.12,1
679.0,France,Male,37,1,0.0,1,1,1,186752.97,0
552.0,Germany,Male,24,4,93690.03,1,0,1,99591.96,0
572.0,Spain,Male,47,5,0.0,2,0,1,93743.19,0
827.0,France,Female,34,10,0.0,2,1,0,108020.83,0
594.0,Spain,Female,48,6,0.0,1,1,1,87710.06,0
660.0,France,Female,18,10,109714.26,1,1,0,146994.19,0
669.0,France,Male,36,10,0.0,1,0,0,71702.03,0
595.0,France,Female,35,8,0.0,2,1,1,47438.02,0
706.0,France,Female,26,0,26389.46,1,0,1,196937.0,0
608.0,Spain,Male,50,2,70763.92,1,0,1,185062.8,0
646.0,France,Female,29,3,120796.07,2,1,1,92673.02,0
768.0,France,Male,41,5,0.0,1,1,1,160147.64,0
528.0,Spain,Female,54,4,128554.15,1,1,1,165529.85,0
704.0,France,Female,29,1,87439.07,2,1,1,102029.45,0
684.0,France,Male,32,7,0.0,1,1,0,74814.3,0
709.0,France,Female,35,9,0.0,2,1,1,157677.64,0
493.0,France,Male,30,7,0.0,1,0,1,127906.69,0
532.0,France,Female,21,2,145453.0,1,1,1,132984.26,1
712.0,Germany,Male,32,7,110275.76,2,1,0,84337.29,0
714.0,Spain,Male,40,0,113783.68,1,1,1,18348.47,0
579.0,France,Female,47,9,44547.96,2,1,0,105238.87,0
378.0,France,Female,51,7,47848.23,1,1,1,44011.02,0
671.0,France,Female,35,0,106841.49,2,0,0,179115.83,0
578.0,France,Female,19,3,0.0,2,0,1,92291.77,0
716.0,France,Female,35,1,101582.36,2,1,0,138043.74,1
740.0,Spain,Female,55,1,97813.47,1,1,0,72694.38,1
604.0,France,Male,29,2,0.0,1,1,1,52751.14,0
762.0,Germany,Male,36,6,0.0,1,1,0,97017.39,0
580.0,Spain,Male,46,3,60336.75,2,1,1,170866.09,0
656.0,Spain,Male,33,8,0.0,1,0,1,5263.44,0
625.0,Spain,Male,46,10,130892.58,2,0,1,143480.56,0
781.0,France,Male,41,6,132369.99,1,0,1,182975.68,0
711.0,France,Female,33,0,105796.31,2,1,0,34878.56,0
834.0,France,Male,32,8,83179.71,2,1,1,146791.24,0
691.0,Germany,Female,41,0,0.0,2,0,0,59514.0,1
626.0,France,Female,41,10,0.0,1,1,0,190524.13,0
583.0,Germany,Female,33,0,89218.65,1,1,0,119358.28,0
673.0,France,Female,50,4,0.0,2,0,1,6302.6,1
665.0,Spain,Male,31,8,0.0,1,1,1,51195.52,0
804.0,Germany,Male,32,0,0.0,1,1,1,68233.13,0
620.0,Germany,Female,36,6,0.0,2,0,1,129658.71,0
685.0,France,Male,32,0,141247.5,1,1,1,67184.06,0
680.0,Germany,Male,51,8,63351.98,1,1,0,143668.82,0
738.0,France,Female,43,4,0.0,1,1,1,119325.43,0
735.0,France,Female,33,2,35353.57,4,1,0,100932.68,0
677.0,France,Male,45,2,0.0,1,1,1,144849.23,0
656.0,France,Male,30,3,82185.94,1,1,0,122441.13,0
580.0,Germany,Male,32,4,64724.24,1,0,0,22384.41,0
641.0,Spain,Female,33,6,0.0,1,0,0,152109.39,0
658.0,Germany,Female,26,6,154576.66,1,0,1,97381.08,0
723.0,France,Male,24,2,0.0,2,1,1,145292.55,0
721.0,Germany,Female,49,7,25506.25,1,1,0,157104.05,0
756.0,Germany,Male,37,5,229312.19,2,1,1,47530.31,0
748.0,France,Male,42,7,35698.04,1,1,0,199994.4,0
751.0,France,Male,50,6,42147.77,3,1,0,24673.72,1
704.0,Germany,Female,30,3,33838.36,2,1,1,29750.09,0
696.0,Germany,Female,37,9,0.0,1,0,1,179804.31,1
658.0,Germany,Female,26,2,89339.36,1,1,1,164173.73,0
657.0,France,Male,35,5,54827.63,2,1,1,56489.13,0
722.0,Germany,Female,61,3,0.0,1,0,1,47075.9,1
410.0,Spain,Male,29,10,115024.6,2,1,0,121352.25,0
486.0,France,Male,20,8,61370.26,1,1,1,123832.45,0
774.0,Germany,Female,31,1,0.0,2,1,1,40735.96,0
660.0,Germany,Male,47,10,49246.09,2,0,1,96929.65,0
602.0,Germany,Female,44,9,0.0,1,1,1,69155.61,0
726.0,Spain,Male,52,3,0.0,1,0,1,20419.18,0
646.0,France,Male,42,10,0.0,1,0,1,185374.59,0
685.0,Germany,Male,37,2,74098.63,2,0,0,79781.63,0
691.0,Spain,Male,56,2,145259.39,2,1,0,18910.92,1
459.0,France,Female,28,2,0.0,1,1,1,155914.46,0
708.0,France,Female,46,7,0.0,3,0,1,17786.74,1
422.0,Spain,Male,51,4,42089.72,2,0,0,51129.6,0
595.0,France,Male,18,2,102991.84,1,1,1,175979.89,0
496.0,France,Female,28,10,29621.75,2,1,0,100074.05,0
532.0,Spain,Female,18,5,133724.76,2,1,1,149410.07,0
583.0,Spain,Female,42,2,124996.15,2,1,0,173121.92,0
717.0,Germany,Female,47,2,0.0,1,1,0,22784.23,1
689.0,France,Male,43,4,159727.69,1,0,1,191285.18,0
673.0,Germany,Male,45,2,0.0,2,1,0,12559.12,0
506.0,France,Female,29,9,0.0,1,0,0,71809.87,0
692.0,France,Female,40,5,119529.29,1,0,1,93453.45,0
673.0,Spain,Female,18,6,9098.66,1,1,0,180952.83,0
568.0,France,Female,35,6,0.0,1,1,1,52960.58,0
716.0,France,Female,46,6,83205.13,1,1,1,57450.82,0
798.0,Germany,Male,48,3,0.0,1,1,0,131320.3,1
554.0,Spain,Male,59,8,103542.4,1,1,1,88478.37,0
633.0,France,Female,43,2,152556.82,2,1,1,1897.56,1
850.0,France,Female,28,4,0.0,1,1,0,189295.43,0
532.0,France,Female,34,10,0.0,2,1,1,38570.07,0
672.0,Germany,Male,61,5,135664.63,1,1,1,6465.26,1
656.0,France,Male,39,0,0.0,1,1,1,89781.68,0
731.0,France,Male,36,1,116994.91,1,1,0,170408.21,0
848.0,France,Female,24,10,0.0,2,0,0,45861.9,0
543.0,France,Female,40,2,107054.17,1,1,1,145391.33,1
687.0,France,Female,33,5,146969.02,1,1,0,24698.86,1
783.0,Germany,Female,42,7,0.0,1,1,0,137391.01,0
771.0,France,Male,53,6,178366.77,1,1,0,146755.87,0
683.0,France,Female,40,1,107919.6,1,0,1,122626.15,1
673.0,France,Female,26,5,145390.29,1,1,0,43865.01,0
553.0,Spain,Female,21,9,0.0,1,0,0,117368.42,0
600.0,Spain,Male,41,5,17585.03,2,0,1,170089.81,0
530.0,France,Female,29,9,185856.34,1,0,1,74990.42,0
696.0,Germany,Female,38,1,84411.97,2,1,1,7282.86,0
531.0,Germany,Male,27,6,0.0,2,1,0,135605.82,1
654.0,France,Female,30,8,14910.63,2,1,0,2712.17,0
682.0,France,Male,29,6,77144.3,2,0,1,28851.95,0
563.0,France,Female,33,1,94262.33,1,1,1,2399.66,0
802.0,France,Male,49,10,0.0,1,1,1,8928.8,0
844.0,France,Female,36,0,51965.59,2,1,0,8040.3,0
688.0,Spain,Female,53,6,43398.07,1,1,1,168514.99,0
600.0,Spain,Male,40,2,0.0,2,1,1,184326.27,0
540.0,France,Female,44,0,0.0,1,1,0,109354.82,0
472.0,Germany,Male,36,7,0.0,3,1,0,100083.01,1
707.0,Spain,Female,28,7,0.0,2,1,0,8160.13,0
667.0,Germany,Female,42,1,0.0,2,1,1,180898.93,0
710.0,France,Male,38,0,0.0,1,1,0,114241.92,1
569.0,Germany,Female,49,8,0.0,1,1,0,166464.74,1
639.0,Spain,Male,48,5,91731.82,2,1,0,55824.66,1
637.0,Spain,Male,32,5,145466.17,2,1,0,41383.47,0
668.0,France,Female,18,1,0.0,2,1,1,43563.67,0
634.0,France,Female,18,8,0.0,2,0,0,167191.91,0
571.0,Germany,Female,39,7,0.0,1,1,0,79677.42,0
789.0,Spain,Male,33,9,0.0,2,1,1,92018.58,0
527.0,Spain,Male,48,6,118626.19,1,1,1,23797.18,0
502.0,France,Female,42,5,0.0,1,1,0,172291.25,0
815.0,France,Male,44,8,90059.76,2,1,0,48748.75,0
646.0,France,Female,42,6,0.0,1,0,0,135176.32,0
628.0,Spain,Male,18,6,170974.91,1,1,0,70349.67,0
680.0,Germany,Male,39,5,45972.12,1,1,1,104242.67,0
625.0,France,Female,36,5,109444.57,1,1,1,190638.2,0
623.0,France,Male,39,7,260000.0,1,1,1,164361.6,1
698.0,Spain,Male,35,6,172914.77,2,1,0,14512.8,0
756.0,France,Male,45,3,125244.29,1,0,1,75277.54,0
658.0,Germany,Female,36,9,33494.28,1,1,0,88434.9,0
612.0,France,Female,31,3,0.0,1,1,1,15962.12,0
650.0,Spain,Male,46,3,81233.51,1,1,1,30811.58,0
756.0,Germany,Female,36,1,0.0,2,1,0,8839.62,0
631.0,France,Male,33,9,53089.04,3,0,0,162593.52,1
470.0,Germany,Male,34,3,168955.27,2,1,1,129195.79,0
543.0,France,Female,36,5,0.0,1,0,1,123518.78,0
554.0,Spain,Male,36,7,0.0,2,0,0,15649.59,0
606.0,Spain,Male,44,9,0.0,1,1,1,22595.19,0
718.0,Germany,Male,31,7,126479.39,1,1,1,191012.56,1
564.0,Spain,Female,39,10,103394.18,1,0,1,78259.99,0
653.0,Germany,Female,39,0,0.0,1,1,1,31566.9,0
751.0,Spain,Female,32,4,200313.05,3,1,1,24402.08,1
656.0,France,Male,38,6,153572.27,1,1,1,51510.09,0
601.0,Spain,Male,33,1,100839.43,1,1,1,49725.95,0
548.0,Germany,Female,35,8,0.0,2,1,1,160268.94,1
519.0,Spain,Male,24,0,0.0,2,1,1,49277.74,0
850.0,Spain,Female,44,0,74537.31,2,1,1,45085.09,0
588.0,Germany,Male,29,1,158749.91,2,0,1,51825.49,0
640.0,Spain,Female,31,2,64128.68,2,0,1,97124.04,0
598.0,France,Female,58,9,92725.27,2,1,0,70108.55,0
626.0,Germany,Male,42,7,0.0,1,0,0,197154.38,0
541.0,France,Male,25,4,0.0,1,1,0,126602.64,0
665.0,France,Female,39,5,0.0,1,1,1,180548.15,0
621.0,France,Female,54,2,0.0,2,1,0,112061.63,0
594.0,France,Male,25,1,0.0,2,0,1,157864.71,0
642.0,Germany,Male,23,4,0.0,2,1,1,172268.99,0
605.0,Germany,Female,58,0,110583.15,2,0,1,149511.99,0
656.0,Spain,Female,55,6,172776.83,2,1,0,156375.9,1
649.0,France,Female,50,7,0.0,2,1,0,192882.4,1
850.0,Germany,Female,47,4,33712.88,2,1,0,81659.44,1
673.0,France,Female,20,3,124902.69,1,1,0,18144.2,0
742.0,Germany,Female,43,0,71030.34,2,1,1,112198.49,0
815.0,Spain,Male,20,1,131841.25,1,0,0,195210.62,0
701.0,Germany,Male,41,6,0.0,1,1,1,120986.15,0
628.0,France,Male,33,8,0.0,3,1,1,51365.87,0
697.0,Spain,Male,19,3,10953.44,1,0,1,70827.65,0
585.0,Germany,Male,33,4,0.0,2,1,0,75230.64,1
838.0,Germany,Female,20,0,0.0,2,1,0,112489.06,1
581.0,Germany,Female,45,10,76589.47,1,0,1,4129.36,0
739.0,Germany,Female,26,4,0.0,1,0,1,147069.54,0
475.0,France,Female,40,7,148805.54,2,1,0,183786.53,0
695.0,Spain,Male,27,4,174071.88,2,1,0,108947.47,1
700.0,France,Female,39,3,102881.55,2,1,1,856.11,0
581.0,Spain,Female,48,7,158536.27,2,0,0,11682.33,1
611.0,France,Female,40,9,129447.66,1,1,1,42553.4,0
656.0,France,Male,41,7,0.0,1,1,1,27273.06,0
807.0,France,Male,36,9,0.0,1,1,1,178572.29,0
622.0,France,Male,27,9,0.0,1,1,1,154513.39,0
651.0,France,Female,38,10,0.0,1,1,1,54963.14,0
613.0,Spain,Male,71,6,0.0,1,1,1,173969.14,0
585.0,Spain,Male,18,4,39770.89,2,0,1,71471.96,0
752.0,Spain,Male,42,3,0.0,1,1,1,37673.61,1
494.0,Spain,Male,28,4,92559.22,1,1,0,56230.22,1
559.0,France,Female,27,7,0.0,2,1,1,191528.92,0
611.0,Spain,Male,41,5,0.0,1,0,1,72622.73,0
709.0,France,Male,19,7,0.0,2,0,1,89701.59,1
629.0,France,Female,24,4,0.0,1,1,1,108893.06,0
606.0,Spain,Female,47,0,171403.2,1,0,0,191382.5,0
548.0,Germany,Male,47,8,81831.01,1,1,0,8268.2,1
561.0,France,Male,38,4,0.0,1,0,0,11280.85,1
407.0,France,Male,39,9,35871.39,2,1,0,2063.08,0
607.0,France,Male,52,6,0.0,1,1,0,192816.61,1
665.0,France,Male,40,0,150446.14,2,1,0,20900.06,0
673.0,France,Male,26,1,94084.43,2,1,0,170049.67,0
789.0,France,Female,31,1,129428.79,1,1,0,15717.1,0
660.0,France,Female,40,7,33230.88,1,1,0,134141.43,0
694.0,Spain,Male,59,5,110858.48,2,0,1,119754.18,1
773.0,Spain,Male,32,9,0.0,1,1,1,13261.29,0
643.0,Germany,Male,55,10,0.0,2,1,0,127302.35,0
764.0,Spain,Female,37,9,0.0,1,0,0,101029.92,0
746.0,Germany,Male,27,2,72562.84,1,1,0,188318.59,1
620.0,France,Male,18,10,117566.75,1,1,0,21979.47,1
472.0,Germany,Male,33,3,58057.26,1,1,1,13852.09,0
615.0,France,Female,41,0,0.0,2,1,0,9219.45,1
650.0,Spain,Male,38,8,95278.41,1,1,0,195477.42,1
590.0,Spain,Female,43,7,0.0,1,0,0,91122.82,1
501.0,Spain,Male,32,8,0.0,1,1,0,141104.24,0
667.0,Spain,Female,34,5,66227.9,2,0,0,10665.26,0
780.0,France,Female,53,9,0.0,2,0,0,44938.34,0
594.0,France,Male,32,2,134938.78,1,1,1,124372.14,0
657.0,France,Female,38,6,218388.63,2,1,0,16859.3,1
565.0,Spain,Male,56,1,0.0,2,0,0,97680.79,1
742.0,Spain,Male,50,3,130970.11,1,1,1,16401.35,0
679.0,France,Male,30,6,128491.73,2,1,0,88980.36,0
638.0,Spain,Female,40,8,151587.07,1,0,1,149984.14,0
598.0,France,Male,36,2,0.0,2,1,0,42480.18,0
783.0,Spain,Male,50,2,0.0,1,1,1,133521.48,0
639.0,Germany,Male,52,7,0.0,3,1,1,124353.75,1
772.0,Germany,Female,43,4,168941.45,2,0,1,175102.86,0
850.0,France,Male,56,4,84210.22,1,1,1,167865.5,0
638.0,France,Male,41,3,0.0,1,0,0,180805.03,0
695.0,Spain,Male,40,6,107298.3,2,1,1,134399.92,0
478.0,Germany,Male,37,5,58624.33,4,1,0,14547.35,1
571.0,France,Male,44,5,0.0,2,1,0,15694.03,0
707.0,Spain,Male,44,9,0.0,2,0,1,105621.05,0
698.0,France,Female,37,10,0.0,1,1,0,117335.17,1
460.0,France,Male,33,5,49429.29,1,0,0,139700.17,0
680.0,Germany,Female,49,9,154297.02,1,0,0,190734.1,0
723.0,Germany,Female,20,0,170182.74,2,1,1,149974.33,1
737.0,Spain,Male,46,0,142163.79,2,1,0,16478.65,0
545.0,Germany,Female,56,3,49160.88,1,1,1,158356.96,0
546.0,Spain,Male,53,10,0.0,1,1,0,108890.04,0
727.0,France,Female,30,2,67504.54,1,1,1,199622.07,0
563.0,Germany,Male,43,6,0.0,1,1,1,101399.32,0
600.0,Germany,Male,47,5,66931.6,1,0,0,147831.66,1
834.0,Spain,Male,31,4,7386.99,2,1,0,128463.7,0
620.0,Germany,Female,55,4,50190.68,2,0,1,3354.26,1
642.0,France,Female,47,3,0.0,1,0,0,130849.56,0
557.0,Germany,Male,44,1,99811.4,1,1,1,171853.67,0
720.0,Spain,Female,39,0,187103.06,2,1,0,103841.77,1
782.0,France,Male,38,1,62307.54,2,1,1,1094.09,0
618.0,France,Male,32,6,120390.89,2,1,0,168706.79,0
593.0,Germany,Male,49,7,119817.61,2,1,1,89710.39,0
446.0,France,Female,47,1,18149.32,1,1,0,86750.9,0
759.0,France,Female,29,0,0.0,1,1,0,86462.67,0
750.0,Germany,Female,46,7,131861.72,2,0,1,20425.03,1
699.0,France,Male,46,10,0.0,1,0,1,84662.76,0
504.0,France,Female,38,8,131594.36,1,1,0,132889.15,0
655.0,Spain,Male,29,5,238657.12,2,1,0,196229.66,0
642.0,France,Male,47,7,0.0,1,1,1,44861.38,0
522.0,Spain,Female,36,3,21286.3,1,0,0,45103.37,1
685.0,France,Female,37,6,0.0,1,1,0,109949.95,0
819.0,France,Female,34,6,0.0,2,1,0,94725.47,1
640.0,France,Male,45,10,0.0,1,1,1,141558.74,1
548.0,France,Male,29,9,159751.92,1,0,1,64317.77,0
719.0,France,Female,31,10,77701.82,1,1,1,162272.7,0
540.0,France,Male,40,0,42986.9,1,1,0,111612.26,0
684.0,France,Female,52,6,0.0,1,1,1,185039.62,0
604.0,Spain,Male,51,10,108910.86,1,1,1,142454.82,1
534.0,France,Male,39,10,11130.62,2,0,1,20827.57,0
707.0,France,Male,38,2,45556.36,2,1,0,194567.44,0
580.0,France,Male,35,5,199856.32,1,1,0,97423.82,0
675.0,France,Male,39,6,88313.64,2,0,1,131836.27,0
624.0,Spain,Male,46,0,197102.16,2,1,1,85201.02,0
584.0,Spain,Female,43,9,47950.72,2,0,0,51884.9,1
732.0,France,Male,52,5,0.0,1,1,0,109046.41,0
667.0,Germany,Female,43,5,0.0,2,1,0,184570.76,0
650.0,France,Female,38,9,87495.79,1,1,1,29073.76,0
850.0,France,Female,38,3,0.0,1,1,1,41116.31,0
554.0,Germany,Male,31,0,0.0,2,1,1,37101.18,0
686.0,France,Male,48,6,159765.75,1,0,0,82906.04,0
819.0,France,Female,24,0,253880.17,2,1,0,74962.42,0
604.0,France,Male,40,7,0.0,2,1,0,191255.46,0
457.0,France,Male,28,5,132992.27,2,1,1,81534.93,0
569.0,France,Male,29,8,0.0,1,1,0,105893.37,0
681.0,Spain,Male,40,1,39181.3,1,1,1,122765.25,0
571.0,France,Female,55,10,114360.82,1,1,0,176506.96,1
730.0,Spain,Male,50,4,218408.57,1,1,0,197974.96,1
494.0,France,Female,18,3,190223.24,2,1,0,42405.92,0
637.0,France,Male,18,1,0.0,2,1,0,14678.51,1
686.0,France,Male,51,0,0.0,1,1,1,129720.94,0
643.0,Germany,Female,38,8,113952.48,1,1,1,130391.21,1
622.0,France,Female,21,7,0.0,1,1,0,55688.57,0
596.0,France,Female,44,1,67821.51,1,1,0,16840.66,1
587.0,Germany,Female,50,1,0.0,2,1,0,103337.33,1
675.0,France,Male,31,10,92825.22,2,1,0,122471.62,1
525.0,France,Male,63,7,66451.91,1,1,0,7011.95,0
736.0,France,Female,48,7,108894.07,2,1,1,92413.86,0
557.0,Germany,Male,36,1,150718.11,1,1,1,102432.62,0
762.0,Spain,Male,47,2,117120.81,1,1,1,173794.41,0
485.0,France,Male,31,4,0.0,1,0,1,77108.21,0
566.0,Spain,Female,41,0,260000.0,2,0,1,186746.21,0
803.0,Germany,Female,50,7,98111.55,1,1,1,87317.08,0
784.0,Germany,Female,32,8,0.0,1,1,0,179871.3,0
597.0,Germany,Female,44,6,179036.88,2,1,0,174905.27,0
623.0,Germany,Male,37,2,0.0,2,1,0,64091.4,0
837.0,Germany,Male,34,6,0.0,1,0,1,81314.08,0
623.0,France,Male,44,2,0.0,2,1,1,104137.05,0
633.0,Germany,Female,39,9,224726.68,1,0,1,181622.71,0
692.0,Germany,Male,26,10,163375.61,2,1,0,37152.54,0
733.0,Spain,Male,19,3,0.0,1,1,1,131453.86,0
735.0,France,Female,44,10,0.0,1,1,1,170754.76,0
809.0,France,Male,40,1,0.0,1,1,0,121206.43,0
627.0,Spain,Female,33,10,0.0,1,1,1,112243.99,0
706.0,France,Female,37,8,27012.36,2,0,0,62026.56,0
670.0,France,Male,45,10,0.0,1,1,1,195964.23,0
707.0,Germany,Male,53,6,122602.51,2,1,0,47245.22,0
761.0,France,Male,45,4,0.0,1,1,0,192879.25,0
682.0,France,Female,32,3,0.0,2,0,1,163806.82,0
678.0,France,Male,43,6,124150.55,3,1,0,112537.02,1
761.0,France,Female,36,3,39696.81,2,1,0,132763.34,0
510.0,France,Female,30,1,0.0,2,0,1,42740.76,0
506.0,Germany,Female,51,3,0.0,1,1,1,31074.75,0
580.0,Spain,Male,29,10,0.0,1,0,1,154817.79,0
731.0,France,Male,51,0,198314.74,1,1,0,32953.99,1
746.0,France,Male,42,10,0.0,1,1,0,174498.08,0
670.0,Germany,Female,44,4,30275.76,1,1,0,26688.41,1
685.0,France,Male,34,3,80959.73,1,1,1,12174.38,0
748.0,Germany,Female,37,10,0.0,1,1,0,54218.44,0
570.0,France,Female,25,2,135686.92,1,1,0,185533.0,0
850.0,Germany,Male,42,3,39315.04,1,0,1,12439.28,0
546.0,Germany,Male,38,1,127973.54,2,1,0,106904.49,1
577.0,Germany,Male,34,5,0.0,1,1,0,15242.81,0
490.0,Germany,Female,46,0,110379.52,2,1,1,156094.25,0
472.0,Germany,Female,22,2,92442.42,1,1,0,97434.16,0
652.0,Spain,Female,58,1,0.0,1,1,0,20688.54,0
684.0,France,Male,38,2,0.0,1,0,1,154649.27,0
850.0,France,Male,70,8,100513.14,1,1,1,110546.14,0
676.0,Germany,Male,45,3,100138.2,2,1,0,92604.16,0
747.0,Spain,Female,23,0,141795.85,1,1,1,108985.05,0
720.0,Spain,Male,24,6,0.0,1,1,1,88879.99,0
647.0,Germany,Female,59,6,0.0,1,1,0,177678.15,0
720.0,France,Male,47,3,0.0,2,1,1,3684.5,0
705.0,France,Male,48,9,63374.44,1,1,0,102561.9,0
650.0,France,Male,39,9,0.0,1,1,0,108531.57,0
725.0,France,Female,18,8,167836.15,1,1,0,102196.24,0
635.0,Spain,Male,43,2,142868.42,1,0,0,134494.6,1
679.0,France,Male,38,2,101972.1,3,1,0,62962.75,1
653.0,Germany,Male,31,6,0.0,1,1,0,19763.48,0
587.0,France,Male,46,5,130316.2,2,1,1,26332.05,0
714.0,France,Female,41,8,0.0,1,1,1,174361.88,0
588.0,Germany,Male,46,2,68818.52,2,1,1,114015.96,0
747.0,France,Male,37,6,111584.32,2,1,1,155178.18,0
793.0,France,Female,33,5,131305.23,1,0,1,78195.97,0
535.0,France,Male,40,7,0.0,1,1,1,29959.69,0
585.0,Germany,Male,45,8,0.0,1,1,1,93836.31,0
620.0,France,Male,44,1,0.0,1,1,0,65813.54,0
715.0,France,Female,49,3,0.0,2,1,1,46167.13,0
629.0,France,Female,32,2,0.0,1,1,0,153867.12,1
673.0,Germany,Male,38,5,64448.23,1,0,0,138468.42,0
692.0,Germany,Female,38,2,95423.82,1,0,1,164340.2,0
648.0,Germany,Female,47,4,103418.08,1,0,1,127575.11,1
693.0,Germany,Female,48,3,101181.43,1,1,0,16726.04,1
703.0,France,Female,50,0,57724.72,2,0,1,67575.53,1
686.0,Spain,Male,48,1,0.0,3,1,0,172666.6,1
558.0,France,Male,35,3,114472.05,1,1,0,156999.22,1
572.0,Germany,Male,31,9,1317.82,2,1,0,151741.02,0
596.0,France,Male,46,1,70337.16,1,1,1,85675.3,0
538.0,France,Female,47,3,140808.68,2,1,0,170472.14,1
529.0,Germany,Male,43,9,45038.47,2,0,1,140572.43,0
733.0,Spain,Female,56,2,6472.88,1,0,0,59885.64,0
628.0,France,Male,51,3,1175.43,2,1,0,149745.5,0
546.0,France,Male,47,8,0.0,2,1,1,175283.03,0
733.0,France,Female,32,1,61003.42,1,1,0,92557.56,1
830.0,Germany,Female,49,3,64819.43,2,1,1,189757.93,0
637.0,France,Female,49,4,165618.83,1,0,0,166735.0,0
600.0,France,Female,30,10,28978.38,2,0,1,48916.02,0
548.0,France,Male,39,5,0.0,2,0,0,154369.22,0
643.0,France,Male,38,6,0.0,2,0,1,112789.4,0
850.0,France,Female,41,10,37346.25,1,1,1,666.77,0
623.0,France,Female,33,4,206730.63,1,0,0,177572.37,0
654.0,France,Female,44,0,36160.31,1,1,1,80506.09,0
644.0,France,Male,41,3,0.0,2,1,0,147617.62,0
608.0,Germany,Male,29,0,0.0,2,0,0,49211.73,0
597.0,Spain,Female,58,3,140447.12,2,1,0,17238.08,1
661.0,France,Female,43,2,105885.03,2,1,1,162353.76,0
609.0,Germany,Male,34,4,82251.77,2,1,0,57447.74,0
654.0,France,Male,34,2,0.0,2,1,1,68705.35,0
597.0,France,Male,37,2,27091.92,1,1,1,146257.61,0
696.0,Germany,Male,55,8,82546.94,1,1,0,183056.6,1
759.0,Spain,Female,23,2,54811.28,1,0,0,42586.44,0
651.0,Spain,Female,33,9,37337.94,2,0,0,144000.87,0
773.0,France,Male,50,7,0.0,2,1,0,60154.45,0
651.0,Germany,Female,32,3,176985.68,2,1,0,77957.02,0
680.0,Spain,Female,45,9,112146.58,4,1,1,182514.08,1
665.0,France,Female,18,8,56543.36,2,0,0,174780.59,1
681.0,France,Male,23,7,43339.28,2,0,0,153094.17,0
607.0,Germany,Male,39,10,0.0,2,0,0,115140.87,0
726.0,Spain,Male,59,9,0.0,2,1,0,152144.65,0
784.0,Germany,Female,33,7,0.0,2,1,1,104990.31,0
588.0,France,Male,49,0,0.0,2,0,0,72126.7,0
621.0,Germany,Male,61,0,77591.64,1,1,0,115236.27,1
700.0,France,Male,54,7,0.0,1,1,0,74295.49,1
761.0,France,Male,39,8,0.0,2,1,0,111993.33,0
694.0,Spain,Female,40,8,19568.57,1,0,1,82866.75,0
620.0,France,Female,42,1,0.0,1,1,1,61200.84,0
676.0,Germany,Male,34,0,105030.89,1,1,1,115016.2,0
543.0,France,Male,23,4,165608.27,1,1,1,112549.98,0
787.0,France,Female,25,0,141315.29,1,1,0,82668.76,0
624.0,France,Male,57,10,67379.88,2,1,1,93233.37,0
529.0,Spain,Female,43,1,0.0,1,1,0,189871.22,0
727.0,France,Female,51,10,118376.86,1,1,1,124379.07,0
628.0,Germany,Male,24,2,0.0,1,0,1,103030.89,0
590.0,France,Male,30,6,0.0,1,0,1,196432.27,0
629.0,Germany,Female,48,6,0.0,1,0,0,155117.85,0
719.0,France,Male,52,2,194024.82,1,1,1,47272.02,0
616.0,France,Female,50,9,42727.59,1,1,1,7641.0,0
744.0,Germany,Male,25,8,165651.61,1,1,0,136371.39,0
633.0,Spain,Male,28,4,236058.86,2,1,1,186135.39,0
550.0,Spain,Female,41,0,131006.37,2,1,1,126184.05,0
538.0,Germany,Female,25,10,215013.65,2,1,1,33326.85,0
568.0,Germany,Male,32,5,76351.79,2,1,0,88860.82,0
695.0,Spain,Female,58,1,90581.32,1,1,0,85498.45,1
564.0,Germany,Female,26,4,0.0,2,1,1,86348.63,0
606.0,France,Male,19,2,101209.74,2,1,1,70485.34,0
561.0,France,Male,25,2,6503.14,1,0,1,156875.42,0
647.0,Spain,Female,32,5,101101.54,2,1,1,74188.44,0
721.0,France,Male,43,1,121832.71,1,1,1,50696.92,0
597.0,Spain,Male,30,8,0.0,1,1,0,31870.39,0
655.0,Germany,Male,23,9,63906.57,2,1,1,57976.19,0
737.0,Spain,Male,34,8,99807.31,2,1,0,72112.27,0
617.0,France,Female,27,7,133045.69,4,1,1,35429.03,1
695.0,France,Female,41,1,0.0,2,0,1,74976.89,0
720.0,France,Female,32,10,162463.15,1,1,1,65969.33,0
783.0,France,Male,44,6,0.0,2,1,1,179186.35,0
696.0,France,Female,38,7,88296.91,1,0,0,198933.56,0
554.0,France,Female,44,1,164896.16,1,0,0,75884.2,1
632.0,Spain,Female,49,10,119420.48,1,1,0,171150.62,1
565.0,France,Female,41,8,119711.1,1,0,1,119043.89,0
739.0,Germany,Female,49,9,139615.88,1,1,0,150667.79,1
704.0,France,Male,34,7,164068.78,2,1,1,185214.49,0
698.0,France,Female,47,8,0.0,1,1,0,166092.33,0
582.0,Spain,Male,34,7,46580.81,1,1,1,11890.96,0
715.0,Germany,Female,46,4,124910.97,1,0,1,45414.37,0
625.0,France,Female,41,1,109129.96,1,0,1,119258.01,0
850.0,France,Male,20,9,0.0,2,1,1,27419.14,0
526.0,France,Female,51,9,0.0,2,1,0,180150.7,1
704.0,Spain,Male,45,1,0.0,1,0,1,50503.65,0
640.0,Spain,Female,51,10,0.0,1,0,0,50050.6,0
691.0,France,Female,37,4,155417.82,1,0,1,137004.96,0
680.0,Spain,Male,51,8,0.0,1,0,1,30542.66,0
850.0,France,Female,34,10,0.0,2,1,0,86585.3,1
569.0,France,Female,35,10,59920.7,1,0,1,111168.43,1
684.0,France,Male,29,10,0.0,1,1,0,194450.39,0
678.0,Spain,Female,41,0,0.0,2,0,0,58866.22,0
629.0,Spain,Female,36,2,185084.87,1,1,0,60411.85,1
698.0,Spain,Female,37,8,156315.3,2,0,1,23329.71,0
711.0,France,Male,41,6,91586.54,2,1,0,65182.13,0
694.0,Germany,Male,32,5,0.0,2,1,1,195180.61,0
676.0,France,Male,39,3,83016.31,2,1,1,34992.8,0
671.0,Spain,Male,50,2,0.0,1,1,0,166323.49,0
850.0,Spain,Female,45,1,64952.48,2,1,0,113081.55,0
627.0,France,Male,50,0,105957.97,2,1,0,177700.78,0
611.0,France,Female,26,9,0.0,2,1,1,119061.9,0
669.0,Spain,Male,26,5,0.0,2,1,0,57885.63,1
752.0,France,Female,31,4,34204.5,2,0,0,81360.38,1
476.0,Germany,Male,30,6,40309.87,1,1,0,84257.97,0
595.0,France,Female,59,4,0.0,2,1,0,149600.68,1
624.0,France,Female,60,0,0.0,2,1,0,48860.24,0
526.0,France,Female,42,9,138633.23,1,1,0,20675.5,0
608.0,Spain,Female,54,1,252234.89,2,1,1,107341.98,0
589.0,Spain,Female,45,1,0.0,2,1,0,115617.79,0
584.0,France,Male,45,3,0.0,2,0,0,158099.53,0
608.0,Spain,Female,42,2,19243.48,2,1,0,155471.96,0
703.0,Spain,Male,33,2,0.0,1,1,0,94428.11,1
808.0,France,Male,30,1,25945.73,1,0,1,59963.8,0
614.0,Spain,Female,26,0,0.0,1,0,0,6681.58,0
507.0,Spain,Female,36,8,0.0,1,0,0,24620.28,0
627.0,France,Female,34,5,2895.76,2,1,1,64584.32,0
699.0,Spain,Male,47,8,0.0,2,1,1,69989.64,0
621.0,Spain,Male,46,3,0.0,1,1,1,37932.97,0
665.0,France,Female,45,5,98135.15,2,0,0,103013.51,0
644.0,Germany,Male,41,5,0.0,1,0,1,150875.34,0
585.0,Spain,Male,25,5,146063.39,2,1,1,147885.3,0
652.0,France,Male,43,7,0.0,1,1,0,172128.2,0
653.0,France,Male,53,10,79615.23,1,1,0,187877.2,1
784.0,France,Male,36,6,0.0,1,1,0,162959.63,0
758.0,France,Male,27,8,0.0,2,1,1,42289.43,0
850.0,Spain,Male,59,2,109891.63,1,1,0,165712.28,0
676.0,Germany,Male,34,0,47609.32,1,1,1,154439.91,0
700.0,France,Female,39,5,55772.17,1,1,1,186449.04,0
668.0,France,Female,36,0,114447.51,2,1,0,107980.3,0
752.0,France,Male,30,4,118458.92,1,0,1,64970.24,0
658.0,Germany,Female,29,5,0.0,2,1,1,193088.92,0
850.0,Germany,Female,46,10,71620.11,2,1,0,36422.72,1
562.0,France,Female,57,0,119000.68,1,0,1,132988.7,0
526.0,France,Male,18,5,0.0,2,1,1,121931.41,0
781.0,France,Male,45,4,7736.69,2,1,0,66229.96,0
600.0,France,Female,44,5,0.0,1,1,0,15859.37,1
749.0,Germany,Female,26,6,125253.99,2,1,0,69687.81,1
730.0,Germany,Female,34,10,0.0,2,1,0,177063.79,1
558.0,Germany,Male,40,3,0.0,1,0,0,22441.29,0
559.0,France,Male,26,9,112748.44,2,1,1,15849.31,0
705.0,Spain,Male,43,3,179768.94,2,1,0,31729.08,1
631.0,France,Female,28,8,58781.53,1,0,1,135299.37,0
793.0,France,Male,26,4,0.0,2,1,0,93726.61,0
533.0,France,Male,32,3,57378.38,1,1,0,99258.8,0
517.0,France,Male,32,8,70494.7,2,0,0,150748.61,0
466.0,France,Female,50,7,0.0,3,1,0,46112.85,1
677.0,Spain,Male,44,1,113408.5,2,1,0,22231.2,0
684.0,France,Female,41,8,135441.42,1,0,1,102038.73,0
683.0,Spain,Male,30,3,0.0,1,0,0,166386.47,1
651.0,Germany,Female,70,0,136578.11,1,0,0,190344.64,1
685.0,Germany,Female,33,7,0.0,1,1,1,67464.77,0
528.0,Germany,Female,56,6,57429.65,2,1,1,94939.47,0
850.0,Spain,Female,48,6,117998.84,2,1,0,15087.91,1
507.0,Spain,Female,35,6,94949.09,1,1,0,155927.84,0
781.0,France,Male,35,5,93947.87,1,1,1,123471.03,0
553.0,France,Male,34,0,0.0,2,1,0,161940.34,0
784.0,Germany,Male,38,9,143778.26,2,0,0,10350.01,0
660.0,Spain,Female,34,10,0.0,1,1,0,74158.2,0
602.0,Spain,Male,46,1,0.0,1,1,1,132546.23,0
565.0,France,Male,24,0,58057.17,2,1,1,82809.33,0
848.0,Spain,Male,18,0,61757.98,2,0,0,4916.18,1
657.0,France,Male,31,8,0.0,2,1,0,151964.76,0
618.0,Germany,Female,44,7,0.0,2,0,1,19172.71,0
752.0,Spain,Female,39,8,58283.24,1,1,1,46026.03,0
575.0,Germany,Female,52,3,0.0,2,1,1,112780.87,0
566.0,Germany,Female,55,9,112563.34,2,1,1,96211.59,0
484.0,France,Male,51,2,0.0,1,1,1,145439.64,0
642.0,Germany,Female,51,4,147665.17,1,1,1,151573.5,1
592.0,Germany,Female,45,9,99447.64,2,1,0,93497.07,1
600.0,France,Male,28,1,0.0,1,0,1,179112.04,0
842.0,France,Female,49,8,0.0,1,1,0,176729.92,0
614.0,Spain,Female,20,9,130110.47,2,1,1,153579.17,0
560.0,Spain,Female,32,5,0.0,2,1,1,106529.08,0
693.0,Spain,Male,47,0,157553.89,1,1,0,54921.27,1
631.0,France,Male,36,5,116641.88,2,1,1,119260.79,0
690.0,Spain,Female,63,7,0.0,1,0,0,151023.66,0
538.0,France,Female,58,6,0.0,2,1,1,19043.89,0
766.0,France,Female,47,4,134317.31,2,1,0,176638.07,1
801.0,Spain,Male,24,1,104546.91,2,1,1,88243.25,1
499.0,France,Male,52,0,87883.89,1,1,0,143952.71,1
613.0,Spain,Female,45,6,83786.48,2,1,0,82284.38,1
592.0,Germany,Female,50,1,143533.66,1,1,1,180321.59,0
546.0,Spain,Female,49,3,0.0,1,1,0,63488.04,0
648.0,France,Male,36,2,0.0,2,1,1,198128.59,0
688.0,Spain,Male,37,2,0.0,2,1,0,29276.78,0
793.0,Spain,Female,42,9,145157.25,2,1,1,15683.66,0
562.0,Spain,Male,49,4,0.0,2,0,1,131363.24,0
529.0,France,Male,43,10,73959.85,2,1,0,132075.83,0
566.0,France,Female,30,10,101838.49,2,1,1,18112.31,0
819.0,Spain,Male,20,10,0.0,1,0,0,40506.64,0
588.0,France,Female,53,2,0.0,2,1,0,38752.36,1
572.0,Germany,Male,45,6,131723.43,2,1,1,64310.35,0
668.0,Germany,Female,38,1,74675.47,1,0,0,139961.47,0
673.0,Germany,Female,18,4,137557.98,2,1,0,15467.77,1
647.0,Spain,Female,23,10,0.0,2,1,1,182190.61,0
368.0,France,Female,49,3,0.0,1,0,0,84955.88,1
621.0,France,Female,47,0,99560.05,1,1,0,147502.71,0
666.0,Germany,Male,49,10,117349.4,1,0,0,94756.49,0
685.0,Spain,Male,31,1,0.0,2,1,1,168088.21,0
351.0,France,Male,45,7,0.0,1,0,1,155055.91,0
536.0,France,Male,51,4,0.0,2,1,0,16274.24,0
797.0,France,Male,29,3,0.0,1,0,1,103373.55,0
622.0,France,Male,46,7,0.0,1,0,1,167727.6,0
501.0,France,Male,47,9,0.0,1,0,1,14906.35,0
530.0,France,Female,23,7,0.0,1,0,0,67249.48,0
575.0,France,Male,37,0,76016.82,1,1,0,160159.77,1
597.0,Spain,Female,44,1,146250.65,2,1,1,14352.52,0
535.0,Germany,Male,36,5,0.0,2,1,1,129174.44,0
711.0,France,Female,26,10,99063.37,2,1,1,130330.29,0
699.0,France,Female,22,1,37050.27,2,1,1,82051.94,0
782.0,Spain,Male,32,4,0.0,2,1,1,69611.54,0
510.0,Spain,Male,43,2,17671.78,2,0,1,52373.02,0
840.0,Germany,Female,28,1,154926.21,1,1,1,118382.2,0
656.0,Germany,Male,33,5,138806.78,1,1,1,89658.92,0
543.0,Germany,Female,43,9,72463.52,1,1,1,151525.11,0
618.0,Spain,Female,31,7,139702.46,2,1,1,74109.18,0
662.0,France,Male,28,1,0.0,2,1,0,85768.33,0
510.0,Spain,Male,49,4,83731.42,2,1,0,136277.32,0
667.0,Germany,Female,44,6,57134.65,2,1,0,141168.82,1
687.0,Germany,Male,34,10,213057.07,1,1,1,130025.36,0
697.0,France,Male,44,1,63344.32,2,0,0,172818.58,1
684.0,France,Male,53,10,0.0,1,0,1,111473.08,0
518.0,France,Female,30,3,63614.05,1,1,0,20333.03,0
779.0,Germany,Male,30,2,15976.76,2,0,1,50696.44,0
630.0,Germany,Female,31,8,0.0,2,0,0,87833.32,1
515.0,Germany,Female,42,4,71944.01,2,0,1,4246.43,0
700.0,Germany,Male,54,2,125194.23,1,1,1,198810.33,0
656.0,France,Male,33,4,46485.09,1,1,1,121620.23,0
623.0,France,Male,55,6,81659.56,1,1,0,173486.57,1
678.0,Germany,Male,32,2,25439.52,2,1,1,15372.6,0
610.0,France,Female,27,3,34443.67,1,1,1,105622.82,0
711.0,Spain,Female,38,3,135078.66,1,1,0,130694.09,0
602.0,France,Male,51,2,0.0,1,1,0,166765.49,1
777.0,Germany,Male,55,5,107436.93,2,1,1,185376.61,0
553.0,France,Male,55,8,83113.69,1,0,1,162237.91,0
713.0,France,Male,34,0,0.0,1,1,0,187578.7,1
609.0,France,Male,19,8,82163.68,1,1,1,10473.08,0
825.0,France,Male,36,3,122574.3,1,0,1,106044.29,0
850.0,France,Female,38,0,115312.06,1,0,1,147401.81,0
747.0,Germany,Male,36,2,44074.33,2,0,1,93870.5,0
618.0,Spain,Female,44,5,0.0,1,0,0,12412.96,0
850.0,France,Male,59,8,0.0,1,0,1,1707.99,0
576.0,France,Male,28,9,111175.26,1,0,1,198253.75,0
705.0,France,Male,37,7,0.0,2,1,0,111010.95,0
648.0,Spain,Male,31,6,96683.07,1,0,0,191527.87,0
609.0,Germany,Female,45,2,101248.63,2,0,0,88284.36,1
567.0,France,Male,60,8,75602.39,2,1,1,12334.3,1
676.0,Spain,Male,35,9,45320.55,1,0,1,38099.8,0
536.0,France,Female,52,0,0.0,2,1,1,138547.27,0
599.0,Spain,Male,42,6,105091.43,1,0,0,962.64,0
695.0,France,Male,54,10,0.0,1,1,1,87832.0,0
821.0,France,Male,40,1,0.0,1,1,1,167630.66,0
702.0,Spain,Female,40,9,9044.57,1,1,0,75620.47,0
800.0,Germany,Male,40,3,0.0,2,1,0,90165.18,1
551.0,Spain,Female,53,9,44035.7,2,0,0,154510.24,0
618.0,France,Male,31,9,0.0,2,1,1,139789.51,0
635.0,Spain,Female,38,5,183404.09,4,1,0,131613.35,1
677.0,France,Male,34,5,102356.44,1,1,0,69789.11,1
838.0,France,Male,33,6,0.0,1,0,1,49528.54,0
697.0,France,Female,39,4,0.0,1,1,0,161574.96,0
617.0,Spain,Male,60,5,206853.81,1,1,1,104254.53,0
592.0,Spain,Female,26,6,183237.22,2,0,1,152025.75,0
497.0,Spain,Female,46,5,114862.17,2,0,0,40333.77,1
547.0,France,Male,52,7,0.0,2,1,0,104981.68,0
692.0,Germany,Male,37,3,164149.44,1,0,0,15568.92,0
850.0,France,Male,34,1,37465.74,2,1,1,139422.53,0
560.0,Germany,Female,42,7,38123.58,1,1,1,194214.68,1
635.0,Germany,Male,55,8,163776.45,1,1,1,198494.96,1
623.0,France,Female,29,6,107877.43,2,0,0,27956.62,0
590.0,Germany,Male,20,2,95200.65,1,1,1,106773.67,0
810.0,France,Female,47,4,174519.63,2,1,0,180790.11,0
489.0,Germany,Female,37,3,107676.08,1,1,1,182635.66,0
615.0,Spain,Male,27,1,0.0,2,0,0,192279.41,0
740.0,France,Male,33,0,104047.6,2,0,0,54524.16,0
687.0,Germany,Female,61,3,0.0,1,1,1,91617.38,0
606.0,France,Female,42,9,220958.77,2,1,0,179494.91,1
621.0,Germany,Female,25,5,0.0,2,1,0,105974.83,1
628.0,France,Male,42,8,148930.62,1,1,0,47549.24,1
662.0,Spain,Male,39,0,0.0,2,0,1,49794.7,0
747.0,Germany,Female,45,7,0.0,2,1,0,19497.34,1
813.0,France,Female,33,8,75163.55,2,0,1,135172.28,0
794.0,France,Male,47,7,0.0,2,1,0,147758.21,0
680.0,France,Female,39,5,140462.08,2,0,0,27321.9,0
632.0,Spain,Female,41,7,0.0,2,1,0,85936.56,1
658.0,Germany,Male,49,6,185470.8,1,1,0,49492.68,1
792.0,France,Male,45,8,211716.54,1,1,0,4350.03,0
663.0,France,Male,34,1,155616.03,1,1,0,60842.76,0
569.0,Germany,Female,33,10,0.0,2,0,1,3584.98,0
654.0,Germany,Female,44,9,184255.39,1,1,1,29264.7,1
634.0,France,Male,50,3,0.0,4,1,0,139686.36,1
605.0,France,Male,51,0,0.0,1,1,1,72184.17,0
595.0,France,Female,40,10,0.0,1,1,0,91381.64,0
694.0,France,Male,45,3,82060.1,2,1,1,35947.25,0
692.0,France,Male,35,9,0.0,2,1,1,70282.88,0
611.0,France,Male,54,6,145554.69,1,1,0,179199.74,1
787.0,Germany,Male,39,7,0.0,2,1,1,74664.83,0
725.0,France,Female,37,4,181046.28,2,1,1,197360.41,1
743.0,France,Female,43,10,5927.81,1,1,0,159657.52,0
665.0,Spain,Female,33,6,125777.82,1,1,1,172765.6,0
492.0,France,Female,38,5,0.0,1,1,1,124835.53,0
666.0,France,Female,29,8,0.0,2,1,0,187285.64,0
736.0,France,Male,24,1,123656.07,1,0,1,49236.8,0
572.0,France,Female,30,10,128847.46,2,1,1,12704.25,0
637.0,France,Female,32,3,57627.11,1,1,0,119641.08,0
559.0,France,Female,35,0,0.0,1,1,1,124978.53,0
591.0,France,Female,38,7,0.0,2,0,1,184998.81,0
666.0,Germany,Male,24,3,0.0,1,0,0,82515.82,0
670.0,Germany,Male,38,9,0.0,2,1,1,153746.64,0
779.0,France,Female,18,0,22565.59,1,1,0,75945.28,0
779.0,Germany,Male,30,4,63193.05,2,1,0,167414.03,0
520.0,Spain,Male,66,2,0.0,1,0,0,126486.85,0
696.0,France,Female,32,8,0.0,1,1,1,29891.17,0
619.0,France,Female,31,6,134108.72,1,1,1,122681.96,0
644.0,Germany,Female,29,9,12999.29,1,1,1,105383.98,0
653.0,Spain,Female,42,8,0.0,2,1,0,135227.93,0
850.0,Germany,Female,30,4,0.0,1,0,0,168284.77,0
570.0,France,Female,37,10,10479.36,2,1,1,110663.24,0
619.0,Spain,Male,25,5,118285.52,1,0,0,178177.13,1
680.0,Germany,Male,44,10,185733.49,1,1,1,133864.71,0
570.0,Germany,Female,48,8,55841.45,2,1,1,31028.83,0
736.0,Spain,Male,33,9,104813.65,1,1,1,16707.09,0
584.0,Spain,Male,40,1,138585.61,2,1,0,19452.27,0
532.0,Germany,Male,32,2,0.0,1,1,0,130101.02,0
770.0,Germany,Female,51,8,144549.11,2,0,1,103113.36,0
599.0,France,Female,40,7,0.0,4,1,0,79785.44,1
512.0,France,Female,30,4,0.0,2,1,1,124514.11,0
642.0,Spain,Female,25,4,41895.52,1,1,1,1255.77,0
641.0,Germany,Female,53,5,0.0,1,0,0,104437.7,1
697.0,Spain,Male,30,8,0.0,1,1,1,130730.75,0
500.0,France,Male,31,9,0.0,1,0,1,104331.54,0
619.0,France,Male,45,10,113823.66,2,1,0,69398.94,0
618.0,France,Male,24,9,166579.77,2,0,0,198133.98,0
613.0,France,Female,32,2,144978.44,1,1,1,117532.14,0
707.0,Germany,Female,33,3,0.0,1,1,1,41361.65,0
727.0,France,Female,29,6,197307.56,2,1,1,140361.62,0
545.0,Spain,Male,38,10,150936.04,2,1,0,73499.07,0
596.0,France,Male,45,3,104159.46,1,1,1,193255.11,0
660.0,France,Female,41,3,16399.38,1,1,0,139976.24,0
605.0,France,Male,23,8,0.0,1,1,1,191707.98,0
635.0,Spain,Female,39,9,64007.43,1,1,0,77906.82,1
605.0,France,Male,45,6,35205.84,2,1,1,48096.58,0
635.0,Spain,Male,39,2,48452.68,1,1,1,151053.85,0
569.0,Spain,Female,28,3,42986.62,1,1,0,119458.07,1
599.0,Germany,Male,48,6,0.0,2,1,0,50457.78,0
702.0,Spain,Female,34,10,36349.6,1,1,1,21759.73,0
614.0,France,Female,37,9,130522.46,1,1,0,122823.04,1
769.0,Spain,Female,44,8,0.0,1,1,0,137783.53,0
425.0,France,Female,40,2,111841.62,2,0,0,154989.33,0
553.0,France,Female,30,10,0.0,1,0,1,30269.19,0
524.0,France,Male,45,4,83314.36,1,1,1,93265.4,0
716.0,Spain,Female,47,5,118321.66,1,1,0,144572.56,0
790.0,France,Female,29,7,94405.29,1,1,0,5883.55,0
810.0,France,Male,29,6,79144.56,1,1,1,106729.86,0
710.0,France,Male,28,10,162544.0,2,1,0,67632.07,1
505.0,Spain,Male,32,5,0.0,2,1,1,157850.39,0
691.0,France,Male,56,0,87267.06,1,1,0,3454.61,1
591.0,Spain,Female,33,0,117558.02,1,1,0,75158.39,1
526.0,Germany,Female,53,8,103111.04,1,0,0,192937.82,0
753.0,France,Female,42,7,0.0,1,1,1,186611.7,0
668.0,France,Female,31,5,0.0,1,1,1,31000.43,0
609.0,Germany,Female,48,1,138236.94,1,1,1,185839.68,1
615.0,France,Female,36,4,156723.73,2,1,1,92205.47,0
547.0,Spain,Female,30,5,0.0,1,1,1,175844.79,0
494.0,France,Female,22,7,82728.88,1,1,0,142578.64,0
581.0,Spain,Male,28,1,133727.89,1,1,0,115074.56,1
644.0,Germany,Male,31,9,0.0,2,1,1,188297.84,0
841.0,Germany,Male,23,4,0.0,1,1,1,142363.55,0
809.0,Spain,Male,33,8,0.0,1,1,0,6614.55,0
722.0,France,Female,36,0,0.0,2,0,0,112244.18,0
530.0,France,Male,47,5,0.0,3,1,0,78982.88,1
522.0,Spain,Male,42,4,0.0,1,1,1,196360.17,0
638.0,France,Male,41,9,0.0,1,1,1,89840.49,0
689.0,Spain,Male,31,0,0.0,1,1,1,8817.56,0
758.0,France,Male,43,4,1938.69,1,0,1,41244.47,0
652.0,Spain,Male,51,10,0.0,1,1,0,137880.41,0
487.0,Germany,Female,37,6,0.0,2,1,1,155936.84,0
489.0,Germany,Male,39,5,90753.05,2,1,1,138307.87,0
546.0,Germany,Male,39,8,109574.18,1,1,0,143902.5,0
420.0,Spain,Male,49,10,144843.88,1,0,0,129765.58,0
569.0,Spain,Male,45,3,112137.06,2,1,0,101931.44,0
704.0,Spain,Female,35,9,0.0,2,1,0,118380.73,0
773.0,Germany,Male,50,7,0.0,2,1,0,123343.16,0
573.0,Germany,Male,44,3,193967.6,1,1,1,2166.55,1
749.0,France,Female,42,4,162258.31,1,1,1,10553.04,0
599.0,Germany,Female,48,10,0.0,1,1,0,88480.34,1
643.0,Spain,Female,24,0,113977.51,1,1,0,85412.79,0
608.0,France,Female,40,3,0.0,2,1,1,100601.36,0
661.0,Germany,Female,51,8,164036.41,1,1,0,109256.09,0
536.0,Germany,Female,45,2,193541.38,1,1,0,13825.67,1
657.0,France,Male,54,4,117066.58,1,0,1,46348.69,0
638.0,France,Female,41,9,0.0,1,1,0,7999.77,0
644.0,Spain,Male,36,3,71285.27,2,0,0,167594.67,1
695.0,France,Male,33,2,0.0,2,0,1,70849.18,0
564.0,Germany,Male,49,10,0.0,2,1,0,33356.14,0
660.0,Spain,Female,46,0,0.0,2,1,0,132147.59,0
525.0,France,Female,41,7,0.0,2,1,1,2240.05,0
486.0,France,Male,43,1,74073.15,2,0,1,167885.47,1
535.0,Germany,Male,41,2,0.0,1,1,0,43075.73,1
548.0,Germany,Male,48,5,0.0,2,1,1,22240.53,0
604.0,France,Female,38,9,0.0,2,1,1,192949.79,0
663.0,France,Male,29,6,0.0,2,1,0,56203.81,0
463.0,France,Male,27,4,0.0,1,1,0,72725.41,0
684.0,Spain,Female,27,9,182467.77,2,1,0,73343.32,1
577.0,Spain,Female,31,5,31912.07,4,1,0,77822.04,1
612.0,Spain,Female,40,4,180105.42,1,1,1,143743.33,0
597.0,Germany,Male,48,6,170993.73,1,1,1,12798.88,0
601.0,Spain,Male,47,0,84811.0,2,0,1,42986.86,0
474.0,Germany,Female,27,1,131477.66,1,1,0,8310.93,1
604.0,France,Female,53,10,137257.42,2,1,1,129719.82,0
611.0,France,Female,43,3,67182.36,2,0,0,127037.5,0
787.0,France,Female,49,2,38134.59,1,1,0,47430.57,1
555.0,France,Female,52,4,0.0,1,1,1,25385.21,0
605.0,France,Male,36,1,0.0,1,1,1,120769.18,0
614.0,France,Male,18,1,120150.2,1,1,0,132453.93,0
667.0,France,Male,18,10,59247.17,2,1,0,28711.85,0
616.0,France,Female,41,1,33835.77,2,0,0,184153.81,0
607.0,France,Male,35,9,107734.85,1,1,1,32402.64,0
719.0,Germany,Male,35,6,131762.51,1,1,0,21535.88,1
637.0,Germany,Female,35,7,112221.57,2,0,0,163118.82,1
653.0,France,Male,49,10,0.0,1,1,0,172830.8,0
698.0,Germany,Male,36,10,0.0,1,1,0,38341.28,0
688.0,France,Female,41,6,139043.15,1,1,0,170879.69,0
762.0,France,Male,37,1,0.0,1,0,0,156392.43,0
704.0,France,Female,61,4,0.0,2,1,1,175433.04,0
774.0,France,Male,58,7,90755.33,1,0,1,87160.36,0
743.0,France,Male,33,7,0.0,2,1,0,107145.52,0
737.0,Spain,Male,33,8,0.0,2,1,0,110316.77,0
638.0,France,Male,42,9,0.0,1,1,0,62897.29,0
730.0,France,Female,55,3,0.0,2,1,1,162194.27,0
697.0,France,Female,59,9,129258.27,1,1,0,190279.83,1
498.0,Spain,Female,36,9,0.0,2,1,1,33160.69,0
720.0,Germany,Male,58,0,54955.14,2,1,1,111263.32,0
658.0,Spain,Male,63,1,56658.62,1,0,1,148314.85,0
771.0,France,Male,21,7,109711.49,2,0,0,74679.15,1
716.0,France,Female,34,7,128505.29,3,0,1,167901.26,1
687.0,France,Male,30,9,0.0,2,0,0,183395.31,1
762.0,Spain,Female,49,7,11294.31,2,0,1,161040.81,0
504.0,France,Female,34,8,0.0,2,1,1,154350.28,0
547.0,France,Female,34,6,176931.64,1,0,1,12872.51,1
683.0,Germany,Female,18,9,0.0,1,1,1,165158.99,0
807.0,France,Female,35,8,78427.99,1,1,0,128962.4,0
615.0,France,Female,52,9,47734.99,1,1,0,134741.08,0
726.0,Germany,Female,30,3,0.0,2,0,1,130600.61,0
567.0,Germany,Female,40,10,0.0,2,0,1,102794.51,0
666.0,France,Male,53,5,104139.07,2,0,0,119569.14,0
673.0,France,Male,47,4,0.0,2,1,0,148002.01,0
759.0,France,Male,53,9,35647.26,2,0,1,199434.25,0
430.0,Spain,Male,29,5,27148.33,1,1,1,50484.4,0
582.0,Germany,Male,35,9,92461.1,2,1,1,27656.35,0
476.0,France,Male,45,10,0.0,1,0,1,70219.2,0
644.0,Germany,Male,18,7,260000.0,1,0,1,162179.64,0
722.0,Germany,Female,55,8,93786.28,2,1,1,161707.5,1
547.0,Spain,Female,31,10,91542.12,1,0,1,164593.06,0
633.0,France,Male,38,10,0.0,2,1,1,199703.2,0
565.0,France,Male,41,8,29199.39,2,0,1,6185.99,0
820.0,France,Female,29,3,0.0,2,1,0,179109.25,0
605.0,France,Male,27,0,0.0,1,1,1,24629.61,0
749.0,Spain,Female,49,2,88439.41,1,1,0,175952.88,0
640.0,Spain,Female,38,1,0.0,1,1,0,129259.07,0
749.0,Germany,Male,41,7,0.0,2,1,0,28693.3,1
703.0,Spain,Male,42,6,0.0,1,1,1,150097.55,0
634.0,Spain,Female,54,1,132456.48,1,1,1,165625.22,1
737.0,France,Male,37,2,0.0,1,0,0,51688.38,1
515.0,Spain,Male,32,8,142260.17,2,1,0,141411.88,0
843.0,France,Male,25,10,0.0,4,1,0,144939.62,1
580.0,Germany,Female,33,9,70392.08,1,1,0,3477.06,0
743.0,Germany,Female,32,9,104726.68,2,1,1,1159.48,0
632.0,Germany,Female,42,5,173470.44,2,0,0,22062.93,1
708.0,Germany,Male,29,1,138693.36,1,0,1,180728.63,0
716.0,France,Female,49,1,0.0,2,1,0,127644.14,0
665.0,France,Male,41,3,0.0,1,1,0,119965.95,0
640.0,France,Female,18,10,54923.3,1,1,0,102356.34,0
528.0,Spain,Female,33,5,130663.32,2,0,0,193746.91,0
641.0,France,Female,49,7,196497.29,1,0,0,114792.74,0
622.0,Spain,Male,39,8,162461.71,1,1,1,132382.34,0
618.0,France,Female,51,7,129606.31,2,0,0,117091.86,0
704.0,France,Male,24,7,109037.46,2,1,0,128385.66,0
573.0,France,Female,42,9,0.0,2,1,0,36936.27,0
612.0,France,Female,27,4,101388.25,1,1,1,129811.43,1
761.0,France,Male,42,0,163161.15,2,0,0,58515.61,0
689.0,France,Female,44,9,0.0,1,1,0,114497.17,0
754.0,Spain,Female,39,5,0.0,2,0,1,22963.31,0
695.0,Germany,Male,33,7,0.0,2,1,0,33264.9,0
749.0,Spain,Female,45,1,161655.12,2,1,0,64409.14,1
570.0,Spain,Male,28,10,137094.13,1,1,1,34918.58,0
835.0,Germany,Female,52,4,171018.62,2,0,0,143536.64,0
771.0,Germany,Female,46,4,0.0,2,1,0,117245.76,1
604.0,France,Male,58,3,80536.01,1,0,1,57788.27,1
721.0,France,Male,63,10,73142.38,1,1,0,70348.98,1
786.0,France,Female,33,8,0.0,2,1,1,187542.71,0
521.0,Germany,Male,30,2,0.0,1,1,1,31372.03,0
519.0,France,Male,31,7,123477.52,1,0,1,59504.63,0
747.0,France,Male,19,9,24591.94,2,0,0,15767.81,0
675.0,France,Female,58,6,19339.72,1,1,0,125468.76,0
641.0,Germany,Male,44,2,0.0,1,1,0,138161.56,0
637.0,Germany,Male,51,4,48298.08,2,1,1,47333.39,0
720.0,Spain,Male,30,7,0.0,1,0,0,132780.31,0
566.0,France,Female,23,3,0.0,2,1,1,63380.52,0
588.0,France,Female,44,8,37655.14,4,1,1,180124.72,1
649.0,France,Male,34,7,0.0,2,0,0,91085.14,1
694.0,France,Male,37,1,0.0,2,0,0,26635.8,0
615.0,France,Female,35,10,88058.46,1,0,0,96752.34,1
589.0,Spain,Female,50,1,63510.19,2,1,0,61631.18,0
801.0,France,Female,46,5,0.0,1,0,1,104613.34,0
578.0,France,Male,62,7,109542.28,1,1,1,154132.84,0
628.0,Germany,Male,34,10,191186.69,2,1,1,22506.2,0
796.0,France,Female,60,4,0.0,1,1,0,129037.18,0
699.0,Spain,Female,36,9,170203.41,2,0,0,135864.4,1
562.0,France,Female,52,3,146189.85,1,0,1,182368.24,0
850.0,France,Male,41,4,92698.26,3,1,0,74734.36,1
636.0,France,Female,47,10,104588.51,2,1,1,59042.12,0
545.0,France,Male,36,10,207491.8,2,1,0,69565.44,0
559.0,France,Female,32,6,93922.28,1,0,0,171773.16,0
656.0,France,Female,30,5,26703.2,1,0,0,163035.17,0
637.0,France,Female,40,8,0.0,1,1,1,111527.03,0
673.0,France,Female,33,2,0.0,1,1,1,60245.64,0
610.0,France,Female,18,2,79146.69,1,0,1,50885.22,0
524.0,France,Female,26,5,93057.83,1,1,1,35738.39,0
646.0,France,Female,48,3,99563.84,2,1,0,104119.95,0
535.0,France,Female,33,9,7780.26,1,0,0,141565.8,1
727.0,Germany,Male,41,1,0.0,1,1,0,75442.63,0
831.0,France,Male,42,1,95635.44,1,1,1,113257.83,0
534.0,France,Female,31,10,0.0,1,1,0,174617.88,0
819.0,Germany,Male,29,6,0.0,1,1,0,81653.46,0
690.0,Spain,Female,45,0,0.0,1,1,1,183405.19,0
384.0,France,Male,21,8,0.0,2,1,1,19978.03,0
742.0,Germany,Female,43,9,124386.36,1,1,1,51136.83,0
583.0,Germany,Male,40,7,137003.7,2,1,1,4432.33,0
815.0,Germany,Female,50,0,94487.35,2,1,0,147237.24,1
606.0,Germany,Female,41,3,0.0,1,1,0,187056.0,1
548.0,Germany,Female,35,2,0.0,2,1,0,46399.8,0
713.0,France,Male,47,6,0.0,3,1,1,140874.06,1
760.0,Germany,Female,40,1,117408.65,2,1,1,32854.48,0
758.0,Spain,Male,50,9,98943.97,2,1,0,104024.56,1
502.0,Spain,Female,27,9,77790.53,2,1,0,89667.82,0
593.0,Spain,Male,36,7,135197.78,2,1,0,135810.5,1
666.0,Spain,Male,43,4,123737.93,2,1,0,111306.72,0
669.0,Spain,Female,45,5,158068.79,1,1,1,167246.15,0
757.0,France,Female,31,6,33930.78,1,1,0,9356.74,0
718.0,Germany,Female,38,2,156573.54,1,0,1,171729.12,0
735.0,Spain,Male,51,2,74467.71,1,1,0,57229.84,1
644.0,France,Male,34,10,0.0,1,0,0,181952.65,0
613.0,France,Female,22,10,66077.54,1,0,1,37913.33,0
700.0,Spain,Male,19,0,129553.57,1,1,1,179489.08,0
800.0,France,Female,42,1,33577.6,1,1,1,126601.8,0
479.0,Spain,Female,46,6,0.0,2,1,1,41671.48,0
705.0,France,Male,25,3,97273.37,2,1,1,60293.67,1
772.0,France,Female,52,5,108781.57,2,0,0,134277.15,1
683.0,Germany,Male,38,5,0.0,1,0,0,57722.63,0
658.0,Spain,Male,36,4,70905.99,1,1,0,83703.28,0
774.0,Spain,Male,51,8,78402.43,1,1,1,99658.87,1
632.0,France,Male,22,1,0.0,2,1,1,129891.88,0
550.0,France,Female,48,0,53965.7,1,1,1,83001.89,0
639.0,France,Female,44,5,48852.86,2,1,1,5323.42,0
551.0,Germany,Female,30,8,0.0,1,1,1,65941.41,0
850.0,Germany,Female,18,5,0.0,2,1,0,11768.41,1
729.0,France,Female,38,2,20146.86,1,1,1,8007.59,0
536.0,France,Female,39,0,4714.9,1,1,1,12659.71,0
541.0,France,Female,44,7,0.0,2,0,1,30445.76,0
574.0,Spain,Male,40,2,90141.35,1,0,0,125239.46,1
734.0,Germany,Male,50,9,122335.8,1,1,1,149233.7,0
656.0,Germany,Male,37,4,121526.98,1,1,0,186628.85,1
777.0,France,Female,38,9,0.0,1,0,0,108893.61,1
621.0,Spain,Male,51,10,21564.95,1,1,1,99546.38,0
741.0,Germany,Male,25,0,43033.13,1,1,1,103199.92,0
545.0,Spain,Male,54,9,179909.19,2,1,1,114860.88,0
645.0,France,Female,39,6,41528.99,2,1,1,199934.73,0
648.0,France,Female,42,5,71523.42,2,1,1,96422.5,0
494.0,France,Female,41,8,161374.14,1,0,1,111854.13,0
668.0,Spain,Female,44,3,51866.06,1,1,0,50885.92,1
573.0,Spain,Female,33,9,29671.44,1,1,1,72169.03,0
697.0,France,Female,56,8,84205.22,2,1,0,129674.97,0
646.0,France,Male,43,6,82277.85,1,1,0,69107.96,0
512.0,Germany,Female,35,6,122914.28,2,1,0,176369.49,1
626.0,France,Female,29,2,0.0,1,1,0,132242.9,1
646.0,Germany,Female,55,4,93400.14,2,1,1,130611.18,0
767.0,Germany,Male,18,2,115037.75,3,0,0,78479.24,1
650.0,Germany,Male,39,0,80868.07,2,0,1,129804.9,0
757.0,France,Female,26,4,0.0,1,0,1,15761.93,0
657.0,Germany,Female,46,8,0.0,1,0,0,121491.4,0
760.0,France,Female,35,3,22642.46,2,1,1,109739.15,0
589.0,Germany,Female,59,7,0.0,1,1,1,22996.51,0
654.0,Spain,Male,47,2,0.0,2,0,1,164549.9,0
487.0,Germany,Female,54,3,0.0,1,0,0,45942.03,1
646.0,Spain,Female,25,8,0.0,1,1,1,61381.19,0
481.0,Spain,Female,41,1,0.0,2,1,0,135451.61,0
611.0,Germany,Female,41,3,142162.95,1,1,0,62075.58,1
718.0,Germany,Male,34,7,204096.44,1,1,1,73083.42,1
647.0,France,Female,26,0,184252.86,1,1,1,55365.58,0
582.0,Germany,Female,59,9,0.0,2,0,0,6618.44,1
669.0,Spain,Male,33,1,0.0,1,1,1,79352.67,0
758.0,Germany,Male,37,3,0.0,1,0,0,32298.27,0
625.0,France,Male,37,1,134278.51,2,1,1,92212.56,0
621.0,France,Female,23,6,110276.45,2,0,0,10748.15,0
668.0,Spain,Female,36,6,69826.92,1,0,0,52443.91,0
646.0,France,Female,18,4,0.0,2,1,0,134042.97,0
726.0,France,Male,40,10,100065.8,3,1,1,191457.99,1
528.0,Germany,Female,27,8,0.0,2,1,0,96139.22,0
533.0,France,Male,22,3,88030.14,2,1,1,21140.82,0
621.0,Germany,Female,33,1,176796.4,1,1,0,5187.81,0
773.0,Germany,Female,32,8,0.0,2,1,0,158982.83,0
850.0,France,Female,45,5,200176.72,1,1,0,60951.44,1
566.0,Spain,Female,24,4,0.0,2,1,1,83560.36,0
460.0,France,Male,53,6,120624.62,1,1,1,98229.04,0
639.0,France,Male,47,10,95343.85,2,1,0,168561.42,1
622.0,France,Female,32,7,0.0,1,0,1,106779.39,0
816.0,France,Female,40,8,216948.58,1,1,1,117115.99,0
570.0,France,Male,35,3,55778.7,1,1,1,191495.47,0
650.0,France,Male,42,6,144396.51,1,1,1,144256.62,0
553.0,France,Male,41,6,68477.44,1,1,0,141448.35,0
811.0,Germany,Male,48,5,47746.48,2,0,0,51808.43,1
717.0,France,Female,37,10,0.0,1,0,0,30845.08,1
622.0,Germany,Male,18,0,0.0,2,0,1,157834.05,0
767.0,France,Male,33,0,0.0,1,1,0,10632.05,0
651.0,France,Male,46,4,148530.51,2,1,0,142063.49,1
657.0,Germany,Male,41,3,118477.29,1,0,0,83852.31,1
733.0,Spain,Male,33,2,66537.92,2,1,1,136587.99,0
753.0,France,Male,34,0,56273.23,1,1,1,60215.87,0
537.0,Germany,Female,50,6,0.0,1,1,0,184328.07,0
824.0,Spain,Male,27,4,0.0,2,1,1,109650.33,0
850.0,Spain,Female,22,4,88889.5,1,1,1,84916.45,0
825.0,France,Female,31,7,114035.56,2,1,1,95437.94,0
744.0,France,Male,42,5,207626.09,2,1,0,130715.06,0
674.0,Spain,Female,26,9,127642.12,1,1,1,25137.71,0
648.0,Spain,Female,39,0,0.0,1,0,1,67342.69,0
491.0,France,Male,32,9,42408.08,1,1,1,40197.23,0
627.0,Spain,Male,30,9,142859.1,2,1,1,166286.18,0
810.0,France,Female,45,2,0.0,2,1,1,125142.56,0
514.0,Germany,Female,36,4,148241.21,1,1,0,176693.07,0
626.0,Germany,Male,20,4,100967.79,2,1,1,24453.85,0
582.0,France,Male,40,3,122776.6,1,0,1,57311.42,0
652.0,Spain,Female,44,4,115422.15,2,0,1,147910.45,0
555.0,Germany,Male,32,1,0.0,1,0,0,138142.13,0
519.0,Germany,Female,48,7,0.0,2,1,1,140722.29,0
615.0,Germany,Male,35,9,0.0,2,1,1,8158.94,0
702.0,France,Male,33,6,141637.56,2,1,1,161327.67,0
643.0,France,Female,25,6,117224.31,1,1,1,189689.24,0
700.0,France,Male,18,5,0.0,1,0,1,27827.36,0
688.0,France,Female,35,8,54589.97,1,1,0,36478.44,1
608.0,France,Male,27,2,126813.42,1,0,0,91883.92,0
697.0,France,Male,42,7,128447.4,1,1,1,165381.15,0
787.0,France,Male,22,0,0.0,1,0,0,36285.57,0
661.0,Spain,Female,42,1,0.0,2,1,0,180908.6,0
666.0,Spain,Male,58,8,11147.1,2,0,0,190663.5,1
679.0,France,Female,29,5,0.0,3,1,0,62934.7,1
583.0,France,Female,37,1,194346.62,1,1,0,53516.81,1
717.0,France,Male,21,9,89529.83,2,0,1,152661.66,0
583.0,Germany,Male,56,5,97895.82,2,0,0,79943.29,1
768.0,France,Male,45,3,0.0,1,1,1,137393.76,1
712.0,Spain,Female,34,6,0.0,1,1,1,198278.81,0
536.0,Germany,Male,35,7,32745.09,2,1,0,116175.61,1
749.0,Spain,Female,28,6,119744.27,2,0,0,86697.65,0
805.0,Spain,Female,46,2,0.0,2,1,1,63779.99,0
592.0,Spain,Female,38,1,0.0,2,1,0,144798.99,0
741.0,France,Male,18,10,15089.83,1,1,1,34702.73,0
498.0,France,Male,24,10,0.0,1,1,1,69620.08,0
683.0,Spain,Male,47,9,132463.79,2,1,0,53498.91,1
529.0,Germany,Male,45,2,0.0,2,0,1,178817.12,0
544.0,Germany,Male,48,3,148349.12,1,0,0,128925.91,0
796.0,France,Female,26,8,158634.72,1,0,1,151881.63,0
672.0,France,Female,24,8,0.0,1,1,1,58079.71,0
501.0,Germany,Female,20,6,0.0,2,0,0,73999.3,0
640.0,Spain,Male,56,5,85773.98,2,0,0,91165.58,0
827.0,France,Female,24,8,184880.23,2,1,0,97243.65,0
572.0,Germany,Female,40,0,103373.63,1,1,0,132067.8,1
643.0,Germany,Male,37,9,155785.45,2,1,1,101478.6,0
373.0,France,Male,52,1,69490.52,2,0,0,169404.22,1
639.0,Spain,Male,25,9,115248.71,1,0,1,164678.6,0
717.0,Germany,Male,24,5,86813.52,1,1,0,47241.03,0
656.0,France,Male,51,5,0.0,1,1,1,167306.2,0
668.0,Spain,Male,26,2,0.0,1,1,0,128114.51,0
834.0,Germany,Female,38,2,126237.02,2,0,0,79248.09,0
755.0,Germany,Male,35,7,0.0,2,0,1,78757.31,0
813.0,France,Male,47,10,0.0,2,1,1,117930.3,0
466.0,France,Female,18,4,226695.77,2,0,0,35917.82,0
592.0,France,Female,49,9,164306.37,1,1,1,55057.05,0
620.0,Germany,Female,41,3,0.0,2,1,1,164320.48,0
585.0,France,Male,46,5,122624.94,1,1,0,151806.74,1
654.0,France,Female,57,8,0.0,2,1,0,108151.5,0
714.0,France,Male,39,7,67241.18,2,0,0,68629.72,1
574.0,France,Female,39,10,0.0,2,1,0,93897.46,0
718.0,Germany,Female,49,9,0.0,2,0,0,84589.06,1
804.0,Spain,Male,36,4,0.0,2,0,1,189953.21,0
695.0,France,Male,37,0,110088.31,1,0,0,79856.33,0
716.0,France,Male,48,2,70485.65,2,1,1,61238.69,0
483.0,France,Male,19,3,97131.8,1,1,0,98972.57,0
663.0,France,Male,45,5,0.0,1,0,0,33629.28,0
740.0,Spain,Female,47,1,104773.89,2,1,1,38613.83,0
628.0,France,Male,28,7,0.0,1,1,0,132023.8,0
730.0,Germany,Male,31,3,0.0,2,1,1,107962.05,1
678.0,France,Male,39,6,0.0,2,1,1,184212.23,0
608.0,France,Female,35,4,83065.23,1,1,1,99880.32,0
638.0,France,Female,42,0,0.0,2,1,1,73190.28,0
815.0,Germany,Male,40,3,76964.99,1,1,0,193678.1,0
633.0,Spain,Female,51,8,28671.28,2,1,0,69823.48,0
646.0,Germany,Female,41,3,0.0,2,0,1,84283.3,0
527.0,Germany,Male,34,0,122368.85,2,1,0,70497.01,0
495.0,Germany,Female,45,7,60243.66,2,1,0,26690.43,0
739.0,France,Male,48,9,0.0,3,1,1,123770.86,0
659.0,France,Female,45,2,0.0,2,1,0,71047.39,0
620.0,Germany,Male,39,7,203248.52,2,1,1,161050.85,0
539.0,France,Female,44,10,128171.54,1,1,0,138964.88,1
431.0,France,Female,36,3,0.0,2,1,0,189882.15,0
742.0,France,Male,51,3,28185.4,1,1,0,81561.66,0
744.0,Spain,Female,54,4,0.0,1,1,0,189329.29,1
716.0,France,Male,30,6,80720.46,2,1,1,55836.58,1
659.0,France,Male,34,7,201425.22,2,1,0,185459.66,0
491.0,Spain,Female,32,9,139762.72,1,1,0,105655.76,0
689.0,France,Male,43,6,158393.69,1,1,1,108666.47,0
657.0,France,Female,33,1,130649.33,2,0,1,156968.01,0
547.0,France,Male,42,1,150777.13,2,1,0,185593.15,1
754.0,Germany,Female,40,3,94367.2,2,0,1,163633.37,0
719.0,France,Male,48,1,0.0,1,1,0,128760.17,0
511.0,France,Male,39,1,0.0,2,1,1,144200.52,0
638.0,Germany,Male,37,0,64396.15,2,1,1,29005.97,1
634.0,Spain,Female,44,7,108659.01,2,1,0,166177.38,1
666.0,Germany,Female,52,8,0.0,1,0,0,126872.05,0
470.0,Spain,Male,53,10,142588.52,1,0,0,44955.2,0
701.0,France,Female,34,4,0.0,2,1,1,177710.89,0
450.0,France,Male,24,6,138616.45,1,1,1,113321.25,0
657.0,Spain,Male,40,2,60529.79,2,1,1,76407.7,0
599.0,Spain,Male,41,6,132541.22,2,1,1,123610.62,0
824.0,France,Male,24,9,0.0,2,1,1,43743.31,0
624.0,France,Female,47,4,163478.75,2,1,0,92640.86,1
618.0,Spain,Male,51,1,137203.19,1,1,0,105958.38,1
607.0,Spain,Male,39,10,20602.54,2,1,1,101025.71,0
519.0,France,Female,46,2,0.0,2,0,1,55792.37,0
679.0,France,Female,44,10,109519.38,2,1,1,39646.81,0
535.0,Spain,Female,36,1,57225.14,1,1,0,120882.04,0
593.0,France,Female,51,3,0.0,1,0,1,34874.82,0
584.0,Germany,Female,43,5,0.0,1,1,0,71042.41,0
657.0,France,Female,35,10,138664.65,3,1,1,183507.27,1
850.0,France,Male,36,2,0.0,2,1,1,24026.85,0
538.0,Germany,Male,42,4,24112.28,1,1,1,131803.85,1
772.0,Germany,Male,44,0,32722.33,1,0,1,110229.52,0
743.0,France,Female,38,10,186954.48,1,0,0,78628.62,0
487.0,Spain,Male,39,5,125394.81,2,0,1,107079.05,1
663.0,France,Male,37,4,0.0,1,1,1,162290.48,0
505.0,Spain,Female,50,2,0.0,2,1,0,195757.11,0
770.0,France,Female,37,7,127496.99,2,0,1,32969.92,0
479.0,France,Male,46,3,187493.17,1,1,0,177905.68,0
624.0,Spain,Female,45,4,93447.64,2,1,1,83226.5,0
522.0,France,Male,42,4,119855.59,1,1,0,96385.97,1
729.0,France,Male,18,0,214483.01,3,1,1,135077.86,0
593.0,France,Female,45,8,0.0,1,1,1,27666.25,0
667.0,France,Male,38,1,0.0,2,1,0,70112.08,0
526.0,France,Female,46,6,0.0,4,1,0,135529.56,0
646.0,Spain,Male,45,9,22663.23,1,0,1,33175.53,0
756.0,Germany,Female,43,7,108924.42,2,0,0,51996.56,0
742.0,Spain,Female,52,10,0.0,1,1,0,120140.91,0
775.0,France,Male,50,7,80876.89,1,1,1,167242.46,0
728.0,Germany,Male,18,3,135841.72,2,0,1,85430.86,0
645.0,Germany,Male,26,9,18867.65,2,1,0,120271.52,1
691.0,Spain,Female,50,4,0.0,1,1,0,36473.9,0
704.0,Germany,Male,36,6,110189.32,1,1,0,128193.28,0
687.0,France,Male,27,0,22077.3,2,1,1,89101.57,0
722.0,Germany,Female,20,6,155623.38,2,1,0,11913.28,0
658.0,Germany,Male,18,10,144380.59,2,0,0,107909.53,1
695.0,France,Male,38,9,80864.25,1,1,1,95109.75,0
850.0,France,Female,25,9,0.0,2,1,1,77937.28,0
629.0,Germany,Male,40,3,83454.03,3,1,0,100375.99,1
850.0,France,Male,58,10,0.0,1,0,1,77789.1,0
548.0,France,Male,47,3,99140.1,1,1,0,62857.01,0
684.0,France,Male,29,8,214410.59,2,1,0,11024.76,0
640.0,Germany,Female,30,1,0.0,1,0,0,29378.59,0
546.0,Spain,Male,27,10,39369.43,2,0,1,111953.35,0
742.0,Germany,Female,39,6,28150.07,2,1,1,138313.3,0
850.0,France,Male,36,1,0.0,2,0,0,180874.19,0
786.0,France,Female,53,10,75333.97,2,1,0,173149.72,0
719.0,France,Female,38,5,105114.05,2,1,1,72448.41,0
350.0,France,Female,31,0,160445.76,1,0,0,62990.46,0
517.0,Spain,Female,25,0,24802.99,2,1,1,61567.18,0
710.0,France,Male,33,10,1020.54,2,0,0,116649.42,0
624.0,France,Female,43,10,221448.88,2,0,0,18073.19,1
657.0,France,Male,24,3,0.0,2,1,0,131362.62,0
850.0,France,Male,26,5,0.0,2,1,1,158491.82,0
826.0,France,Female,31,4,0.0,1,1,0,123322.69,0
740.0,France,Male,47,2,97365.32,1,0,0,127164.7,0
548.0,France,Female,30,10,35295.97,2,1,1,72952.54,0
638.0,Germany,Male,27,4,166740.1,1,1,0,71244.2,1
727.0,France,Male,36,0,66156.56,2,1,1,66103.41,0
602.0,Spain,Female,23,1,50622.5,2,1,1,154083.94,0
452.0,France,Female,37,5,62236.92,2,1,0,111278.96,0
820.0,Germany,Female,30,4,93267.97,1,1,0,86459.2,0
650.0,France,Male,44,10,0.0,1,1,0,47706.41,1
618.0,France,Female,42,7,118243.07,2,0,0,103229.44,0
619.0,Spain,Male,32,8,0.0,2,1,0,80576.92,0
577.0,France,Female,42,3,0.0,2,0,1,4019.25,0
506.0,Germany,Female,50,4,133254.49,2,0,1,129365.94,1
742.0,France,Male,42,9,0.0,1,1,0,142650.21,0
565.0,France,Male,46,8,117510.39,1,1,0,3805.76,1
676.0,Germany,Male,31,6,163410.48,1,0,1,68071.87,0
727.0,France,Male,37,5,149969.67,2,1,0,156143.06,0
713.0,Spain,Female,40,1,0.0,1,0,0,14251.83,0
635.0,France,Male,51,1,165886.01,2,1,0,132929.9,0
700.0,France,Male,35,3,71228.2,2,1,0,25965.06,0
594.0,Germany,Female,34,8,2370.86,1,1,0,24877.6,0
655.0,Germany,Male,18,9,0.0,2,1,0,76464.94,1
642.0,France,Male,37,9,82429.9,1,0,0,183709.63,1
686.0,Germany,Male,41,6,0.0,3,1,0,32453.83,1
669.0,Germany,Male,25,10,0.0,1,0,1,34872.64,0
492.0,France,Male,29,5,235024.86,1,1,1,73625.76,1
617.0,Germany,Male,22,0,0.0,2,1,1,8865.17,0
476.0,Spain,Female,18,5,66654.05,2,1,0,69031.16,0
589.0,Spain,Male,43,6,105010.83,1,1,0,80679.97,0
667.0,France,Female,32,0,219016.76,1,1,0,194327.29,0
745.0,France,Male,30,2,0.0,2,1,0,49390.45,0
850.0,France,Male,49,7,0.0,1,1,0,19731.91,0
630.0,Spain,Female,41,4,139079.84,2,1,1,175912.71,0
543.0,Germany,Female,56,6,0.0,2,0,1,62227.08,0
751.0,Germany,Female,35,1,128595.32,2,1,0,109500.94,1
625.0,Germany,Male,53,0,0.0,2,1,1,59003.79,0
743.0,Germany,Male,53,8,52713.52,2,0,0,76066.68,0
662.0,France,Female,34,7,144517.4,1,0,1,141440.93,0
668.0,France,Male,41,8,0.0,2,1,1,174053.65,0
825.0,Spain,Female,41,0,0.0,1,1,0,130991.81,1
610.0,France,Female,42,2,0.0,2,0,1,16639.05,0
716.0,France,Female,60,4,80544.1,1,1,0,55694.84,0
580.0,France,Male,38,10,94199.25,1,0,1,167644.61,1
680.0,France,Female,31,10,117764.37,1,0,0,190512.51,0
705.0,Spain,Male,44,1,0.0,1,1,1,190130.21,0
693.0,Spain,Male,40,8,116555.99,2,1,1,161268.82,0
664.0,Spain,Female,33,9,77470.54,2,1,0,83978.61,1
439.0,Spain,Male,27,4,0.0,1,0,0,152970.16,0
657.0,Spain,Female,31,1,103702.73,1,1,0,48741.27,0
635.0,Spain,Female,57,6,0.0,1,0,0,95700.47,0
608.0,Spain,Male,50,0,89010.5,1,1,0,22765.58,0
800.0,Germany,Female,48,7,90619.8,1,1,1,92757.23,0
717.0,France,Male,45,2,0.0,2,0,1,167625.31,0
604.0,France,Male,32,4,169951.29,1,0,1,22402.1,0
728.0,Spain,Male,43,10,4478.16,2,1,1,140025.78,0
552.0,France,Male,25,3,115781.31,2,1,1,95776.61,0
743.0,France,Female,37,1,0.0,1,1,1,30153.16,0
744.0,France,Female,29,1,49354.87,2,1,1,69925.05,1
707.0,Germany,Male,32,8,90202.58,1,0,0,165998.48,1
608.0,France,Male,47,10,0.0,1,1,0,157114.62,0
640.0,France,Male,50,9,0.0,2,1,1,12138.76,0
542.0,France,Male,38,0,90608.06,2,0,0,78691.43,0
651.0,Germany,Male,58,10,0.0,2,1,1,158837.82,1
449.0,France,Male,29,5,0.0,2,1,1,49639.99,0
495.0,Germany,Female,39,1,181053.6,1,1,1,120531.68,0
681.0,Germany,Female,36,4,186905.82,1,1,1,68948.37,0
749.0,France,Male,54,5,0.0,1,1,1,60172.7,0
684.0,France,Female,18,3,0.0,2,1,1,131485.9,0
654.0,France,Female,40,0,0.0,1,0,1,49197.34,0
652.0,Spain,Male,18,8,64146.51,2,1,1,93588.84,0
775.0,Germany,Male,33,10,161033.41,3,1,1,110299.89,1
766.0,Spain,Male,55,4,127212.65,2,0,0,80116.63,0
632.0,Germany,Male,30,3,155167.76,1,1,1,116268.19,1
727.0,Germany,Female,35,5,181606.42,1,0,0,65459.29,1
736.0,Germany,Female,43,7,119748.48,1,1,1,141834.18,0
758.0,Germany,Female,24,0,130957.21,1,1,1,67980.12,0
676.0,France,Female,26,9,181906.19,2,1,0,62974.48,1
705.0,France,Female,48,3,0.0,2,1,0,159982.27,1
738.0,France,Male,32,6,28452.33,1,1,0,38952.17,0
756.0,France,Male,44,10,110973.58,2,1,1,152585.8,0
524.0,France,Male,35,5,0.0,2,0,0,37579.01,0
785.0,Spain,Female,18,4,0.0,2,1,1,21969.52,0
659.0,France,Female,37,1,92410.65,1,1,0,64643.83,0
671.0,France,Female,24,8,220608.33,1,0,0,104386.3,0
632.0,France,Male,54,2,71894.37,1,1,1,45150.19,0
615.0,France,Female,40,9,88875.58,1,1,0,22662.58,1
675.0,France,Male,21,10,30991.71,1,1,1,180464.96,0
698.0,Spain,Male,40,7,96872.71,1,0,1,28450.88,0
635.0,France,Male,46,10,167413.49,1,1,1,61957.41,0
778.0,France,Female,53,1,43258.66,1,0,1,193132.81,0
610.0,Spain,Female,38,5,0.0,1,1,1,34914.6,0
506.0,France,Male,40,9,61543.4,2,0,0,149590.65,0
694.0,Germany,Male,46,7,0.0,2,1,1,161704.0,0
435.0,France,Male,34,8,0.0,1,0,0,152463.6,0
576.0,France,Male,18,6,88450.18,1,1,1,142669.99,0
580.0,France,Female,36,5,94097.42,1,0,0,113387.13,0
700.0,France,Male,35,8,0.0,2,1,1,123843.8,0
752.0,Germany,Female,44,0,150540.11,2,1,0,10631.58,1
590.0,Germany,Male,28,5,0.0,2,1,0,193266.33,0
519.0,Germany,Male,58,8,187655.0,2,1,1,111605.18,0
577.0,France,Female,48,10,51656.99,1,1,0,63367.58,0
626.0,France,Male,56,6,0.0,1,1,0,104436.21,0
725.0,France,Female,38,7,0.0,2,1,1,137866.41,0
806.0,Germany,Male,41,9,81254.26,1,0,1,187942.3,0
615.0,Spain,Female,37,7,6744.01,1,1,0,76349.7,0
611.0,France,Male,37,10,98135.51,1,1,0,109925.16,0
830.0,Germany,Male,51,0,0.0,2,0,1,88570.14,0
820.0,France,Female,28,5,0.0,1,0,0,35281.53,0
807.0,France,Female,41,2,90368.15,2,0,1,24911.63,0
719.0,Germany,Male,38,7,0.0,1,0,1,112613.38,0
650.0,Spain,Male,29,6,0.0,1,0,1,31397.4,0
571.0,France,Male,49,6,0.0,1,0,0,102320.28,0
524.0,France,Male,34,4,63413.55,1,1,1,23476.9,0
721.0,France,Male,60,8,73178.0,1,1,1,103553.59,0
570.0,France,Male,37,1,0.0,1,1,0,28559.56,0
660.0,Spain,Male,18,3,111874.13,2,1,0,171150.06,0
489.0,Spain,Female,40,10,0.0,2,0,1,57691.32,0
700.0,Spain,Male,46,8,29599.8,2,0,1,169665.79,0
695.0,France,Male,18,9,74010.76,2,1,0,4419.23,0
764.0,France,Male,24,1,153920.71,1,1,1,63991.51,0
686.0,Germany,Male,40,5,131450.2,2,0,0,51676.77,1
585.0,France,Male,19,9,0.0,1,1,0,146040.26,0
606.0,France,Female,37,3,28071.57,2,1,1,187286.94,0
723.0,France,Male,53,0,78352.16,2,1,1,70390.85,0
440.0,Germany,Female,32,3,0.0,1,1,1,165803.71,0
714.0,Spain,Male,32,2,181494.18,2,0,0,70.71,0
706.0,France,Female,45,4,122562.71,1,1,1,199607.64,0
566.0,Germany,Female,44,10,0.0,1,1,0,96897.84,1
469.0,France,Male,36,3,106041.68,1,0,1,124375.31,0
351.0,France,Female,31,4,230095.03,2,1,0,151819.04,1
745.0,Spain,Female,25,3,0.0,1,1,0,65492.58,0
577.0,Spain,Male,37,2,87161.0,2,1,0,94161.69,1
478.0,Germany,Male,57,4,176317.08,1,0,0,187628.73,1
600.0,France,Female,52,0,100008.81,2,1,1,188014.01,0
554.0,France,Male,54,10,0.0,2,0,1,15344.96,0
529.0,France,Male,50,0,0.0,2,1,1,66532.08,0
699.0,Germany,Male,40,1,135407.73,1,0,1,167890.76,0
731.0,France,Male,34,0,0.0,2,1,1,128460.2,0
675.0,Spain,Female,44,1,35079.02,1,1,0,143407.62,0
699.0,Germany,Female,18,1,59834.57,1,1,0,28463.33,0
691.0,Spain,Male,37,0,3703.21,1,1,1,176559.16,0
738.0,France,Male,48,2,0.0,2,1,1,1552.62,0
761.0,France,Male,44,6,65822.07,1,1,0,173153.85,0
608.0,Spain,Female,46,2,14419.17,1,1,1,77031.39,0
512.0,France,Female,45,5,83672.35,2,1,0,57208.33,0
648.0,France,Female,29,0,126762.73,1,0,1,193617.08,0
841.0,France,Male,43,0,106485.05,2,1,1,170534.92,0
493.0,France,Male,43,1,131304.88,1,1,1,125560.19,0
666.0,France,Male,55,3,136199.23,2,1,1,170914.81,0
850.0,France,Male,34,3,60632.19,1,0,1,140410.27,0
746.0,Germany,Male,32,6,129095.13,1,0,1,31452.5,0
650.0,France,Male,48,8,114807.98,1,1,0,44599.45,0
382.0,Spain,Male,34,7,159109.03,1,1,1,158080.49,1
656.0,France,Male,38,2,0.0,1,1,0,127947.74,0
671.0,France,Male,47,9,0.0,2,1,0,186328.89,0
545.0,France,Female,30,4,0.0,1,0,1,199422.54,0
577.0,Germany,Female,31,6,0.0,1,1,0,70843.66,1
784.0,Spain,Male,45,4,178088.81,1,1,1,187043.47,0
619.0,Spain,Female,31,9,0.0,2,0,0,191245.66,0
743.0,Germany,Male,53,10,99191.5,1,0,1,64975.61,0
597.0,Germany,Female,32,2,21860.95,1,0,0,130684.44,1
756.0,France,Male,41,10,50677.54,2,1,1,111872.64,0
720.0,Spain,Female,43,3,83860.83,1,0,1,152297.87,1
655.0,Spain,Male,49,8,162027.74,2,1,0,124630.75,1
740.0,Germany,Female,31,6,95981.04,2,0,1,187092.6,1
558.0,Germany,Female,41,7,177040.14,3,0,1,74260.37,1
682.0,France,Male,49,5,0.0,2,1,1,157704.2,0
415.0,France,Female,24,4,0.0,1,0,0,138911.81,0
526.0,France,Female,37,1,0.0,1,0,0,96519.08,0
610.0,Spain,Male,31,0,96702.87,2,0,0,161076.29,0
600.0,Germany,Female,21,8,109063.9,1,1,1,184327.36,0
810.0,France,Female,27,7,0.0,1,1,0,790.03,0
580.0,Germany,Female,18,5,32108.69,2,1,0,132468.33,1
706.0,France,Female,30,10,0.0,1,1,1,70042.62,0
618.0,France,Female,37,10,0.0,2,1,0,37279.65,0
579.0,Spain,Female,43,2,94280.46,1,1,1,183761.15,1
668.0,Spain,Male,35,4,0.0,1,1,1,152095.58,0
723.0,Germany,Female,58,2,0.0,1,0,1,35603.66,1
698.0,Spain,Male,18,3,86326.6,2,1,0,122216.44,0
850.0,Germany,Female,46,6,0.0,1,1,1,71635.15,0
601.0,Germany,Female,40,9,0.0,2,1,0,65630.98,0
796.0,France,Female,43,10,0.0,1,0,0,50033.33,0
841.0,France,Male,27,5,55280.16,2,0,0,134092.59,0
646.0,Germany,Female,51,6,0.0,1,0,0,166171.15,0
400.0,Germany,Male,31,5,0.0,2,0,1,180676.01,0
751.0,Spain,Male,18,5,108890.35,2,0,0,166728.54,1
580.0,Spain,Female,58,8,96253.0,1,1,0,22504.7,0
674.0,France,Male,54,1,157340.48,2,1,0,177807.05,1
642.0,France,Female,48,8,111109.12,1,0,1,145988.07,0
439.0,Germany,Male,44,7,75236.99,3,0,0,18579.19,1
657.0,Germany,Male,21,7,68319.74,2,1,1,176729.0,0
714.0,France,Female,47,3,0.0,1,1,1,20266.9,0
631.0,Germany,Female,51,6,0.0,2,1,1,101542.56,0
606.0,Germany,Female,19,7,124481.42,1,1,0,170490.52,0
510.0,France,Female,54,3,182677.06,2,1,0,101460.94,1
582.0,Germany,Male,32,9,0.0,1,1,0,1331.16,0
675.0,Germany,Male,51,9,168984.71,1,0,0,69785.95,1
584.0,France,Male,25,4,14560.02,1,1,1,184548.75,0
550.0,Germany,Male,54,4,59994.06,1,1,1,165866.06,0
541.0,Spain,Male,23,8,133433.8,1,1,1,188087.43,0
515.0,France,Male,32,0,84907.71,2,0,1,38344.23,0
598.0,Spain,Female,61,0,98658.93,1,1,1,135506.99,0
594.0,Spain,Male,24,8,126604.77,2,1,1,133309.78,0
504.0,France,Male,31,10,0.0,1,1,1,185701.41,0
679.0,Germany,Male,29,0,98280.92,1,1,1,126708.38,0
603.0,Germany,Male,42,2,80750.19,2,1,0,144339.54,0
445.0,France,Female,44,0,0.0,2,0,0,61298.76,0
657.0,France,Male,43,8,190874.73,2,1,0,169367.11,0
673.0,Spain,Female,42,4,0.0,2,1,0,57143.79,0
586.0,France,Male,49,1,37730.07,1,1,1,86324.58,0
626.0,Germany,Female,43,9,113080.42,2,1,1,42737.9,0
688.0,Germany,Female,28,10,0.0,2,0,0,162860.63,0
659.0,France,Female,54,5,48075.42,1,0,1,25796.25,1
759.0,France,Male,32,8,0.0,2,1,1,55779.1,0
728.0,France,Female,21,4,182074.15,1,1,1,371.88,0
643.0,Spain,Female,37,10,132417.19,1,1,1,184021.64,0
615.0,France,Female,35,6,0.0,1,1,1,89809.83,0
712.0,France,Male,49,5,0.0,2,1,0,163970.54,0
796.0,France,Male,34,1,0.0,2,1,0,199731.93,1
609.0,Germany,Male,48,4,72504.86,2,0,0,98866.03,1
703.0,France,Male,42,7,132910.74,1,1,1,142745.78,0
496.0,France,Female,57,8,0.0,2,1,1,165602.35,0
729.0,Spain,Male,34,2,0.0,1,1,1,142121.98,0
505.0,France,Male,32,1,160552.37,1,1,1,68901.46,0
499.0,France,Female,41,10,27437.74,1,1,1,160244.91,0
641.0,France,Male,50,5,0.0,1,1,1,38949.17,0
708.0,Germany,Male,25,2,0.0,1,0,0,168924.76,0
541.0,Germany,Female,32,1,0.0,2,1,0,124236.76,0
573.0,France,Male,25,5,126907.22,2,0,0,51566.58,0
523.0,France,Female,31,1,82043.95,2,1,1,188513.78,0
685.0,Germany,Female,44,5,45244.84,4,1,0,186842.85,1
637.0,France,Male,32,10,39489.1,2,1,1,28886.48,0
602.0,France,Female,47,0,0.0,2,1,0,34416.53,0
644.0,France,Female,48,5,71836.49,2,0,1,93177.93,1
704.0,Germany,Male,60,10,115190.89,2,1,0,4153.19,1
475.0,France,Female,42,1,86338.04,2,1,1,13419.44,0
704.0,Germany,Male,38,6,0.0,1,1,0,90800.08,0
625.0,France,Male,43,5,134869.81,2,1,1,191504.16,0
650.0,France,Female,68,9,0.0,1,1,1,125581.32,0
456.0,Spain,Male,45,9,0.0,2,1,0,7611.17,0
513.0,Spain,Female,33,5,0.0,2,1,1,44416.34,0
689.0,Spain,Male,25,2,171597.18,2,0,0,175510.22,0
600.0,France,Female,41,5,0.0,1,1,1,74387.51,0
598.0,France,Male,52,3,169994.8,1,1,0,10951.69,0
648.0,France,Male,30,3,152065.85,1,1,0,157003.7,1
680.0,France,Female,56,9,138077.55,2,1,1,15083.02,0
470.0,Germany,Male,51,4,0.0,2,1,1,118347.48,0
645.0,France,Male,39,6,139619.09,1,1,0,106380.03,0
749.0,Germany,Male,43,7,76031.34,1,1,0,26489.5,1
618.0,Spain,Male,32,1,0.0,1,1,0,76042.73,0
557.0,France,Female,56,6,191759.16,2,1,1,23251.05,0
531.0,Germany,Male,46,2,24511.24,1,0,0,77642.22,0
484.0,Spain,Female,31,9,12637.36,1,1,0,55070.23,0
752.0,Spain,Male,46,6,94610.4,2,1,1,7222.44,0
585.0,France,Male,32,10,0.0,1,1,1,135970.13,0
496.0,France,Male,40,9,0.0,1,0,1,114584.97,0
677.0,Spain,Male,53,6,92769.4,2,1,0,10845.55,1
775.0,Germany,Male,26,4,0.0,2,0,1,59734.56,1
710.0,France,Female,30,3,113980.31,3,0,1,142236.87,1
820.0,France,Female,44,0,102518.01,2,1,1,132380.8,0
525.0,Germany,Female,48,3,85235.42,2,0,1,71275.95,0
736.0,Germany,Male,44,10,0.0,1,0,1,93447.96,0
674.0,Spain,Male,49,9,115590.4,2,1,1,41814.36,0
631.0,Spain,Female,36,5,0.0,2,1,0,75536.5,0
735.0,France,Female,46,10,78091.36,2,1,0,69.74,0
551.0,Germany,Male,54,5,0.0,2,1,0,45272.03,1
754.0,Spain,Female,39,1,0.0,1,0,0,189753.84,1
726.0,France,Female,30,2,0.0,1,0,0,145461.57,0
606.0,Spain,Female,44,10,0.0,1,1,0,22258.38,1
719.0,France,Male,20,9,0.0,2,1,1,13546.44,0
714.0,Germany,Male,35,9,0.0,1,0,1,77066.87,0
769.0,France,Male,49,2,96206.42,1,0,1,89084.31,0
662.0,Spain,Male,47,10,75525.12,2,0,0,58983.59,1
583.0,Germany,Male,33,9,0.0,2,1,0,60703.15,1
708.0,Spain,Female,33,0,44770.49,4,1,0,188266.47,1
620.0,Germany,Male,38,8,0.0,2,1,0,141410.59,0
742.0,Spain,Male,47,9,18488.24,1,0,0,112531.15,1
675.0,Germany,Female,51,10,116329.4,2,0,0,9052.56,1
736.0,Spain,Female,64,5,107259.02,1,1,0,5518.64,1
687.0,France,Male,37,6,64195.65,2,1,1,13079.71,0
639.0,France,Male,41,8,142714.98,2,1,1,186298.3,0
623.0,Germany,Male,32,10,166612.52,1,1,1,169614.47,0
621.0,Germany,Male,43,3,150754.72,1,1,1,29428.27,1
661.0,Germany,Male,39,10,0.0,1,0,1,41011.42,0
596.0,Spain,Female,46,2,78195.64,1,1,1,163804.22,0
663.0,Germany,Male,27,2,116587.9,1,0,0,79268.9,1
684.0,France,Male,33,8,0.0,2,1,1,130467.7,0
620.0,France,Female,25,6,46641.79,1,1,0,140338.72,0
589.0,Germany,Male,35,0,0.0,1,0,1,168578.38,1
625.0,France,Male,36,4,155066.41,1,1,1,11935.12,0
729.0,France,Male,28,10,0.0,1,1,1,49326.88,0
726.0,France,Female,18,9,0.0,1,1,1,22421.82,0
711.0,Spain,Male,48,6,0.0,1,0,0,194100.64,0
640.0,Spain,Female,33,5,112010.64,2,0,0,75594.52,1
631.0,France,Male,38,2,102977.05,2,1,1,193485.65,1
618.0,France,Male,18,3,0.0,1,0,1,30200.49,0
716.0,Germany,Female,46,10,38838.56,1,1,0,67564.01,1
490.0,France,Female,35,10,0.0,2,0,1,188313.56,0
647.0,France,Male,37,0,0.0,1,0,0,28410.36,0
672.0,Germany,Male,53,0,48978.78,1,0,1,44231.65,0
528.0,France,Female,32,9,0.0,1,0,0,157679.74,0
631.0,Germany,Male,32,9,41755.11,1,0,0,63156.78,1
589.0,Spain,Male,45,2,129250.42,2,0,0,121018.26,0
715.0,France,Female,48,3,48354.0,2,0,1,155606.94,0
679.0,France,Female,29,5,0.0,1,1,1,94887.75,0
709.0,Germany,Male,39,7,0.0,1,1,0,164330.58,1
592.0,Germany,Male,53,6,0.0,2,0,0,141870.57,1
683.0,France,Male,35,7,0.0,2,0,1,163569.47,0
626.0,Germany,Male,19,5,0.0,1,1,0,82559.84,0
620.0,France,Female,42,9,0.0,2,0,1,33162.17,0
780.0,France,Male,44,10,157446.9,1,0,0,62494.15,0
547.0,France,Female,40,7,51312.15,1,1,1,28577.44,0
689.0,Spain,Female,33,2,239469.22,2,0,1,69313.72,0
661.0,France,Male,52,2,0.0,2,1,1,103297.48,0
545.0,France,Female,33,4,169332.97,2,1,0,107675.84,0
699.0,Germany,Female,47,0,0.0,1,1,1,39608.59,0
578.0,Spain,Male,18,8,0.0,2,0,0,143514.4,0
727.0,Spain,Male,18,7,0.0,2,1,0,125019.32,0
753.0,Germany,Male,42,8,73489.57,1,1,0,108111.91,1
594.0,Spain,Male,25,10,0.0,4,0,1,192715.54,0
640.0,France,Female,40,3,0.0,1,1,1,9479.1,0
500.0,Germany,Male,44,9,119518.53,1,1,0,139136.46,0
806.0,Spain,Female,21,0,37477.69,1,0,1,106275.21,0
775.0,Germany,Male,39,8,92112.4,2,1,0,193954.82,0
640.0,Germany,Male,26,10,173210.1,2,1,0,89265.13,1
613.0,France,Male,33,8,0.0,2,1,1,141490.38,0
560.0,France,Male,35,5,193669.51,2,1,0,143319.57,0
536.0,Germany,Female,37,7,63986.24,2,1,0,2209.62,0
800.0,France,Male,29,5,0.0,1,0,0,160687.11,0
585.0,France,Male,38,4,94643.79,1,1,1,56346.64,0
664.0,France,Male,47,5,0.0,1,1,0,13238.59,1
694.0,France,Male,24,6,30484.26,1,1,1,102428.68,0
491.0,Spain,Female,29,9,132125.88,2,0,0,119827.27,1
676.0,France,Male,28,8,67645.55,2,1,0,166360.34,0
639.0,France,Female,31,4,0.0,2,1,1,92194.09,0
697.0,Germany,Female,24,9,188869.72,1,0,0,7536.71,1
567.0,Spain,Female,35,6,19378.87,1,1,1,24287.18,0
517.0,Germany,Male,38,5,0.0,2,1,0,139324.14,0
737.0,Spain,Female,32,2,95247.73,1,1,1,53188.49,0
698.0,France,Female,25,0,0.0,1,1,1,80975.77,0
552.0,France,Male,55,0,165442.16,2,0,1,71506.94,0
703.0,Germany,Male,26,6,48921.02,2,0,1,68717.59,0
654.0,Germany,Female,37,10,0.0,1,0,0,60838.37,1
680.0,Spain,Male,34,10,42742.45,2,0,0,59857.54,1
771.0,Spain,Male,37,7,81404.03,2,0,1,56562.21,0
785.0,France,Male,37,7,48092.78,1,1,1,90173.84,0
494.0,France,Male,37,1,0.0,3,1,0,68228.63,1
782.0,France,Male,18,6,69484.73,1,1,1,50644.26,0
662.0,Spain,Male,38,10,169056.51,2,1,1,128108.02,0
764.0,Germany,Male,32,9,30855.19,1,1,1,133036.29,0
594.0,Germany,Female,36,7,51862.07,2,1,0,123798.6,1
673.0,Spain,Female,49,5,49670.81,2,1,1,150800.75,0
755.0,Spain,Female,43,1,82458.43,2,0,0,40725.02,1
567.0,France,Male,39,3,133284.49,1,1,0,1204.57,0
591.0,France,Female,50,2,0.0,1,1,1,48689.92,0
757.0,Germany,Male,45,1,71755.02,1,0,1,186958.63,0
650.0,France,Male,18,3,232407.95,1,1,1,59606.72,0
529.0,France,Male,49,1,0.0,1,1,1,160548.16,0
619.0,France,Male,37,3,75249.69,1,0,1,37938.37,0
832.0,Germany,Male,38,10,65056.48,2,0,1,117687.45,0
628.0,France,Female,50,3,0.0,1,1,1,93547.39,0
543.0,Germany,Male,59,9,178033.89,2,0,0,147418.66,1
610.0,France,Male,33,0,0.0,1,1,1,143838.8,0
544.0,Germany,Female,48,6,124605.84,2,0,0,180097.62,0
633.0,France,Female,46,0,0.0,1,1,0,82499.92,0
790.0,Spain,Male,51,3,140790.62,2,1,1,116850.12,0
591.0,France,Male,78,10,93648.54,1,0,0,155305.76,1
512.0,France,Female,27,6,0.0,2,0,0,49249.56,0
629.0,Germany,Male,53,5,149346.93,1,0,0,101061.27,1
718.0,Spain,Male,44,10,0.0,2,1,1,81241.43,0
670.0,Germany,Male,41,10,13388.29,2,0,1,47524.4,0
531.0,Spain,Male,22,7,81364.36,1,1,0,58799.07,0
543.0,France,Male,29,4,43238.03,2,1,0,119089.21,1
734.0,France,Male,36,6,115359.27,1,0,1,130007.68,0
622.0,Spain,Male,57,0,0.0,1,1,0,69456.39,0
768.0,Germany,Female,33,10,0.0,1,1,1,23392.43,0
818.0,France,Male,29,9,0.0,2,1,0,139031.05,0
590.0,Spain,Male,32,4,56275.21,1,0,0,190717.48,0
603.0,France,Male,36,8,0.0,2,0,0,4147.3,0
817.0,Spain,Female,33,2,0.0,3,1,1,142537.55,0
447.0,France,Male,53,6,205251.02,2,1,1,16487.32,0
633.0,France,Male,55,0,41055.29,2,0,0,165919.78,0
602.0,France,Female,31,4,79866.64,1,1,1,197422.81,0
696.0,Germany,Female,45,8,0.0,1,1,1,6873.91,1
701.0,Germany,Female,47,9,0.0,2,1,1,141428.57,0
643.0,Germany,Male,44,7,95911.99,2,0,0,59426.72,1
744.0,Germany,Female,18,8,0.0,2,1,1,23438.06,0
498.0,France,Male,37,6,76541.71,2,1,0,7959.62,1
540.0,Germany,Female,39,6,7937.24,2,0,1,87530.97,1
758.0,Germany,Male,66,6,0.0,1,1,0,2623.06,0
611.0,Spain,Male,41,8,142674.09,2,1,1,62532.92,0
521.0,Germany,Female,42,2,83688.87,2,1,0,134829.1,1
739.0,Spain,Male,34,9,94261.52,2,1,1,170815.35,0
657.0,Spain,Female,47,7,0.0,2,1,1,169277.12,0
556.0,France,Male,55,3,0.0,2,1,1,85896.69,0
543.0,France,Female,36,1,0.0,2,0,1,55905.14,0
699.0,Germany,Male,58,4,102676.78,1,0,1,198946.99,0
728.0,Germany,Male,46,10,167803.52,2,1,0,39762.25,0
395.0,Germany,Male,33,10,63128.34,2,1,1,140946.18,0
620.0,France,Female,47,10,0.0,1,0,1,90768.66,0
742.0,Spain,Male,41,1,37247.23,2,1,0,29497.59,0
604.0,Germany,Male,22,10,207250.37,2,1,0,155633.82,0
443.0,Germany,Male,33,3,0.0,1,1,1,87540.14,0
509.0,France,Male,30,10,0.0,2,0,1,120713.81,0
573.0,France,Male,39,4,102450.6,1,1,1,196818.66,0
802.0,Germany,Male,40,7,78908.36,1,1,1,9307.16,0
691.0,France,Female,48,8,0.0,2,1,1,109165.47,0
565.0,Germany,Female,36,4,27057.48,2,0,1,14213.0,0
672.0,Germany,Female,48,10,0.0,2,1,1,198682.29,0
543.0,France,Male,23,10,0.0,1,0,0,48283.84,0
628.0,France,Male,27,1,0.0,1,1,0,110525.69,1
659.0,Germany,Male,18,8,0.0,2,0,1,4354.89,0
554.0,Germany,Male,43,0,154123.08,1,1,0,78598.56,1
685.0,France,Male,35,0,92712.98,2,0,1,21133.28,0
750.0,France,Female,39,3,128921.89,1,1,0,48580.03,1
570.0,France,Male,53,9,149265.17,1,1,1,143225.62,0
602.0,Spain,Female,42,8,0.0,2,1,1,43578.66,0
642.0,Spain,Male,39,8,165617.2,2,1,0,145145.57,1
649.0,France,Female,37,5,148147.35,1,1,1,74405.44,0
622.0,Spain,Male,38,4,123585.08,2,0,1,90935.3,1
777.0,France,Female,51,6,0.0,1,1,1,30187.44,0
459.0,Spain,Male,44,9,182113.97,1,1,0,169776.03,1
644.0,Spain,Male,53,9,146912.64,2,1,1,107236.21,0
566.0,France,Female,47,4,13226.63,1,1,1,4326.86,0
833.0,Spain,Female,53,4,51550.86,1,1,1,189322.35,0
718.0,France,Male,29,10,150204.72,2,0,1,51738.37,0
640.0,France,Male,39,10,0.0,4,1,0,31818.04,1
732.0,Spain,Female,41,1,0.0,2,0,0,117988.39,0
665.0,Germany,Female,51,9,0.0,2,0,1,107233.84,0
679.0,France,Male,41,2,125325.21,2,1,1,149321.55,0
579.0,France,Male,29,8,18074.53,2,1,1,146068.57,0
683.0,France,Male,46,3,215689.44,1,1,0,56750.79,1
691.0,France,Female,32,1,0.0,1,1,0,46122.08,0
566.0,France,Female,31,9,86948.19,1,1,0,38952.87,1
668.0,Spain,Male,49,5,0.0,1,1,0,19572.66,0
658.0,France,Female,35,0,122766.3,2,1,1,127931.0,0
792.0,France,Female,30,4,165455.09,2,1,0,16828.86,1
602.0,France,Male,19,9,25260.58,1,0,0,140698.46,0
598.0,France,Male,37,5,0.0,2,1,0,152086.73,0
658.0,Germany,Male,27,0,0.0,3,1,0,88198.68,0
617.0,France,Female,28,9,23657.31,2,1,0,96753.85,1
755.0,France,Female,28,7,116187.55,1,0,1,142605.09,0
686.0,France,Male,39,1,138762.57,3,0,0,56856.95,1
703.0,France,Male,23,6,0.0,2,1,1,121587.94,0
662.0,Germany,Female,34,3,0.0,1,1,1,107126.45,0
585.0,Germany,Male,50,1,152988.54,1,1,1,191875.57,0
650.0,Germany,Female,53,4,0.0,2,1,1,69881.63,1
542.0,France,Male,45,10,86192.69,2,1,1,116357.41,0
832.0,France,Female,36,5,84028.53,1,0,0,94352.4,1
738.0,France,Female,40,10,73865.47,1,1,0,150885.81,0
568.0,France,Female,31,1,0.0,2,1,1,54443.88,0
438.0,France,Male,36,1,0.0,1,0,0,145204.72,0
699.0,France,Male,44,9,0.0,2,1,0,61310.77,0
681.0,France,Female,36,9,0.0,1,1,0,114798.13,0
686.0,France,Male,31,2,0.0,2,1,0,63485.82,0
662.0,Spain,Female,61,3,0.0,2,1,1,67197.89,0
732.0,Germany,Female,37,7,187746.85,2,1,1,30473.82,0
644.0,France,Female,26,8,0.0,1,1,1,154804.43,0
760.0,Germany,Female,38,7,184579.58,2,0,0,80016.69,0
589.0,Spain,Male,41,10,90161.66,1,1,1,100226.46,0
523.0,Germany,Female,28,10,112059.96,2,1,0,75720.12,0
629.0,Germany,Female,52,6,0.0,2,1,1,133345.69,0
750.0,France,Female,48,3,13185.03,2,1,0,56899.7,0
772.0,France,Female,52,2,129945.67,2,1,1,107835.92,0
586.0,Spain,Male,37,10,0.0,2,1,1,50932.6,0
648.0,France,Male,45,2,102349.12,2,0,1,130032.13,1
666.0,Spain,Male,45,4,87951.4,1,0,0,6857.48,1
612.0,Germany,Female,37,7,0.0,1,0,0,172981.13,0
681.0,Germany,Female,45,4,154424.63,1,1,1,161866.41,0
453.0,France,Female,44,5,133451.19,2,1,1,22683.93,0
634.0,Spain,Female,29,5,0.0,2,1,0,196176.58,0
775.0,France,Male,31,9,83158.91,2,0,1,26682.48,0
561.0,France,Male,18,6,112277.57,2,1,0,24853.54,0
616.0,France,Female,18,0,0.0,2,1,0,120729.79,0
668.0,Spain,Female,52,4,31232.82,2,1,1,111207.23,0
766.0,France,Male,47,0,0.0,2,0,0,98034.87,0
583.0,Germany,Female,31,1,0.0,2,1,1,134906.86,0
645.0,France,Female,41,6,157582.25,1,1,0,128551.61,0
544.0,France,Female,37,4,82011.69,2,1,0,96870.78,0
584.0,France,Female,37,10,100539.6,2,0,1,6443.61,0
492.0,Germany,Male,33,0,114655.38,2,1,1,41842.48,0
765.0,Germany,Female,35,2,221656.29,1,0,1,105721.49,0
598.0,Germany,Male,37,6,126512.96,2,1,0,49533.38,0
607.0,France,Male,33,10,0.0,1,1,1,79612.19,0
679.0,France,Female,50,0,161433.42,2,1,1,53403.07,0
514.0,France,Male,44,3,112172.13,1,0,0,53751.21,1
826.0,Spain,Female,46,4,0.0,2,1,0,82564.5,0
469.0,France,Male,41,10,40488.06,2,1,1,167234.55,0
551.0,Germany,Male,44,2,54712.46,1,1,1,85501.17,1
350.0,Spain,Male,40,3,85538.97,1,1,1,185851.42,0
757.0,Germany,Female,37,3,129611.95,1,1,0,102079.62,1
711.0,France,Female,41,4,91520.43,2,1,0,68495.41,0
429.0,Germany,Female,46,1,0.0,1,1,0,181179.67,1
648.0,France,Female,22,8,0.0,1,0,1,47881.55,0
748.0,Germany,Female,43,7,0.0,2,1,1,45419.59,0
785.0,Germany,Male,36,10,102064.62,2,1,0,78562.27,1
605.0,Spain,Male,18,6,153344.88,2,1,1,74708.21,0
569.0,France,Female,33,1,0.0,1,1,0,161622.84,0
683.0,France,Female,27,3,94895.31,2,1,0,110433.61,0
710.0,France,Male,49,4,59368.62,1,0,1,86393.96,0
513.0,France,Female,54,5,45298.52,1,1,0,86565.01,0
602.0,France,Female,39,5,0.0,2,0,1,166814.02,0
735.0,Spain,Male,44,3,0.0,2,0,1,163045.02,1
850.0,France,Male,20,8,36468.29,2,1,0,154878.23,0
623.0,France,Female,47,2,30702.4,1,1,0,14508.1,1
801.0,Germany,Female,30,1,0.0,2,1,1,61903.52,0
720.0,France,Female,38,8,61021.26,2,1,0,110166.85,1
412.0,France,Female,54,6,0.0,2,1,1,40629.88,1
617.0,Spain,Female,35,0,81750.59,2,1,0,49574.56,1
690.0,Germany,Male,42,5,87869.27,1,1,1,103589.42,0
645.0,Spain,Male,57,7,47562.61,1,0,0,9917.87,0
604.0,France,Female,23,1,0.0,2,0,1,116358.47,0
666.0,France,Female,19,10,61938.26,2,1,0,61896.38,0
632.0,Spain,Female,42,8,0.0,4,1,0,151179.48,1
618.0,Germany,Male,36,5,0.0,1,1,1,162923.42,0
595.0,France,Male,28,6,159233.2,1,1,0,155911.89,0
536.0,France,Female,39,3,0.0,1,1,1,146326.26,0
616.0,Germany,Male,38,7,0.0,2,1,1,170567.3,0
666.0,France,Female,47,6,0.0,1,1,0,121030.02,1
629.0,Spain,Female,57,7,89879.01,1,0,0,12528.13,1
827.0,France,Male,27,5,123602.87,1,1,1,64824.59,0
609.0,Germany,Female,56,3,0.0,2,1,0,110268.46,0
586.0,France,Male,43,6,0.0,1,1,1,134040.47,0
756.0,France,Male,24,0,157798.94,1,1,0,108998.79,1
568.0,France,Male,45,8,63470.67,1,1,1,87179.97,0
670.0,France,Male,50,1,0.0,2,0,0,157724.6,0
790.0,France,Male,49,10,0.0,2,0,1,181015.67,0
550.0,France,Female,34,2,10599.42,1,1,1,79246.1,0
541.0,Spain,Male,53,2,17982.46,1,1,1,19127.43,0
749.0,France,Female,43,7,157036.26,1,0,1,55827.64,0
554.0,France,Female,56,2,17518.35,1,1,1,56898.27,0
720.0,Spain,Female,50,7,122372.92,1,0,1,101172.08,0
642.0,Spain,Female,18,5,200867.31,1,1,0,11783.13,1
647.0,Spain,Female,31,8,120225.15,1,1,0,112246.99,1
801.0,France,Male,41,3,81616.49,2,1,0,186670.55,0
743.0,Germany,Male,35,6,237485.39,2,1,1,26467.54,0
753.0,France,Female,46,4,0.0,1,1,0,177577.02,0
558.0,France,Female,26,4,0.0,2,0,0,97799.58,0
595.0,France,Male,32,9,0.0,1,1,1,146719.14,0
582.0,Germany,Male,31,8,157106.9,2,0,0,65541.18,1
726.0,France,Male,49,2,79030.18,1,1,1,108839.22,0
554.0,France,Female,31,6,0.0,2,1,1,55779.75,0
673.0,Germany,Female,45,2,0.0,2,1,1,84156.25,0
485.0,France,Female,36,10,246992.29,3,1,1,83920.5,0
698.0,France,Female,33,4,0.0,1,1,1,66199.71,0
577.0,Germany,Male,44,3,0.0,1,1,0,43962.56,1
836.0,France,Male,20,1,77286.55,1,1,1,30921.99,0
549.0,Germany,Male,49,1,64768.16,1,0,1,107523.08,0
616.0,France,Female,32,1,0.0,2,1,1,31922.02,0
509.0,France,Male,42,6,0.0,2,1,0,112790.81,0
678.0,Spain,Female,31,9,156365.33,2,1,1,127783.07,0
598.0,France,Male,49,8,44697.34,2,1,1,52551.87,0
626.0,France,Male,45,0,46122.15,2,0,0,143327.42,0
810.0,Spain,Female,50,9,86598.51,1,0,0,40693.6,1
554.0,Germany,Male,44,5,0.0,2,1,1,3013.12,0
661.0,Spain,Female,32,10,75576.38,2,1,0,126008.95,0
500.0,Spain,Female,43,6,0.0,1,0,0,191094.54,0
687.0,Germany,Male,35,6,26401.98,2,1,0,133443.59,0
691.0,Germany,Female,45,8,60102.32,1,1,0,120199.93,0
578.0,Germany,Female,20,4,0.0,2,1,0,178895.53,0
640.0,Spain,Male,35,2,94713.08,1,0,0,58564.07,0
593.0,France,Male,72,0,0.0,2,1,0,60267.3,0
676.0,Spain,Male,35,9,0.0,2,1,0,23648.93,0
568.0,France,Male,60,10,0.0,1,0,1,3418.03,0
452.0,France,Female,41,6,0.0,2,1,1,169120.79,0
624.0,Germany,Male,61,3,114818.27,1,1,1,59958.52,0
781.0,France,Female,61,0,0.0,1,0,1,131703.63,0
654.0,Spain,Female,46,8,0.0,1,1,1,30977.87,0
712.0,Spain,Male,59,7,0.0,2,1,0,90726.3,0
526.0,France,Male,44,8,99381.44,1,0,1,137766.99,0
647.0,Spain,Male,49,9,133983.48,2,1,1,168375.5,0
654.0,France,Female,54,8,0.0,2,0,1,76155.58,0
546.0,Germany,Female,42,8,128153.15,1,1,1,101747.35,1
671.0,Spain,Male,28,3,101517.54,1,1,1,173571.74,0
564.0,France,Male,44,4,0.0,2,1,0,33261.82,0
658.0,Germany,Male,54,6,100370.98,2,0,1,17970.67,0
817.0,Germany,Female,47,0,0.0,1,1,0,29171.55,1
481.0,France,Male,38,4,0.0,2,1,0,80577.8,0
750.0,Spain,Male,33,0,0.0,1,1,1,12301.64,0
490.0,France,Male,48,9,96537.21,1,0,0,172429.92,0
642.0,France,Female,24,4,26273.16,2,1,1,126254.56,0
781.0,Spain,Male,35,6,0.0,1,1,1,84359.23,0
560.0,Spain,Female,50,3,0.0,1,0,0,57171.7,0
617.0,Spain,Male,24,3,0.0,1,1,1,180520.3,0
654.0,France,Female,49,5,0.0,2,1,1,161684.35,0
632.0,Spain,Male,52,5,0.0,1,1,1,191916.11,0
641.0,Germany,Female,36,1,98611.73,2,0,0,107419.51,0
635.0,Germany,Male,40,6,96716.66,2,0,0,37816.78,1
738.0,Spain,Male,44,7,129571.44,1,1,1,109572.46,0
676.0,Spain,Female,31,8,5711.69,1,1,1,106053.85,0
451.0,France,Female,27,0,40352.41,2,1,1,69146.35,0
706.0,France,Male,28,1,0.0,2,0,1,128997.15,0
629.0,Germany,Male,44,8,0.0,1,1,1,30801.72,0
783.0,Spain,Female,50,4,0.0,1,0,0,111242.06,0
687.0,Spain,Male,43,6,63074.97,1,1,1,53791.73,0
728.0,France,Male,38,5,36196.7,1,1,1,11572.04,0
656.0,Germany,Female,18,10,31741.63,2,1,1,97979.84,0
669.0,Germany,Female,44,2,111879.65,2,1,1,83943.51,0
844.0,France,Male,20,0,0.0,2,1,0,196541.75,0
687.0,Spain,Male,39,10,54778.5,2,0,0,158727.57,0
761.0,Germany,Male,28,10,0.0,2,0,1,1418.49,0
546.0,France,Female,26,6,52004.55,1,0,1,100101.19,0
577.0,France,Male,38,8,72253.99,2,0,0,138982.05,0
702.0,France,Female,18,8,157666.45,1,0,1,121752.22,0
525.0,France,Male,18,5,124685.89,1,0,0,72073.14,0
539.0,Germany,Male,36,3,0.0,2,1,0,4348.28,0
695.0,France,Female,33,5,0.0,2,1,0,21107.59,0
549.0,Spain,Female,34,7,0.0,2,1,1,149795.09,0
651.0,France,Male,40,0,196582.52,2,1,0,45861.59,0
644.0,Germany,Female,43,7,80410.0,2,1,0,186096.83,0
790.0,France,Female,18,7,61568.31,2,1,0,41689.78,0
710.0,Germany,Female,52,10,0.0,2,1,0,184586.57,0
759.0,France,Male,32,4,0.0,1,1,0,90113.81,0
759.0,Germany,Male,44,4,92979.85,1,1,0,85300.12,1
721.0,Germany,Male,39,0,92701.18,2,1,1,161347.7,1
699.0,Germany,Female,41,3,133956.24,1,1,0,166682.25,1
542.0,Germany,Male,19,1,148097.19,1,1,1,140456.69,0
574.0,Germany,Male,27,1,128843.12,2,1,1,153631.13,0
757.0,France,Female,31,6,43706.83,1,1,0,96390.8,0
669.0,Germany,Male,41,3,173154.97,1,1,1,138476.79,0
780.0,Spain,Female,37,4,112870.72,2,0,1,150939.34,0
693.0,Germany,Female,26,6,0.0,2,1,1,140866.95,0
498.0,Germany,Male,35,1,119169.64,2,1,0,125441.95,0
745.0,Spain,Male,31,6,0.0,2,0,0,103764.69,0
638.0,France,Female,43,4,0.0,1,0,0,105878.65,0
704.0,France,Male,51,8,83307.72,1,1,1,59715.74,0
850.0,Germany,Male,38,8,0.0,2,1,0,1844.44,0
690.0,Spain,Female,47,8,151930.56,2,0,0,103483.19,0
730.0,France,Male,39,10,97191.22,1,0,1,61508.47,0
661.0,France,Male,26,9,0.0,1,1,1,119397.87,0
850.0,Spain,Male,30,6,0.0,1,1,1,27021.57,0
567.0,France,Female,52,10,19775.57,1,1,1,187836.03,0
565.0,France,Male,39,9,0.0,1,1,0,22174.7,0
651.0,Spain,Female,58,5,0.0,2,1,1,97746.56,0
664.0,Spain,Female,46,2,119097.14,1,1,0,57914.02,0
613.0,France,Female,18,2,66271.84,1,0,1,56215.68,0
775.0,France,Female,41,4,99484.04,1,1,0,29223.32,0
582.0,Spain,Female,52,1,132402.37,1,1,1,134199.71,0
578.0,France,Female,33,7,34510.33,1,0,1,103007.64,0
587.0,France,Female,31,0,83447.41,1,1,1,130358.24,0
713.0,France,Male,58,9,0.0,2,0,0,166312.57,0
704.0,Germany,Male,39,1,0.0,2,0,1,18549.09,1
530.0,France,Female,36,6,0.0,2,0,0,30170.38,0
654.0,France,Female,35,4,0.0,1,0,0,178454.9,0
679.0,France,Female,35,10,143649.38,1,0,0,157301.99,0
562.0,Spain,Male,47,10,0.0,2,1,1,37240.16,0
735.0,Spain,Female,41,10,121815.6,1,0,0,171931.93,0
633.0,France,Male,29,1,0.0,1,0,0,6428.56,0
582.0,France,Female,32,4,99383.14,2,1,0,22321.75,0
678.0,Germany,Female,44,1,72002.37,1,1,0,68276.75,0
715.0,France,Male,37,0,170036.01,2,0,1,191574.38,0
821.0,Germany,Male,38,9,106911.58,1,1,0,129799.42,0
682.0,Spain,Female,22,1,135843.48,1,1,1,65556.95,0
605.0,Germany,Female,36,9,111583.66,2,0,0,77325.66,1
796.0,France,Male,48,10,0.0,2,1,0,135377.45,0
556.0,Germany,Female,22,3,123442.01,2,1,0,35167.4,1
639.0,France,Male,50,1,164036.5,2,1,0,39902.85,0
689.0,Spain,Male,21,0,62746.82,2,1,0,12702.73,0
758.0,France,Male,31,4,123029.39,2,1,0,170783.89,0
654.0,Germany,Male,38,0,121288.65,2,1,1,149058.04,0
568.0,Germany,Male,57,2,82217.16,1,0,1,181862.73,0
715.0,Germany,Female,25,3,0.0,1,1,0,136318.69,0
650.0,France,Male,34,1,0.0,2,1,1,17839.7,0
540.0,Germany,Male,31,4,133304.42,2,1,0,9453.47,0
850.0,France,Female,45,9,186149.11,2,1,1,16898.94,0
618.0,France,Female,36,9,0.0,4,1,0,67518.27,1
850.0,Spain,Male,41,9,187819.12,2,1,1,16419.09,0
553.0,France,Male,45,7,0.0,1,1,1,189077.34,0
594.0,France,Male,22,5,0.0,1,0,1,60785.67,0
548.0,France,Male,49,8,142314.29,2,0,0,87768.26,1
763.0,France,Female,49,9,113830.89,1,0,1,7947.95,0
350.0,France,Female,31,6,29003.23,1,1,0,76852.33,0
683.0,Germany,Male,52,8,0.0,1,1,0,177809.85,0
420.0,France,Male,34,9,0.0,2,1,1,191712.83,0
602.0,Germany,Female,40,4,51323.63,1,1,0,50009.54,1
653.0,Germany,Female,26,4,107235.74,1,0,0,197626.19,0
557.0,France,Male,46,0,0.0,2,0,0,16514.02,0
535.0,France,Male,54,7,0.0,2,1,1,179557.89,0
414.0,France,Female,25,9,0.0,1,1,1,81477.59,0
608.0,France,Male,45,5,60659.48,1,1,0,146011.79,0
681.0,France,Female,48,7,142435.5,2,1,1,115527.32,1
562.0,Germany,Female,43,9,0.0,2,1,0,109802.58,1
689.0,Germany,Female,21,8,75639.33,2,1,0,109670.2,0
508.0,Germany,Female,18,4,204825.75,1,1,1,106712.46,0
568.0,France,Female,36,0,43082.46,1,1,0,141706.75,0
717.0,France,Male,52,9,82313.49,1,1,1,31449.22,0
592.0,France,Male,39,9,70478.14,1,1,1,82315.85,1
745.0,Spain,Male,43,9,0.0,2,1,1,142612.12,0
706.0,France,Female,43,2,0.0,1,1,1,115302.47,0
628.0,Germany,Female,30,8,0.0,1,1,0,107211.52,0
755.0,France,Male,47,7,0.0,1,1,0,126489.59,0
653.0,Germany,Male,45,2,89963.25,2,0,1,103485.38,0
569.0,Germany,Male,20,2,111746.05,1,1,1,182806.24,0
829.0,France,Female,31,8,0.0,1,0,1,101606.07,0
754.0,Spain,Female,39,8,123489.97,3,1,1,166792.92,0
612.0,Spain,Female,47,9,0.0,3,1,0,152756.78,1
507.0,Germany,Female,26,8,115820.23,2,1,1,69010.1,0
557.0,France,Male,38,5,59901.12,1,1,0,469.12,0
496.0,France,Male,33,8,112397.26,2,0,0,94244.51,1
715.0,Germany,Male,35,10,103133.98,1,1,1,41992.22,0
725.0,Spain,Female,45,3,56171.69,2,1,1,11406.58,0
587.0,France,Female,35,9,95883.33,1,1,1,147993.44,0
573.0,France,Male,40,6,78767.21,2,1,0,112681.24,0
548.0,France,Male,26,10,157171.98,2,1,1,94365.97,0
491.0,France,Male,45,0,0.0,1,1,0,184512.86,0
565.0,Germany,Male,45,1,137029.66,1,1,1,134411.2,0
797.0,France,Male,61,3,0.0,2,1,1,147785.73,0
585.0,France,Female,42,5,0.0,2,1,0,127657.1,0
682.0,France,Male,35,1,83334.47,2,1,0,38505.87,0
663.0,France,Female,43,0,78978.83,1,1,0,84361.19,1
587.0,France,Female,47,5,144624.47,1,0,1,169401.67,0
654.0,Germany,Male,46,3,162343.33,2,1,0,192429.18,1
635.0,France,Female,27,2,51548.84,1,1,1,146044.78,0
561.0,France,Male,39,2,0.0,2,1,0,102483.86,0
823.0,Spain,Male,32,2,202561.78,1,0,1,111328.03,0
588.0,Germany,Male,35,10,0.0,1,1,1,189556.4,0
684.0,Germany,Female,51,8,0.0,1,1,1,52932.02,0
750.0,Germany,Female,32,1,2849.14,1,0,0,184133.37,1
672.0,Germany,Female,44,5,159367.84,1,0,0,167052.52,1
752.0,Spain,Male,35,3,0.0,2,1,0,188227.71,0
658.0,Spain,Female,32,0,73536.49,2,0,0,190877.8,1
485.0,France,Female,55,6,149539.22,1,1,1,10423.15,0
673.0,France,Male,31,8,80539.11,1,1,1,21611.77,0
553.0,Spain,Male,28,5,64469.54,2,0,0,15864.38,1
674.0,Spain,Female,46,9,41813.09,1,1,1,36483.3,0
551.0,Germany,Female,53,4,159961.0,2,0,1,193688.65,0
623.0,Germany,Male,37,6,0.0,2,1,1,195519.73,0
775.0,Spain,Female,36,10,110469.48,2,1,0,72518.32,0
554.0,France,Male,64,9,77153.15,2,1,1,70936.23,0
664.0,Spain,Male,41,2,37210.4,1,1,0,45044.22,0
794.0,France,Female,32,2,37228.15,1,1,0,31920.58,0
580.0,France,Male,46,0,60871.61,1,0,1,170711.71,0
493.0,France,Male,38,2,0.0,1,1,0,33141.59,1
444.0,Germany,Male,32,1,128925.5,1,1,0,71521.55,0
784.0,France,Female,35,2,72796.61,1,1,1,35004.56,0
618.0,Spain,Male,41,1,0.0,1,1,1,43688.22,0
624.0,Spain,Male,21,4,70161.37,2,0,0,33396.92,0
650.0,France,Female,40,0,98829.89,1,1,1,158545.6,0
495.0,Germany,Male,29,8,0.0,1,0,0,49341.95,1
793.0,France,Male,46,4,220714.57,1,1,0,143726.09,1
631.0,Spain,Female,38,1,0.0,2,0,0,104859.53,0
582.0,Germany,Female,33,5,159511.0,1,1,1,104259.59,0
437.0,Germany,Male,40,3,66792.98,2,0,0,113697.05,1
350.0,Germany,Male,42,3,155123.32,2,0,0,131918.03,1
797.0,France,Male,35,3,50367.93,1,1,0,167562.52,0
578.0,Spain,Female,41,8,69403.17,2,1,1,53089.68,0
587.0,France,Male,37,0,26713.17,4,1,1,94958.31,0
781.0,France,Male,48,9,74714.21,2,0,0,49095.01,0
441.0,France,Female,42,4,29904.69,1,0,0,139545.74,0
616.0,France,Female,46,5,174034.76,1,1,0,21505.61,0
614.0,France,Female,46,1,63236.09,1,1,1,48574.98,0
538.0,France,Male,45,9,21061.61,2,0,1,18211.26,0
644.0,Spain,Male,37,3,126979.76,1,1,1,119514.85,0
583.0,France,Female,43,4,0.0,2,1,0,68442.18,1
634.0,Germany,Male,31,3,0.0,2,0,0,19724.25,0
565.0,France,Male,65,2,0.0,2,1,1,172644.52,0
504.0,France,Male,35,7,0.0,2,0,1,43791.74,0
733.0,France,Female,40,9,138401.96,2,0,0,161964.86,1
718.0,Germany,Female,51,7,157189.07,1,1,0,169530.54,1
674.0,France,Female,57,9,0.0,1,1,0,74515.67,0
729.0,France,Female,44,8,0.0,2,1,1,154528.83,0
503.0,France,Male,27,6,0.0,2,1,0,67598.1,1
579.0,Germany,Female,30,3,0.0,1,1,0,83542.2,0
697.0,France,Female,44,8,119505.82,1,0,1,91002.06,0
762.0,Germany,Female,39,2,111886.75,1,1,1,87916.17,0
647.0,Germany,Male,31,0,0.0,2,0,0,62501.76,1
558.0,France,Female,29,10,86375.17,2,1,1,170908.95,0
591.0,Germany,Female,37,10,79969.89,1,0,0,198283.32,1
689.0,Germany,Male,39,3,82572.6,2,1,1,197622.96,1
618.0,Germany,Female,37,1,0.0,1,1,1,81117.29,1
726.0,France,Male,22,0,95787.14,2,1,0,101035.58,0
612.0,France,Female,40,5,125760.22,2,1,0,53427.98,0
546.0,Spain,Female,47,7,0.0,2,1,1,187798.85,0
600.0,Germany,Male,47,4,69667.03,1,1,0,199983.09,0
560.0,France,Male,26,6,653.04,1,1,0,142527.04,0
702.0,Spain,Female,30,4,79010.64,2,1,0,102719.5,0
608.0,France,Female,31,4,74190.29,1,1,1,111474.25,1
650.0,Germany,Male,18,3,56208.28,2,0,1,63996.1,0
594.0,Germany,Male,26,1,190726.63,3,0,0,186050.54,1
667.0,France,Female,38,8,145340.2,1,1,0,172984.69,0
721.0,Spain,Female,19,0,113309.73,1,1,1,176553.81,0
432.0,Germany,Male,31,8,52646.31,2,1,1,37922.9,0
459.0,Spain,Male,31,8,0.0,1,1,1,132628.11,0
573.0,Spain,Male,44,2,220936.44,2,1,0,73927.01,0
850.0,France,Female,26,10,0.0,2,1,1,91291.44,0
459.0,Spain,Male,39,4,80708.07,1,1,0,79504.9,0
700.0,France,Male,39,1,0.0,1,1,0,175481.64,0
721.0,Germany,Male,45,5,37279.97,1,0,1,31252.78,0
624.0,Spain,Female,42,10,217011.65,2,1,0,11353.86,1
580.0,Spain,Female,50,9,83672.99,2,1,0,719.56,0
590.0,France,Female,31,2,126079.71,2,1,1,126184.73,0
518.0,France,Male,35,6,0.0,1,1,1,53585.53,0
665.0,Spain,Female,56,9,83840.05,1,1,0,4198.56,0
602.0,France,Male,18,10,15636.07,2,0,0,144477.65,1
759.0,France,Female,42,3,64234.3,1,1,0,46881.07,1
772.0,France,Male,20,8,66253.66,2,0,0,161974.09,0
606.0,France,Female,49,6,0.0,2,0,0,142313.81,0
718.0,Spain,Male,30,4,159438.32,2,1,1,6936.8,0
819.0,Germany,Male,45,3,0.0,1,1,1,166608.43,0
722.0,France,Male,51,7,0.0,1,0,1,34939.89,0
677.0,France,Female,66,3,0.0,1,0,0,187727.38,0
677.0,Spain,Female,44,2,0.0,1,1,1,178016.85,0
652.0,France,Female,43,9,116764.62,2,1,1,68795.76,0
615.0,Spain,Male,38,2,220451.89,2,0,0,124894.01,1
847.0,France,Female,44,4,85618.23,2,0,0,124865.74,1
645.0,France,Female,40,5,100468.18,1,0,1,162726.28,0
745.0,Germany,Female,44,8,0.0,1,1,1,127927.65,0
606.0,Spain,Male,47,5,0.0,2,0,1,167443.27,0
692.0,Spain,Female,48,1,0.0,1,1,1,183712.29,0
567.0,France,Female,41,4,0.0,2,1,1,85041.15,0
653.0,Germany,Male,63,8,0.0,2,0,1,141009.1,0
750.0,France,Male,49,3,166473.53,1,1,1,43026.38,0
685.0,France,Male,42,2,103702.91,2,0,1,141616.36,0
550.0,Germany,Female,47,2,0.0,1,1,1,28422.8,0
696.0,France,Male,36,3,12187.61,2,1,1,195310.1,0
734.0,Germany,Female,36,5,0.0,2,0,0,107937.02,1
600.0,Germany,Male,53,3,0.0,2,1,1,34159.96,0
758.0,Germany,Female,32,6,0.0,2,1,1,84235.36,0
493.0,France,Male,57,8,71879.58,1,1,1,181426.66,0
617.0,France,Male,48,0,0.0,1,1,1,57701.35,0
573.0,France,Female,23,2,40176.18,2,1,0,28624.03,0
650.0,France,Female,34,2,0.0,1,1,0,122810.75,0
797.0,France,Female,31,4,74737.57,1,1,0,14.24,0
621.0,France,Male,51,3,186138.44,2,1,0,99905.57,1
610.0,Germany,Male,39,3,173993.4,1,0,1,173954.74,1
651.0,France,Male,24,3,71505.32,2,1,1,81032.43,0
568.0,Germany,Female,47,6,141945.76,2,1,0,47408.66,1
690.0,Germany,Male,50,7,0.0,1,1,0,1705.73,1
651.0,France,Male,45,2,145315.08,2,0,1,116412.13,0
526.0,Germany,Male,42,5,0.0,1,0,0,164757.25,1
690.0,France,Female,43,4,0.0,1,0,1,59085.52,0
728.0,Spain,Male,45,7,126607.3,2,1,1,106141.37,0
789.0,Germany,Male,38,6,78867.45,2,1,0,191982.92,0
585.0,France,Male,38,6,0.0,2,1,0,97903.85,0
763.0,Spain,Male,42,7,31506.54,1,1,1,184272.98,0
695.0,Spain,Female,40,3,0.0,1,1,1,165655.4,0
548.0,Germany,Female,59,6,0.0,1,0,1,24929.3,0
722.0,France,Female,18,3,0.0,2,1,1,14028.12,0
576.0,France,Male,53,3,203621.05,1,1,1,188235.0,0
591.0,Spain,Female,30,3,0.0,1,1,0,106861.14,0
730.0,France,Male,40,7,123417.08,2,1,0,199708.7,0
572.0,France,Male,41,2,83367.05,2,1,0,72855.15,0
350.0,Germany,Male,27,5,0.0,1,1,0,189042.0,0
593.0,France,Female,60,0,0.0,2,1,0,38582.78,0
686.0,France,Male,34,9,0.0,1,1,0,150311.06,0
471.0,Germany,Male,34,3,66042.68,1,1,0,111863.62,0
527.0,Germany,Male,55,9,0.0,1,1,0,44245.33,1
539.0,Germany,Female,51,2,131190.64,1,1,1,101967.5,0
815.0,France,Male,28,9,0.0,1,1,1,12613.8,0
650.0,France,Female,46,10,110482.83,1,1,0,175938.37,1
791.0,Germany,Female,40,7,154453.55,2,0,1,47939.22,0
578.0,France,Male,38,2,175431.06,2,1,1,164931.03,0
672.0,France,Male,29,8,270.51,1,0,1,119654.2,0
744.0,France,Female,23,6,108474.87,2,1,1,174442.98,0
614.0,France,Male,32,2,0.0,2,0,0,4290.37,0
604.0,Spain,Female,31,3,0.0,1,1,1,89028.78,0
715.0,Germany,Female,42,0,75186.31,2,1,1,155586.03,0
677.0,Germany,Male,29,6,65435.44,2,0,0,39295.36,1
476.0,Germany,Male,50,10,141585.3,2,1,1,409.66,0
372.0,Spain,Female,36,4,0.0,2,1,0,142606.09,0
580.0,France,Male,32,9,131483.75,1,0,1,3352.25,0
769.0,Spain,Female,37,5,0.0,2,1,0,124991.62,0
671.0,Spain,Male,18,0,194583.67,1,1,0,18338.75,0
720.0,Germany,Male,60,8,0.0,2,1,0,83540.72,1
588.0,Spain,Female,44,0,0.0,1,1,0,195637.81,0
668.0,Germany,Male,38,4,160712.75,2,0,0,180165.47,1
540.0,Spain,Female,57,1,184646.21,2,1,0,151035.55,0
655.0,Germany,Male,30,6,166275.43,2,1,0,27187.84,0
638.0,Spain,Female,22,1,0.0,2,0,0,154737.6,0
731.0,Spain,Male,37,7,66909.74,1,0,0,96357.02,0
718.0,France,Male,36,1,0.0,2,1,0,36030.98,1
649.0,France,Female,41,7,87933.32,1,1,1,86848.92,0
627.0,France,Male,27,6,0.0,1,1,1,172878.35,0
701.0,Spain,Male,45,8,0.0,1,1,0,46978.23,0
608.0,France,Female,31,8,93529.44,2,1,1,10700.88,0
545.0,France,Male,28,5,0.0,2,1,0,3863.79,0
575.0,Germany,Male,38,4,34338.34,2,1,0,113934.88,1
809.0,France,Male,47,7,103652.61,2,1,0,192155.34,0
739.0,Spain,Female,28,9,145857.25,2,0,1,154417.08,0
616.0,Spain,Male,51,1,0.0,2,1,1,199659.56,0
739.0,Spain,Male,38,2,0.0,1,1,0,165121.96,0
626.0,France,Male,41,10,0.0,1,1,1,148255.22,0
550.0,Germany,Female,39,5,45951.67,3,1,1,68678.64,1
584.0,Spain,Male,33,2,0.0,1,1,0,123843.02,0
545.0,Spain,Male,31,1,111711.9,2,1,1,30559.24,0
582.0,France,Male,39,6,58751.29,2,0,1,17360.14,0
614.0,Germany,Female,18,0,214216.85,1,1,0,97027.35,1
700.0,Spain,Male,46,3,197808.28,1,0,1,56252.31,0
658.0,Germany,Female,35,1,173774.54,2,1,1,143923.14,0
672.0,Germany,Female,52,8,101913.76,1,1,1,195675.44,0
786.0,France,Female,42,4,136664.56,1,0,0,107812.43,0
639.0,France,Male,44,10,18190.3,1,0,1,95880.74,0
492.0,Spain,Male,41,8,117494.47,2,1,0,20118.27,0
772.0,Germany,Male,34,7,0.0,1,1,0,104408.42,0
653.0,Germany,Male,34,1,0.0,1,1,1,190427.01,1
850.0,France,Male,62,7,0.0,1,1,1,190754.1,0
536.0,France,Male,42,4,0.0,1,1,0,46625.1,0
676.0,Germany,Male,50,10,0.0,1,0,0,129050.16,0
664.0,France,Female,27,1,28405.31,2,0,0,165251.62,0
742.0,France,Male,26,3,130602.8,1,0,0,99278.1,0
649.0,France,Male,38,7,0.0,1,1,0,90541.77,0
619.0,France,Male,44,2,0.0,1,0,1,132101.48,0
721.0,Spain,Male,42,10,94383.47,1,1,1,82559.82,0
712.0,Germany,Female,38,7,157589.64,2,0,1,186321.69,1
664.0,Germany,Female,34,10,0.0,1,1,1,131282.03,1
608.0,Spain,Male,29,7,117064.87,2,1,0,188914.93,0
598.0,Spain,Female,51,10,107151.05,1,1,1,55432.07,0
684.0,France,Female,52,3,34807.08,1,1,0,160188.62,1
681.0,Spain,Male,46,1,0.0,2,1,0,144238.23,0
533.0,Germany,Female,51,2,0.0,1,1,0,90002.13,0
693.0,France,Male,48,7,101839.43,2,1,1,90939.98,0
654.0,France,Female,48,1,159921.64,1,0,1,163878.63,0
567.0,France,Female,32,5,115970.2,1,1,1,157277.27,0
547.0,France,Male,18,4,19045.3,2,1,0,97393.76,0
578.0,France,Female,39,4,0.0,2,0,1,60611.82,0
678.0,Spain,Male,39,6,0.0,2,0,0,45656.78,0
748.0,Spain,Male,34,4,138794.57,2,1,0,388.56,1
698.0,France,Female,40,6,0.0,2,1,1,19081.68,0
520.0,France,Male,48,4,218594.54,2,1,0,18566.48,1
449.0,France,Female,43,1,121278.7,1,1,1,92094.82,0
727.0,France,Female,38,0,131933.64,2,1,1,114363.9,0
652.0,Germany,Female,46,10,86965.26,1,1,1,79449.11,0
660.0,Germany,Male,30,10,0.0,1,0,0,67501.85,1
744.0,Spain,Male,50,2,123975.72,2,1,1,3404.86,0
485.0,Germany,Female,35,2,7958.41,2,1,1,155381.24,0
475.0,Spain,Male,22,10,106095.88,1,1,0,152737.58,0
705.0,Spain,Female,26,7,145491.46,1,1,1,158887.18,0
780.0,France,Male,37,8,159297.32,3,1,1,174942.27,0
640.0,France,Male,18,1,59653.41,1,1,0,184735.52,0
638.0,Germany,Male,42,10,242475.82,1,1,0,184021.79,1
586.0,France,Female,46,9,68547.17,2,1,0,20333.21,1
685.0,Spain,Female,34,2,43139.67,1,1,1,134177.49,0
742.0,France,Female,29,0,0.0,2,1,0,107462.41,0
551.0,France,Male,26,9,102451.8,1,1,0,98609.74,0
699.0,Germany,Female,31,5,128031.18,1,0,1,135246.26,0
715.0,Germany,Male,36,3,0.0,2,1,0,42495.67,0
735.0,Spain,Female,29,8,183944.06,1,1,1,61944.09,1
660.0,Germany,Male,32,3,104928.27,1,0,1,40802.59,0
575.0,Spain,Male,46,4,0.0,2,1,0,57948.11,1
541.0,France,Female,35,0,0.0,2,0,0,197390.51,0
682.0,Germany,Male,29,2,0.0,1,1,1,7159.1,0
760.0,France,Male,42,10,143618.44,3,0,1,151234.0,1
632.0,Germany,Male,47,10,229448.27,2,1,1,122566.9,1
654.0,Germany,Male,45,9,104065.21,2,1,0,117493.65,1
555.0,France,Female,47,8,0.0,2,0,0,29689.32,0
704.0,Spain,Male,52,8,57475.3,1,0,1,47021.05,1
721.0,Spain,Female,33,2,213286.94,1,1,0,42378.4,0
796.0,France,Male,39,3,119456.67,1,1,1,56362.18,0
726.0,France,Female,37,10,87317.61,1,1,0,109240.01,0
644.0,France,Female,62,7,64161.6,1,0,1,31343.01,0
656.0,France,Male,41,8,0.0,2,1,1,74434.01,0
639.0,France,Female,29,8,15592.54,4,1,1,184409.38,1
615.0,France,Female,59,5,142523.51,1,1,0,96915.26,1
601.0,France,Male,43,1,17534.61,1,1,0,31983.26,0
684.0,France,Female,33,7,0.0,1,0,1,17541.86,0
542.0,Germany,Male,28,6,208738.55,2,1,1,118583.57,0
405.0,France,Male,59,0,0.0,3,1,1,47302.21,0
850.0,Germany,Female,40,10,45841.46,2,1,1,165936.45,0
612.0,Spain,Male,50,7,0.0,1,0,1,191394.89,0
530.0,Germany,Female,26,9,164704.68,2,0,0,65134.84,1
708.0,France,Male,28,9,0.0,2,1,1,7271.01,0
770.0,Germany,Female,58,4,55620.97,2,0,1,182954.8,0
660.0,Germany,Male,61,0,83034.54,1,0,0,185271.39,1
463.0,France,Female,48,10,12453.95,2,1,1,199626.2,0
524.0,Germany,Male,48,10,0.0,1,1,1,162921.01,0
784.0,Spain,Female,35,9,85722.41,2,1,0,180362.52,1
633.0,Spain,Male,43,8,87938.31,2,0,1,55220.65,0
758.0,France,Female,30,5,0.0,2,1,1,92453.57,0
815.0,Germany,Male,18,4,25475.96,2,0,1,18924.02,0
481.0,Spain,Female,38,8,0.0,2,0,1,167522.78,0
663.0,France,Male,45,3,192331.43,2,1,1,128195.24,0
587.0,France,Male,41,3,0.0,4,1,1,19513.62,1
598.0,Spain,Male,46,3,56915.15,2,0,1,29130.43,1
828.0,Germany,Female,33,7,0.0,2,1,0,143564.27,1
722.0,France,Male,31,4,0.0,2,1,1,140399.84,0
624.0,Spain,Male,52,7,113392.94,3,0,0,81861.99,1
723.0,France,Male,29,2,84649.35,2,1,1,30322.89,0
602.0,Spain,Female,61,7,109766.13,2,1,0,94830.92,0
649.0,France,Male,37,1,2670.92,1,1,0,5215.01,0
636.0,Spain,Male,39,2,0.0,2,1,1,126781.32,0
470.0,France,Male,55,10,0.0,3,0,1,102390.31,0
631.0,France,Female,45,2,26037.98,1,1,0,180164.99,1
605.0,Spain,Male,40,8,146576.72,2,1,0,180570.55,0
749.0,Spain,Male,44,7,0.0,2,1,0,116602.71,0
779.0,France,Male,44,4,85801.04,2,1,0,150579.31,0
651.0,France,Male,31,6,0.0,1,1,0,89535.53,0
681.0,Spain,Male,51,9,0.0,1,1,0,1721.86,0
488.0,Spain,Female,42,8,44923.01,2,1,1,114392.43,0
571.0,Germany,Male,33,3,0.0,2,1,1,106579.9,0
850.0,France,Male,56,3,185265.91,2,1,0,136048.68,0
676.0,Germany,Female,56,10,140118.58,1,1,0,41734.44,1
596.0,Spain,Male,20,10,0.0,2,1,1,94251.15,0
610.0,Germany,Female,43,6,26502.43,1,1,1,3882.38,0
710.0,France,Female,30,7,0.0,2,1,0,117664.44,0
624.0,Germany,Male,32,6,150061.27,2,0,0,50448.35,1
651.0,Spain,Male,47,10,99839.47,2,1,1,131249.2,0
602.0,France,Female,40,2,149497.93,2,1,1,49775.38,0
559.0,France,Male,52,10,181221.9,1,1,1,59402.36,0
492.0,Spain,Male,30,8,0.0,2,0,1,163221.2,0
548.0,France,Male,53,0,41922.6,2,1,0,127730.84,0
724.0,Germany,Female,33,2,0.0,2,1,0,19731.86,0
675.0,Germany,Female,27,4,0.0,2,1,1,27198.39,1
725.0,Germany,Male,25,7,0.0,2,0,1,75251.65,0
586.0,Germany,Male,22,6,18317.47,1,0,1,139510.12,1
549.0,France,Female,21,4,133149.11,1,1,1,184315.32,1
644.0,Germany,Male,51,9,0.0,1,1,0,133936.8,0
718.0,Germany,Male,45,9,99052.27,1,1,0,141295.84,1
713.0,Germany,Female,23,1,65542.03,4,1,1,33477.77,1
730.0,France,Female,42,4,116041.12,2,1,1,90696.1,0
614.0,Spain,Male,33,8,0.0,1,0,0,195039.41,0
785.0,France,Female,47,5,0.0,1,1,0,88125.99,1
663.0,Germany,Female,50,8,185872.62,2,1,1,46482.24,0
732.0,Germany,Male,31,10,0.0,2,1,1,119109.14,0
759.0,France,Male,61,0,0.0,2,1,0,110439.09,1
527.0,France,Male,36,4,0.0,1,1,0,68853.02,0
755.0,Germany,Female,31,0,34919.24,3,1,0,23521.22,0
788.0,France,Female,25,1,86496.89,2,1,0,176707.59,0
669.0,Spain,Female,21,5,69571.62,1,0,1,71391.45,0
566.0,France,Female,44,9,88154.21,2,1,0,2793.61,1
468.0,Spain,Male,35,8,1745.4,2,0,0,171293.27,0
804.0,France,Male,45,1,69175.97,1,1,1,59427.76,0
665.0,Germany,Female,23,0,0.0,2,0,0,158801.25,0
683.0,France,Female,34,6,141128.64,2,1,0,158071.13,0
583.0,France,Male,29,6,198736.78,1,0,1,81863.32,0
657.0,France,Male,57,8,119989.87,2,1,0,134250.49,1
786.0,Spain,Male,42,0,155209.17,2,0,1,89010.83,0
574.0,France,Female,43,9,0.0,1,1,0,111213.36,0
603.0,Germany,Female,30,10,44803.01,1,1,0,153576.37,1
636.0,France,Female,37,7,0.0,2,0,1,50462.0,0
532.0,France,Male,56,3,145247.53,1,1,1,85308.7,0
681.0,Germany,Female,29,1,0.0,2,0,0,51695.36,0
566.0,Germany,Male,28,3,0.0,2,1,0,116945.84,0
570.0,France,Male,33,6,0.0,1,1,0,166786.39,0
709.0,Germany,Female,45,6,129152.62,2,1,1,138655.31,0
705.0,France,Male,52,5,0.0,1,0,0,171854.27,0
601.0,Germany,Male,31,5,0.0,1,1,1,189118.61,1
735.0,Germany,Female,59,6,46748.63,1,0,1,50669.07,1
660.0,Germany,Female,37,0,154874.01,2,1,0,120760.03,1
682.0,Germany,Male,31,7,0.0,1,0,1,111910.47,0
646.0,France,Male,37,2,0.0,1,1,1,163038.72,0
835.0,France,Male,40,7,31399.88,2,1,1,6534.14,0
703.0,Spain,Female,44,10,163494.71,1,1,1,5718.97,1
699.0,Spain,Female,29,6,154246.96,2,0,0,186967.41,1
633.0,France,Male,39,4,0.0,1,0,0,170879.03,0
670.0,Germany,Male,47,7,0.0,1,1,1,85325.14,0
589.0,Spain,Female,18,8,0.0,2,0,0,125877.23,0
645.0,Germany,Male,25,7,0.0,2,1,0,133281.69,1
677.0,France,Female,25,9,67972.01,1,1,1,175776.88,0
670.0,Spain,Male,58,3,0.0,1,1,1,57045.44,0
605.0,Germany,Female,22,3,0.0,2,1,0,163813.54,1
605.0,France,Male,23,9,117558.39,2,1,1,171944.2,0
517.0,Spain,Male,30,10,167846.75,2,1,0,127485.41,0
449.0,Spain,Female,35,10,0.0,1,1,0,99980.69,0
785.0,France,Female,43,2,0.0,1,1,0,141282.74,0
635.0,Spain,Female,40,10,79749.9,1,1,0,123817.28,0
506.0,France,Male,49,6,116628.56,2,1,0,75398.51,0
750.0,France,Male,45,1,0.0,2,1,0,139055.06,1
649.0,Spain,Female,46,3,0.0,1,0,1,167105.85,0
683.0,France,Female,43,7,75099.2,1,1,0,48969.94,0
574.0,Spain,Male,32,4,0.0,1,0,1,12691.48,0
749.0,Spain,Female,31,4,147036.62,1,1,1,46086.52,0
598.0,Germany,Female,43,10,0.0,2,1,0,69467.57,1
539.0,Germany,Female,26,9,0.0,1,1,0,73101.8,1
540.0,France,Female,41,3,6429.41,1,1,0,53846.45,0
686.0,France,Female,28,6,0.0,3,1,1,89412.4,1
723.0,France,Female,26,7,0.0,1,1,1,110520.77,0
673.0,France,Female,21,7,0.0,1,0,0,165715.04,0
600.0,Germany,Male,32,4,0.0,2,1,0,176100.62,0
544.0,Germany,Female,45,8,0.0,2,1,1,127880.2,0
543.0,Spain,Male,54,4,0.0,1,1,1,94124.81,0
741.0,Spain,Female,52,5,0.0,2,1,0,13073.97,0
673.0,Germany,Male,30,7,76377.16,1,0,1,102286.98,0
580.0,France,Male,32,4,105424.1,2,0,1,90496.01,0
711.0,France,Female,48,10,131005.56,2,1,0,15967.7,0
623.0,Spain,Female,39,3,0.0,1,1,1,168101.34,0
794.0,Germany,Male,43,6,0.0,1,0,0,88433.35,0
628.0,Germany,Female,45,5,0.0,2,0,0,109617.17,1
635.0,France,Male,52,2,155057.28,2,1,0,31881.56,1
580.0,France,Male,58,4,163714.51,1,1,1,58537.8,0
718.0,Spain,Male,31,8,108142.26,2,1,1,21963.91,0
682.0,Spain,Female,47,4,0.0,2,1,0,93220.75,1
640.0,Germany,Male,32,5,161863.89,2,1,0,175843.04,1
713.0,France,Female,32,6,0.0,2,1,1,128102.34,0
716.0,France,Male,51,0,236135.6,1,1,0,85957.32,1
757.0,France,Male,38,8,0.0,1,1,0,105431.68,0
647.0,Spain,Female,45,1,0.0,2,0,1,112883.28,0
681.0,France,Female,37,6,0.0,2,0,1,109257.07,0
708.0,Spain,Female,50,4,0.0,2,1,1,29361.32,0
550.0,Spain,Male,31,4,66840.15,2,1,1,159777.11,0
735.0,France,Male,29,1,0.0,2,0,0,93747.68,0
508.0,Spain,Male,46,1,72198.55,2,1,0,88553.57,1
682.0,France,Male,27,10,113171.41,1,0,1,13448.21,0
633.0,France,Female,32,4,123602.88,2,1,1,84012.77,0
850.0,Spain,Female,61,7,0.0,1,0,1,7379.83,0
699.0,France,Female,32,9,0.0,2,1,0,958.36,0
453.0,Germany,Male,46,10,122293.72,1,1,0,146761.38,1
523.0,Germany,Male,46,1,135201.47,1,1,1,141695.92,1
661.0,Spain,Female,44,3,0.0,2,0,0,152480.58,0
782.0,Spain,Female,19,8,0.0,2,0,0,197081.2,1
739.0,Germany,Male,41,3,62363.84,1,0,1,94888.34,0
628.0,Spain,Female,40,8,57569.36,1,0,1,26771.94,0
677.0,France,Female,39,7,0.0,1,0,1,141373.28,0
674.0,Germany,Female,21,9,0.0,2,1,1,25098.66,0
678.0,France,Male,28,9,70866.55,2,1,1,143880.0,0
808.0,France,Female,34,5,0.0,2,0,0,94078.93,0
850.0,Germany,Female,30,4,0.0,2,1,1,160276.7,0
595.0,France,Female,43,7,136176.6,2,1,1,74018.46,0
610.0,France,Male,37,3,142608.93,1,1,0,153489.64,0
574.0,Spain,Male,33,1,0.0,1,1,1,177137.44,0
645.0,Spain,Female,41,6,80512.85,2,1,1,2987.98,0
674.0,Spain,Male,42,7,0.0,1,1,0,137530.0,0
705.0,France,Female,44,7,16495.85,4,1,1,42923.0,1
720.0,France,Male,37,1,0.0,1,1,1,105455.55,0
743.0,France,Male,43,6,0.0,1,1,1,101930.75,0
618.0,Spain,Female,36,9,100391.83,2,0,0,32221.62,0
672.0,Spain,Female,36,1,0.0,2,1,0,56405.08,0
498.0,France,Male,35,4,0.0,1,1,1,27935.81,0
519.0,Germany,Male,43,2,93291.62,1,1,1,182719.17,0
624.0,Germany,Female,35,6,19997.76,4,0,1,111569.15,0
538.0,France,Male,50,8,68615.46,1,1,1,142397.28,1
809.0,Germany,Female,18,2,168341.31,1,1,0,133157.39,1
655.0,Germany,Male,57,2,8712.61,2,1,1,89728.18,0
696.0,France,Female,42,2,0.0,2,0,0,57661.11,1
571.0,France,Male,31,5,80061.3,1,1,1,179747.45,0
766.0,France,Male,46,2,0.0,2,1,0,153544.01,0
652.0,France,Female,43,6,0.0,2,1,0,160904.62,0
656.0,France,Male,49,8,0.0,4,0,1,64313.15,0
568.0,France,Female,31,1,136385.05,2,0,1,74224.48,0
657.0,France,Female,25,7,49062.96,2,1,1,88766.56,0
675.0,Germany,Male,31,3,122436.18,1,1,0,159122.43,0
559.0,France,Male,43,8,67263.42,1,1,0,154115.35,1
632.0,France,Female,22,2,0.0,2,1,0,181719.96,0
715.0,Germany,Female,42,4,172273.51,2,1,1,176533.39,0
467.0,France,Male,32,1,0.0,2,0,1,80005.25,0
569.0,Spain,Female,35,0,47666.72,2,1,1,141777.29,0
457.0,France,Male,49,6,57452.65,1,1,1,41413.71,0
668.0,France,Male,32,4,112580.45,1,1,0,188410.48,0
689.0,France,Male,40,1,118863.5,1,0,0,4005.24,0
708.0,France,Male,43,3,14860.99,2,1,1,154312.34,0
663.0,Spain,Female,40,1,109733.91,2,0,0,149972.02,0
686.0,France,Male,33,10,78058.57,2,1,0,197437.8,0
605.0,France,Female,43,5,0.0,2,1,0,53099.96,0
577.0,France,Female,41,5,17629.93,2,1,1,187196.59,0
666.0,Spain,Female,43,9,0.0,2,1,0,35232.0,0
576.0,Spain,Female,42,1,0.0,1,0,0,97560.19,0
668.0,Spain,Female,59,8,0.0,1,1,0,42684.46,0
776.0,France,Male,51,1,46261.4,2,1,1,64533.12,0
765.0,France,Male,34,1,105851.11,1,1,1,27004.63,0
757.0,France,Male,41,3,86664.79,2,1,0,69322.78,0
760.0,Spain,Male,36,5,122791.25,2,1,0,178773.57,1
637.0,France,Female,46,2,0.0,2,1,1,80169.35,0
486.0,France,Female,35,1,2552.12,1,1,0,28564.25,0
804.0,Germany,Female,29,6,101306.64,2,1,0,35084.9,0
496.0,Germany,Male,69,9,0.0,2,0,0,102889.47,1
641.0,Germany,Female,43,8,33912.73,1,1,1,61424.89,0
646.0,France,Male,19,2,0.0,2,1,1,157727.83,0
608.0,France,Male,45,0,1868.7,2,0,1,138714.46,0
778.0,Germany,Female,50,5,719.46,1,0,0,9680.16,1
709.0,France,Female,50,1,0.0,2,0,0,133018.3,0
668.0,Spain,Male,44,7,86303.85,1,1,0,60217.39,1
566.0,France,Male,45,1,0.0,1,0,0,38224.83,0
807.0,France,Female,49,6,144750.08,2,0,1,170699.26,0
844.0,Spain,Female,28,8,0.0,1,0,0,69720.02,0
683.0,Spain,Female,41,9,0.0,1,1,0,2177.1,0
716.0,France,Male,51,9,0.0,2,1,1,159738.02,0
648.0,France,Male,42,3,22551.0,2,1,0,113463.31,0
755.0,Germany,Female,52,5,0.0,2,1,0,96315.35,1
818.0,Spain,Male,57,1,0.0,3,1,0,44109.27,1
576.0,Spain,Male,30,3,0.0,1,1,0,114240.79,1
686.0,Spain,Female,41,4,0.0,2,1,0,132263.88,1
602.0,Spain,Female,47,3,149621.56,1,0,1,69701.35,0
726.0,Germany,Female,32,1,0.0,2,0,0,85687.96,0
656.0,Germany,Female,40,6,113144.26,1,1,1,17.52,0
551.0,France,Female,49,1,0.0,1,0,1,98892.5,0
555.0,Spain,Female,39,2,176984.28,2,1,1,78498.55,0
745.0,Spain,Male,34,10,0.0,1,1,0,85610.62,0
589.0,Spain,Female,35,4,162503.95,1,1,0,140817.67,1
653.0,France,Female,40,1,63459.17,2,1,0,101465.34,0
473.0,Germany,Female,50,5,116214.47,1,0,1,141335.11,0
542.0,France,Male,50,6,119267.22,1,1,1,153140.19,0
557.0,Germany,Male,32,3,0.0,1,1,1,124570.9,0
552.0,France,Male,45,4,0.0,1,1,0,25716.08,0
682.0,France,Male,48,10,0.0,1,0,1,126192.49,0
625.0,France,Female,34,2,92595.71,2,1,0,94327.14,0
850.0,France,Female,38,0,67614.04,1,1,0,83111.29,0
700.0,France,Male,54,6,0.0,2,1,0,176597.47,0
826.0,Spain,Male,34,5,30318.16,1,1,1,99789.39,0
561.0,France,Female,28,7,87771.82,1,1,1,31386.78,0
660.0,Germany,Male,39,4,57004.94,2,1,1,194626.19,0
729.0,Spain,Male,31,6,0.0,1,0,1,37465.78,0
601.0,Spain,Female,54,10,0.0,1,1,0,174920.08,0
667.0,Spain,Male,39,3,69455.44,1,0,1,63889.3,0
679.0,Germany,Male,59,1,0.0,2,0,1,154544.38,1
658.0,Spain,Female,42,9,48210.68,2,0,1,70926.32,0
537.0,Germany,Male,55,5,138091.23,2,1,1,60811.57,0
520.0,Spain,Male,35,3,85354.55,1,1,0,6169.21,1
706.0,Germany,Male,45,6,215113.42,1,1,1,5051.47,0
690.0,France,Female,41,9,0.0,2,1,0,133305.68,1
657.0,Germany,Male,26,5,146438.05,2,1,1,107758.02,0
555.0,France,Female,37,1,148485.41,1,1,1,179601.79,0
515.0,Spain,Male,32,3,0.0,1,1,0,147288.3,0
704.0,France,Female,18,0,214857.89,1,1,0,93578.85,0
671.0,Spain,Female,42,3,134409.55,2,1,1,168705.86,0
711.0,France,Female,38,10,107152.82,1,1,0,71089.66,0
562.0,Germany,Female,43,5,153080.99,2,1,0,167645.19,1
747.0,France,Male,18,5,99845.98,1,0,1,162835.94,0
812.0,France,Male,43,4,45905.69,2,0,1,120503.7,0
702.0,France,Male,34,4,171552.96,1,1,1,99061.2,0
616.0,Germany,Female,50,10,0.0,2,0,1,195147.77,0
636.0,Germany,Male,31,7,0.0,2,1,1,27988.07,0
767.0,France,Male,42,5,0.0,1,1,0,120396.36,1
706.0,France,Male,43,1,0.0,1,1,1,79947.19,0
677.0,Germany,Male,35,0,0.0,2,1,0,121801.01,1
624.0,France,Male,51,0,182110.1,2,1,0,117611.56,0
547.0,France,Female,19,10,85663.68,1,1,1,35078.01,0
678.0,Germany,Male,50,0,65402.68,1,0,0,127148.32,1
761.0,France,Male,36,4,99800.64,2,1,0,172295.37,0
523.0,Germany,Male,29,4,87699.21,2,0,1,114014.01,0
587.0,France,Female,46,3,0.0,2,0,1,29689.88,0
536.0,Spain,Male,23,6,136132.03,2,1,0,122511.61,0
609.0,Spain,Female,31,10,0.0,1,1,1,65660.05,0
714.0,Spain,Female,20,1,78986.95,1,0,1,152521.32,0
574.0,France,Female,41,6,0.0,1,1,1,195710.44,0
629.0,Germany,Male,44,1,54782.18,2,1,0,70613.31,0
429.0,Germany,Male,27,9,0.0,1,0,1,55339.98,0
478.0,Germany,Male,21,10,97629.22,2,1,0,127172.59,0
636.0,Spain,Male,52,8,0.0,1,0,1,150124.57,0
643.0,France,Female,42,1,0.0,2,1,1,16993.46,0
660.0,France,Female,38,9,0.0,2,1,0,48455.74,0
583.0,Germany,Female,36,7,137168.34,2,1,1,28608.17,0
620.0,France,Male,47,3,77581.55,2,1,1,65020.04,0
561.0,Germany,Female,27,8,67362.01,1,1,0,35810.98,0
693.0,France,Male,43,6,0.0,1,1,1,33437.7,0
532.0,France,Male,23,6,0.0,2,0,1,158932.94,0
611.0,France,Male,25,10,138660.85,1,1,1,46274.74,0
604.0,Spain,Male,43,0,24407.72,1,1,0,146636.4,1
616.0,France,Male,29,4,0.0,2,1,0,95123.46,0
810.0,France,Male,30,3,37897.95,2,0,1,119669.92,0
618.0,France,Female,49,1,81911.24,2,0,1,100056.06,0
780.0,Spain,Male,29,4,67131.52,1,1,0,135461.4,0
640.0,France,Male,37,9,141716.94,1,1,0,42028.88,1
850.0,France,Male,45,9,84706.08,1,1,1,48984.54,0
556.0,Spain,Male,34,0,0.0,1,1,1,20444.48,0
601.0,Spain,Male,37,5,73677.08,2,1,1,75435.13,1
676.0,Germany,Male,52,6,0.0,1,1,1,192205.47,0
629.0,France,Female,48,5,106684.17,2,0,0,48051.45,0
723.0,Germany,Male,37,6,0.0,2,1,0,61091.37,0
599.0,France,Male,42,5,194571.22,2,0,0,48262.96,0
794.0,France,Female,56,10,139368.73,1,1,1,189659.56,0
736.0,France,Female,44,7,199091.78,1,0,1,100037.56,0
768.0,Spain,Female,28,0,152651.26,1,1,1,46095.3,0
559.0,France,Male,18,1,0.0,2,1,0,194458.89,0
702.0,Spain,Male,36,7,0.0,2,1,0,39822.03,1
661.0,France,Male,45,3,0.0,2,0,1,15972.03,0
694.0,France,Female,40,5,49428.95,1,1,1,109485.08,0
438.0,Germany,Male,37,7,0.0,2,0,0,65209.72,1
731.0,France,Male,40,4,0.0,1,1,1,196081.08,0
720.0,France,Male,35,9,0.0,2,1,1,16217.02,0
796.0,France,Female,36,10,12042.79,1,1,0,181442.52,0
522.0,Germany,Male,43,0,166256.35,2,0,1,72519.33,0
516.0,France,Female,38,1,167443.91,2,1,0,8088.52,0
636.0,Germany,Female,26,3,166787.54,1,0,0,43959.5,1
668.0,France,Male,50,9,124282.54,1,1,0,60692.34,0
445.0,France,Female,18,6,148220.72,2,0,0,193102.23,0
655.0,Germany,Female,28,3,117777.92,2,1,0,54836.05,1
775.0,France,Male,34,4,121301.82,1,1,1,105194.05,0
690.0,Spain,Female,25,7,0.0,1,0,0,198752.31,0
767.0,France,Male,37,0,33409.54,1,0,1,125932.79,0
782.0,France,Female,18,3,149343.56,3,0,0,102122.53,0
420.0,Spain,Female,38,6,0.0,1,1,1,117901.23,0
578.0,Germany,Female,27,9,0.0,1,1,1,176293.61,0
499.0,France,Male,45,2,148482.73,2,1,0,164281.76,0
661.0,Spain,Male,43,0,145895.08,1,0,1,175177.19,0
745.0,France,Male,46,3,92647.94,4,1,1,174775.13,1
577.0,Spain,Female,43,8,201810.09,2,1,0,185904.84,0
506.0,France,Female,41,6,178088.79,2,1,0,102075.78,0
601.0,Germany,Female,30,3,85195.23,1,1,0,148660.26,1
723.0,France,Male,56,7,85848.94,1,0,0,140609.89,1
787.0,France,Male,49,5,112540.71,2,1,1,190280.16,0
558.0,France,Male,39,2,129115.46,4,1,1,60488.06,1
781.0,Germany,Male,49,3,0.0,1,1,1,70566.68,0
634.0,Germany,Female,44,0,110428.52,1,1,0,87976.22,1
730.0,Spain,Male,33,7,8041.25,2,1,1,130336.84,0
733.0,Germany,Male,40,3,0.0,1,1,1,93124.08,0
766.0,Germany,Male,20,5,0.0,1,1,1,99070.49,0
645.0,Germany,Female,32,9,0.0,2,0,0,128555.86,0
606.0,France,Male,34,8,0.0,1,1,1,48476.55,0
592.0,France,Female,47,0,67232.24,2,1,1,138780.3,0
596.0,Spain,Male,60,5,172619.21,1,1,1,188788.51,0
570.0,Germany,Male,56,5,0.0,2,1,1,131376.47,0
592.0,Spain,Male,35,6,143712.13,1,1,0,175545.98,0
671.0,Germany,Male,36,0,120850.28,2,0,1,30965.37,0
503.0,France,Male,37,6,56652.15,2,1,1,16641.48,0
730.0,Germany,Female,47,5,0.0,1,1,1,126235.14,0
670.0,France,Female,45,2,0.0,1,0,1,81291.91,0
661.0,Germany,Female,36,2,0.0,1,1,1,78663.51,0
800.0,Spain,Male,36,9,0.0,2,1,0,68054.74,0
642.0,Spain,Male,34,7,43299.32,2,1,1,149122.88,0
734.0,France,Male,53,4,140004.45,1,0,0,99350.37,1
566.0,France,Female,35,9,0.0,2,0,1,87488.99,0
795.0,Spain,Male,35,9,0.0,1,1,0,184548.55,1
832.0,France,Female,43,7,61600.15,1,1,0,11845.98,0
710.0,Germany,Female,21,8,138901.66,1,1,0,171172.41,0
529.0,France,Female,27,7,0.0,2,0,0,25688.53,1
622.0,France,Female,26,4,128403.44,1,1,0,174733.56,0
739.0,France,Male,52,8,0.0,2,1,0,133513.52,0
689.0,Germany,Female,26,10,179459.79,1,1,0,65378.41,0
756.0,France,Female,58,8,0.0,2,1,1,151461.64,1
583.0,France,Female,48,5,166309.18,2,1,0,158469.0,0
647.0,Germany,Male,41,4,87684.99,2,1,1,165616.85,0
694.0,France,Male,40,0,0.0,1,1,0,175140.97,0
640.0,France,Female,47,3,134052.1,1,1,0,50080.86,0
792.0,Spain,Female,32,5,99214.97,2,0,0,45792.85,0
544.0,France,Female,45,2,117226.86,1,1,0,148530.94,0
739.0,Spain,Female,49,6,57771.95,1,1,0,199448.07,0
515.0,Germany,Female,39,2,61971.08,1,1,1,100982.5,0
652.0,Germany,Male,58,4,0.0,2,1,1,92749.25,0
496.0,France,Female,28,1,68644.96,1,1,1,47083.23,0
673.0,France,Male,21,4,190308.69,2,1,0,58487.57,0
745.0,Germany,Male,52,7,192155.91,1,1,1,181704.18,0
820.0,France,Female,38,3,91486.44,3,1,0,26628.9,0
582.0,France,Female,32,4,0.0,2,0,0,161362.65,0
498.0,Spain,Female,38,5,154239.24,1,1,0,27656.32,0
692.0,Spain,Female,45,2,74597.66,1,1,1,60990.86,0
563.0,France,Female,31,6,119845.56,1,0,1,114374.59,0
571.0,Germany,Male,36,9,60290.47,2,0,1,114129.02,0
652.0,France,Male,40,8,126833.7,1,1,0,65196.28,0
565.0,Spain,Male,51,10,0.0,2,0,1,164249.99,0
500.0,France,Female,30,9,171867.16,1,1,1,119834.77,0
648.0,France,Male,41,5,149789.0,1,1,0,5779.93,1
584.0,France,Female,47,8,179005.92,2,0,0,140387.93,0
727.0,Germany,Male,42,6,116963.32,1,1,0,121869.0,1
558.0,France,Female,33,8,0.0,2,0,1,28757.26,0
707.0,France,Male,42,3,56502.17,2,1,1,18082.99,0
492.0,France,Female,49,0,113224.24,1,1,1,70481.5,0
595.0,France,Female,35,5,111278.19,2,0,0,34614.08,0
749.0,Germany,Male,25,8,126283.14,2,1,0,99508.87,1
635.0,France,Female,42,2,188183.85,2,1,1,163584.83,1
850.0,France,Male,22,8,0.0,1,1,0,183137.98,0
557.0,Spain,Female,48,6,48812.01,2,1,0,16598.35,0
571.0,Spain,Male,48,2,0.0,2,1,1,89358.17,0
703.0,France,Male,55,10,103301.98,1,1,1,127830.96,0
560.0,Spain,Male,32,9,101555.87,1,0,1,143042.43,0
613.0,France,Male,39,0,0.0,1,1,1,64170.66,0
737.0,France,Male,21,1,169844.37,1,1,1,134661.62,0
850.0,France,Female,33,7,0.0,2,0,1,95761.71,0
543.0,Germany,Male,47,1,118088.82,1,0,0,114333.5,0
653.0,Spain,Male,31,6,75474.91,1,1,1,83463.79,0
614.0,Germany,Male,35,3,155149.44,2,0,0,153714.29,0
715.0,Germany,Male,26,4,71119.69,1,0,1,113035.26,1
625.0,Spain,Female,47,2,0.0,2,1,0,17575.33,0
598.0,France,Female,33,1,115023.15,1,1,0,181356.09,1
753.0,Spain,Male,40,0,90399.96,2,1,0,28530.11,0
664.0,France,Male,40,5,210375.72,2,1,0,2545.86,0
464.0,France,Female,50,7,21423.34,1,0,1,170324.7,0
596.0,Germany,Female,18,6,20919.43,1,1,1,129403.99,0
762.0,Spain,Male,53,9,20536.33,1,1,1,189610.46,0
722.0,France,Male,45,10,0.0,1,0,0,17025.33,0
779.0,Germany,Female,31,2,149260.61,1,1,0,76426.09,0
787.0,France,Male,35,9,0.0,2,1,0,16673.05,0
512.0,Germany,Male,39,6,58365.04,1,1,1,107930.57,0
668.0,France,Male,18,7,162316.43,2,1,1,156615.18,0
716.0,Germany,Male,51,0,0.0,2,1,0,44113.42,0
783.0,Germany,Female,44,4,0.0,2,1,0,67418.21,0
650.0,Spain,Male,34,7,0.0,2,1,1,137911.91,0
735.0,France,Male,39,6,48776.28,2,0,0,4691.9,0
605.0,Spain,Female,57,2,0.0,2,0,0,190416.66,0
690.0,Spain,Female,37,6,0.0,2,1,1,704.38,0
579.0,France,Female,52,3,51274.38,1,0,1,106885.1,0
512.0,Germany,Female,33,0,251932.86,1,0,0,115016.16,0
511.0,Spain,Female,34,3,0.0,1,1,0,30059.3,0
569.0,France,Female,24,3,0.0,2,0,1,131464.06,0
617.0,Germany,Male,42,4,0.0,1,0,0,20522.17,1
790.0,France,Male,56,7,16819.75,1,1,1,141597.39,0
700.0,France,Female,54,8,54276.03,2,0,1,143585.22,0
554.0,France,Female,31,6,77282.3,2,1,1,113003.41,1
673.0,Germany,Male,41,7,6015.37,1,1,1,160283.61,1
559.0,Spain,Male,55,8,42240.6,1,1,0,188786.05,0
622.0,France,Female,25,7,108262.17,2,0,1,133349.3,0
623.0,Spain,Male,31,2,0.0,2,1,1,38765.07,0
760.0,Spain,Female,36,9,59895.71,2,1,1,76722.07,0
621.0,Spain,Female,25,6,102503.27,1,0,1,117989.12,0
634.0,France,Male,51,4,137852.24,1,0,0,5090.98,0
596.0,Germany,Female,41,3,199461.88,1,1,1,92275.54,0
568.0,France,Female,48,9,150639.97,1,0,0,33042.37,0
804.0,Germany,Male,40,4,90426.08,2,1,0,43652.4,0
529.0,Spain,Female,24,10,125449.04,2,1,0,96777.79,0
497.0,France,Female,47,6,0.0,2,1,0,56088.78,0
811.0,France,Female,32,0,137989.74,1,0,1,131188.13,0
518.0,Spain,Male,21,7,122201.13,2,1,1,130259.48,0
750.0,Spain,Male,67,8,102729.78,2,1,1,171896.99,0
507.0,France,Female,30,10,84242.61,2,1,0,34500.9,0
721.0,France,Male,33,1,0.0,1,1,0,46780.48,0
665.0,France,Female,50,10,0.0,2,1,1,83803.88,0
641.0,Germany,Male,27,3,0.0,2,1,1,20033.31,0
816.0,France,Female,18,4,77975.91,1,1,1,158163.12,0
651.0,France,Female,19,3,123230.23,1,1,0,111593.08,0
585.0,France,Female,20,9,0.0,2,1,0,40021.0,0
715.0,France,Female,37,3,37594.4,2,1,1,17702.94,0
807.0,France,Female,41,8,0.0,1,1,1,24070.73,0
748.0,France,Male,25,6,13648.52,2,1,1,92967.9,0
637.0,Germany,Female,54,5,0.0,1,1,1,127911.88,1
608.0,France,Female,51,0,106043.37,1,1,0,20599.41,0
847.0,France,Male,43,4,73471.17,1,1,1,28863.54,0
708.0,Spain,Female,41,2,0.0,2,1,1,38706.74,1
749.0,Germany,Female,36,7,14582.03,2,0,0,144798.02,1
792.0,France,Female,37,3,0.0,2,1,0,158342.75,0
662.0,Spain,Female,51,7,68644.64,2,0,1,99719.27,0
583.0,France,Female,42,10,36955.56,1,1,1,133058.53,0
511.0,France,Female,36,4,61765.26,1,1,1,176711.47,0
644.0,Spain,Male,39,1,0.0,2,0,0,185309.85,0
568.0,Germany,Female,61,7,16982.1,2,1,1,170464.13,0
550.0,Germany,Female,24,3,0.0,2,1,0,17560.45,0
742.0,Spain,Female,35,6,0.0,1,1,0,84879.48,0
613.0,France,Male,43,0,129235.32,1,1,0,183050.6,0
781.0,Spain,Male,57,2,73118.15,1,0,0,16003.13,0
762.0,France,Male,30,5,0.0,2,1,0,93726.35,0
677.0,Germany,Female,68,3,75399.23,2,1,0,143570.25,1
675.0,Germany,Male,22,3,49436.82,1,1,0,120216.83,0
775.0,France,Female,51,0,0.0,1,1,1,90549.88,0
725.0,Spain,Male,53,1,0.0,1,1,1,192582.43,0
694.0,France,Male,34,4,24030.33,2,1,0,129049.9,0
634.0,France,Female,38,1,0.0,1,0,1,131701.41,0
739.0,France,Male,56,0,0.0,2,1,1,27102.58,0
649.0,France,Male,28,2,0.0,2,1,1,117752.54,0
644.0,Germany,Female,43,2,139020.11,1,0,1,168259.16,0
718.0,Spain,Male,54,1,17091.01,1,1,1,197072.78,0
609.0,Germany,Female,20,1,163543.84,1,1,1,137937.0,0
568.0,Spain,Female,29,0,0.0,1,0,0,97813.32,0
706.0,France,Male,37,5,106908.87,2,0,1,45040.03,0
761.0,France,Male,39,4,0.0,1,0,1,47949.04,0
684.0,France,Male,36,5,188314.3,2,1,0,76345.77,1
723.0,France,Female,57,5,80293.83,1,1,1,6250.16,0
690.0,France,Female,38,10,111875.61,2,1,1,96972.11,1
626.0,Spain,Male,26,0,0.0,3,1,1,190713.35,0
672.0,Germany,Female,30,10,91027.09,2,1,1,130751.5,1
710.0,France,Female,50,3,0.0,1,0,0,85433.83,0
754.0,Germany,Female,42,9,0.0,2,0,0,154534.93,0
637.0,France,Female,50,1,55438.61,1,1,0,6812.83,0
446.0,France,Female,33,1,0.0,2,1,0,174862.05,0
788.0,Germany,Male,36,5,42371.7,1,1,1,26431.59,0
603.0,France,Male,36,1,0.0,1,0,1,26311.34,0
697.0,Germany,Female,47,8,0.0,2,0,0,42046.13,1
536.0,France,Female,38,1,85432.45,2,0,1,184192.63,0
661.0,France,Male,47,7,0.0,1,0,0,132838.41,0
620.0,Germany,Male,30,7,0.0,1,1,0,98452.97,0
666.0,France,Male,18,4,146825.16,1,1,0,112690.06,0
582.0,France,Female,46,6,20926.27,1,1,1,178374.83,0
667.0,France,Male,21,5,73065.31,2,0,0,74817.06,0
568.0,France,Male,69,10,0.0,1,1,0,67407.14,0
546.0,France,Female,50,0,0.0,1,1,0,160372.31,0
660.0,Spain,Male,45,5,0.0,4,1,1,73961.53,0
546.0,France,Female,25,1,112928.13,1,0,0,185127.37,0
684.0,Germany,Male,26,1,0.0,2,1,0,190617.1,0
672.0,France,Female,36,4,0.0,2,1,0,33363.29,0
514.0,Spain,Female,44,8,0.0,1,0,1,109667.08,0
750.0,Spain,Male,35,7,118767.96,1,1,0,66829.81,0
715.0,France,Female,29,2,173599.8,1,1,0,75262.61,1
618.0,France,Male,52,8,90690.48,2,1,1,89591.55,0
768.0,Spain,Male,48,6,0.0,1,0,1,47216.89,0
427.0,Spain,Male,25,6,250861.85,1,0,0,176326.24,0
716.0,France,Female,37,6,117979.24,1,1,0,170869.46,0
721.0,Germany,Female,18,0,73361.63,1,0,1,174135.04,0
534.0,France,Female,37,3,0.0,1,1,1,97670.55,0
601.0,France,Female,45,0,0.0,1,1,0,47386.8,0
677.0,Germany,Male,51,9,75862.06,2,0,1,49071.26,0
727.0,France,Male,32,8,42626.25,1,0,0,146476.94,0
749.0,France,Male,18,10,119473.21,2,1,0,172216.56,1
687.0,Germany,Female,43,4,0.0,2,1,1,150073.04,0
850.0,France,Female,45,1,0.0,1,0,1,51966.89,0
510.0,France,Male,48,1,48847.24,1,1,1,42214.51,0
738.0,Spain,Male,34,9,27349.07,2,1,0,111066.49,0
608.0,Germany,Male,40,8,54845.71,1,0,1,87421.89,1
549.0,Spain,Male,50,5,188395.61,2,1,1,32572.92,0
660.0,Spain,Female,36,1,178149.07,1,0,1,121526.07,0
430.0,France,Female,37,4,113649.18,1,1,1,76344.39,0
847.0,France,Female,54,5,0.0,1,1,0,112534.15,1
731.0,France,Male,49,4,22895.58,2,0,0,175393.95,0
548.0,France,Male,35,5,103209.33,2,1,0,134410.25,1
705.0,France,Female,66,10,0.0,1,1,1,54536.81,0
704.0,France,Female,27,10,0.0,1,1,1,176794.05,0
616.0,Germany,Female,48,0,0.0,1,1,0,73408.36,1
649.0,Spain,Female,27,0,0.0,1,0,1,899.09,0
484.0,Germany,Female,27,9,71440.02,2,0,1,168949.42,0
672.0,Spain,Male,34,6,31205.8,1,1,1,172370.4,0
763.0,Spain,Male,30,3,0.0,1,1,1,38233.68,0
682.0,France,Male,38,3,0.0,2,1,0,110239.91,0
639.0,France,Female,39,9,72939.97,1,0,0,54074.95,0
568.0,France,Female,46,3,3130.53,1,0,1,35932.18,0
623.0,France,Female,28,8,175412.68,1,1,1,69330.6,0
576.0,Germany,Female,46,6,105861.09,2,1,0,198627.16,1
718.0,Germany,Male,22,8,57352.37,2,1,0,97812.69,0
701.0,France,Male,54,5,0.0,1,1,0,1390.9,0
563.0,France,Female,44,1,6646.71,1,1,1,59331.1,0
758.0,France,Female,50,7,256364.35,1,1,1,196560.81,0
552.0,Germany,Female,53,3,32315.16,1,1,1,160440.81,0
402.0,France,Female,42,1,159443.68,2,1,1,107740.89,0
743.0,France,Female,57,4,106561.33,1,1,1,121411.53,0
447.0,Spain,Male,25,0,0.0,1,0,0,33962.71,0
612.0,Spain,Female,30,8,0.0,2,1,0,115072.78,0
744.0,Germany,Female,28,10,0.0,2,1,1,90460.87,0
663.0,France,Male,36,2,68680.51,2,1,0,130654.58,0
662.0,France,Female,38,2,99604.42,2,1,1,183989.7,0
586.0,Spain,Male,37,9,47066.8,2,1,0,159486.39,0
507.0,France,Female,23,4,0.0,2,0,1,32873.55,0
415.0,France,Female,42,0,0.0,2,0,1,99762.04,0
647.0,France,Male,34,10,140700.48,1,1,0,62224.75,0
850.0,Germany,Female,47,10,9845.0,1,1,0,141307.9,1
637.0,Spain,Male,43,8,0.0,1,0,1,90354.85,0
737.0,Spain,Male,39,7,108026.16,3,1,0,32513.38,1
743.0,Spain,Female,29,5,132425.09,2,1,0,129631.03,0
547.0,Spain,Female,30,7,96726.94,1,0,1,180505.99,0
647.0,Germany,Male,35,10,81249.48,2,1,1,73250.96,0
795.0,Germany,Male,33,5,115234.94,1,1,1,100361.59,0
667.0,Spain,Female,46,1,236702.99,1,0,1,34245.23,0
673.0,France,Male,39,5,59132.36,2,1,1,81663.3,0
682.0,Spain,Female,54,3,3235.22,2,1,1,14450.3,0
730.0,France,Female,36,1,0.0,2,0,1,172385.07,1
619.0,Germany,Male,58,7,0.0,1,1,0,171492.99,0
665.0,France,Female,31,1,46960.96,2,1,1,103043.88,0
629.0,Spain,Female,51,2,0.0,2,0,0,179677.95,0
707.0,France,Male,24,2,0.0,1,1,0,141149.6,0
752.0,France,Male,42,5,0.0,2,0,0,33533.28,0
693.0,Germany,Male,33,10,152617.35,1,1,1,40159.84,0
767.0,Spain,Male,18,6,50758.76,2,1,1,8122.59,0
673.0,France,Female,38,5,125532.18,2,1,0,188627.03,0
693.0,Spain,Female,41,8,16637.39,1,1,0,124434.08,0
665.0,France,Female,33,10,166585.41,1,1,1,13456.89,0
805.0,Spain,Male,46,2,51392.57,1,1,0,46521.69,0
596.0,France,Male,29,6,91725.44,2,0,0,122427.63,0
611.0,Spain,Male,45,1,56327.21,1,0,1,140328.3,0
638.0,France,Female,19,5,124442.71,2,1,1,127218.75,0
799.0,Germany,Male,18,6,124877.1,2,1,0,168467.36,0
620.0,France,Male,36,6,4004.33,1,0,0,41930.93,1
765.0,Germany,Male,57,10,0.0,1,1,1,51158.28,0
527.0,Spain,Male,44,4,66315.39,3,0,1,83849.67,0
573.0,Spain,Female,45,4,0.0,2,0,0,9422.75,0
582.0,France,Male,41,9,33061.83,1,1,0,14578.02,0
699.0,France,Female,30,2,0.0,1,1,0,17440.04,0
585.0,France,Male,42,2,0.0,1,1,1,127321.34,0
662.0,Spain,Male,51,9,0.0,1,1,0,141084.1,0
782.0,Germany,Female,49,3,92329.94,2,1,1,11432.49,0
812.0,Germany,Male,31,4,68646.22,1,1,1,22376.33,0
689.0,Spain,Female,35,0,85123.82,2,0,1,175286.87,0
846.0,Spain,Male,31,3,0.0,1,1,0,11164.06,0
687.0,France,Female,48,5,0.0,2,0,1,150713.38,1
448.0,Spain,Female,55,10,0.0,1,1,0,114564.83,0
692.0,Spain,Male,51,2,0.0,1,1,0,180839.83,0
674.0,Germany,Female,49,0,0.0,2,1,0,188828.9,1
607.0,Germany,Female,32,4,0.0,1,1,1,156913.37,0
645.0,Spain,Female,28,2,157658.38,2,0,0,15074.65,0
850.0,Spain,Male,64,2,0.0,2,1,1,88477.16,1
496.0,Germany,Male,35,0,0.0,2,1,1,97855.31,0
549.0,France,Male,29,9,0.0,3,1,1,52690.09,1
743.0,Germany,Female,51,1,0.0,2,1,1,173.72,1
547.0,Spain,Male,26,9,0.0,2,1,1,81700.61,0
477.0,Germany,Female,35,1,0.0,1,1,1,197154.53,0
635.0,Spain,Male,49,10,0.0,1,1,0,29870.11,0
827.0,Germany,Male,30,10,0.0,2,0,0,142605.18,1
547.0,Spain,Female,56,5,78089.54,1,1,0,142520.29,1
684.0,France,Female,57,4,0.0,1,1,0,112970.35,0
553.0,France,Male,33,3,109737.34,1,1,0,98296.26,1
639.0,France,Male,58,7,0.0,2,1,1,100119.59,0
583.0,France,Male,23,4,92918.59,2,0,1,71004.68,0
584.0,France,Female,58,10,64452.68,2,0,0,39347.57,1
397.0,Germany,Female,44,3,76807.43,2,1,0,15731.24,0
724.0,France,Male,25,5,0.0,2,0,0,120742.78,0
680.0,Germany,Male,43,9,0.0,3,1,0,58475.45,1
620.0,Spain,Female,44,9,0.0,2,0,0,42423.47,0
699.0,France,Female,18,6,0.0,1,1,1,110190.47,0
615.0,Spain,Male,42,0,150580.42,1,1,0,186433.87,0
640.0,France,Female,50,1,43871.0,1,0,1,115075.19,1
664.0,Germany,Female,42,5,0.0,2,1,1,49626.22,0
606.0,France,Male,39,7,0.0,1,0,1,32595.77,0
681.0,Germany,Male,27,8,113274.77,1,1,0,39875.6,0
697.0,Germany,Female,31,4,96032.03,2,0,1,162043.1,0
709.0,Germany,Male,43,7,208658.43,2,1,1,191114.3,0
643.0,France,Female,53,5,195430.62,2,0,0,23434.8,0
694.0,France,Female,18,4,0.0,2,1,1,16325.3,0
634.0,France,Male,48,9,0.0,1,1,1,164203.24,0
591.0,Spain,Male,20,1,0.0,1,0,1,193100.73,0
675.0,Spain,Male,31,2,0.0,1,1,0,102974.13,0
659.0,France,Male,48,3,110085.2,2,0,1,191731.42,0
722.0,Spain,Female,41,6,136949.56,1,1,0,13467.03,0
645.0,France,Male,39,4,9686.98,1,1,1,141469.4,0
427.0,Spain,Female,41,8,0.0,1,0,1,38023.05,1
654.0,France,Female,27,3,135480.65,2,0,1,20526.65,0
619.0,Germany,Male,54,7,61224.77,2,1,0,148788.7,0
639.0,France,Male,39,10,160241.16,2,1,1,28390.18,0
706.0,France,Male,22,2,37504.18,2,1,0,124897.53,0
670.0,France,Male,53,7,155020.08,2,1,0,174178.54,1
562.0,Germany,Male,30,5,192785.44,3,1,1,50918.93,1
713.0,France,Female,61,3,96577.2,2,0,1,20513.53,0
648.0,Germany,Female,34,6,0.0,2,1,1,136096.24,0
752.0,France,Male,42,7,60516.4,2,0,1,81609.82,0
788.0,France,Female,48,8,0.0,1,1,1,16232.58,0
668.0,Spain,Female,26,7,0.0,1,1,1,110703.4,0
650.0,France,Female,39,8,31566.24,2,1,1,57927.71,0
629.0,France,Male,32,5,0.0,2,1,0,118656.94,1
753.0,France,Female,34,4,0.0,2,0,1,61062.71,0
494.0,France,Female,35,10,13559.64,1,1,1,9648.68,0
850.0,France,Male,25,7,0.0,2,1,1,130146.05,0
580.0,Spain,Male,27,3,166237.22,4,1,1,159105.72,1
582.0,Germany,Male,45,6,0.0,2,1,1,1605.27,1
584.0,France,Female,47,4,98816.18,1,1,1,48334.78,0
650.0,France,Male,38,4,36449.08,1,1,1,1998.58,0
476.0,France,Female,53,9,69640.24,2,1,1,138861.37,0
544.0,Germany,Male,48,5,8179.08,2,0,1,182801.01,0
564.0,France,Male,37,7,0.0,1,1,0,133804.92,1
628.0,France,Male,30,4,106287.68,2,1,1,48423.13,0
649.0,France,Male,35,0,0.0,1,1,0,112588.34,1
715.0,France,Female,54,7,93652.35,1,1,1,7364.57,1
606.0,France,Female,39,6,0.0,1,1,0,105714.84,0
755.0,Germany,Female,40,2,90004.47,1,1,1,159134.76,1
616.0,Spain,Male,50,7,0.0,1,1,1,190282.99,0
601.0,France,Male,39,2,175341.48,2,1,0,72443.02,1
449.0,Spain,Female,34,1,117832.7,1,1,0,61194.0,0
642.0,France,Female,43,5,0.0,1,0,0,93048.63,0
583.0,Germany,Male,34,0,190928.99,2,1,1,172269.33,0
654.0,France,Female,38,0,0.0,2,1,1,44722.33,0
738.0,France,Female,54,7,53909.75,1,1,1,115494.35,0
614.0,Spain,Male,29,0,0.0,2,1,1,195845.59,0
698.0,Germany,Female,47,10,0.0,1,0,0,153047.24,0
424.0,France,Female,38,0,0.0,2,0,1,52705.1,0
570.0,France,Female,22,8,23528.17,2,1,0,38685.19,0
616.0,France,Female,18,7,110921.93,1,1,0,75721.53,0
544.0,France,Female,33,5,46861.24,1,1,1,66733.47,0
731.0,France,Female,20,8,0.0,2,0,0,36437.3,0
697.0,France,Male,20,2,134283.55,1,1,0,192691.43,1
573.0,France,Female,31,6,61225.7,2,1,0,64032.97,0
661.0,Germany,Male,21,9,108755.5,1,1,0,15682.29,0
597.0,Spain,Female,35,1,0.0,2,1,1,45239.71,0
597.0,France,Female,46,5,0.0,1,0,1,7307.87,0
727.0,France,Female,47,9,28058.16,2,1,0,72362.47,0
657.0,France,Male,43,3,126764.93,1,1,1,156615.24,0
516.0,Germany,Male,24,2,26005.82,1,1,1,197971.4,1
611.0,France,Female,41,1,0.0,2,1,1,55529.34,0
483.0,Spain,Male,45,6,9905.72,2,1,1,59964.38,1
763.0,Germany,Male,36,1,92096.72,1,1,1,142805.32,0
660.0,Germany,Male,36,9,0.0,2,0,1,152371.66,0
588.0,Germany,Female,27,10,179318.46,2,1,0,153118.79,0
621.0,France,Female,45,2,35584.41,3,0,1,83112.97,0
769.0,Spain,Female,56,7,31755.21,2,1,1,148911.13,0
539.0,France,Male,29,1,130488.62,4,1,0,30214.11,1
614.0,France,Female,34,0,0.0,1,0,1,196445.03,0
643.0,France,Female,44,8,0.0,1,0,1,189464.08,0
535.0,Spain,Male,37,7,99470.59,1,1,1,85832.71,0
625.0,France,Male,33,9,0.0,2,1,0,135836.6,0
745.0,France,Female,49,2,86531.07,2,0,1,17272.71,0
595.0,Spain,Male,39,7,0.0,1,1,0,165208.21,0
568.0,France,Female,23,4,100776.7,2,1,0,149518.22,0
710.0,Germany,Male,24,6,102121.82,1,0,0,118825.17,0
623.0,France,Male,38,6,0.0,1,0,1,35233.12,0
705.0,Spain,Female,43,0,151471.61,1,0,0,196219.63,1
632.0,France,Female,54,0,0.0,1,0,1,154536.24,0
764.0,Germany,Female,40,1,48371.97,1,1,1,102870.39,0
798.0,Germany,Male,39,1,202972.1,1,1,1,72868.43,0
674.0,Germany,Female,55,6,125591.01,2,0,0,170671.71,0
598.0,France,Female,65,7,21393.81,2,1,1,191581.58,0
676.0,Germany,Female,38,0,150088.01,2,1,0,186154.73,1
628.0,Germany,Male,37,1,0.0,2,0,0,60178.69,0
782.0,Spain,Female,61,2,238767.32,1,1,0,189019.57,0
609.0,Spain,Female,40,7,153335.33,1,0,1,144180.9,0
850.0,Spain,Male,32,7,141666.39,1,1,1,194003.89,0
797.0,France,Male,21,1,97955.61,1,1,0,191715.01,0
698.0,Germany,Male,39,1,53152.94,2,1,0,165845.65,1
777.0,Germany,Male,36,1,0.0,1,1,1,26933.35,0
731.0,France,Male,37,8,55331.22,1,0,0,157524.26,0
734.0,France,Male,57,10,164623.73,2,1,1,76805.1,0
655.0,Germany,Male,56,5,0.0,1,1,0,46334.06,0
736.0,France,Male,33,4,4551.41,2,0,1,187137.19,0
634.0,France,Female,26,8,191485.13,2,1,1,116878.19,1
620.0,France,Female,32,0,104780.07,1,0,1,74861.16,0
611.0,Germany,Female,35,3,72863.77,2,1,1,160040.18,0
579.0,Germany,Female,35,7,0.0,1,1,0,183649.82,0
648.0,Germany,Male,31,8,139251.96,2,1,1,27522.29,0
679.0,France,Male,48,8,0.0,1,1,0,62039.66,1
616.0,France,Female,29,8,0.0,1,1,1,31538.91,0
558.0,Germany,Female,21,1,198284.65,1,1,0,72788.83,1
782.0,France,Male,33,10,96048.04,2,0,1,99968.75,0
350.0,Germany,Female,39,2,0.0,1,1,0,174844.87,1
602.0,France,Male,23,6,0.0,1,1,1,35000.24,0
675.0,France,Female,42,1,0.0,2,1,0,124978.34,0
722.0,Spain,Female,47,5,0.0,2,1,0,81957.13,0
693.0,Spain,Male,40,9,0.0,2,1,1,157153.96,0
626.0,France,Male,23,10,112292.77,1,1,0,65979.46,0
634.0,France,Male,35,8,0.0,1,1,0,112428.47,0
578.0,France,Male,20,0,92026.13,2,1,0,8759.23,0
607.0,Spain,Male,39,4,0.0,2,1,0,34171.73,1
744.0,France,Female,31,10,58417.63,1,1,1,89769.33,0
587.0,France,Female,45,2,57695.0,1,1,0,170922.05,1
718.0,France,Male,21,9,127933.48,1,1,1,98499.41,0
664.0,France,Male,46,1,75643.27,1,1,0,185233.13,0
652.0,France,Female,54,2,172112.58,2,0,1,28535.01,0
579.0,France,Female,42,1,0.0,3,1,0,82540.67,1
724.0,Germany,Male,37,0,0.0,1,0,0,170344.31,0
636.0,Germany,Male,40,1,64773.08,2,1,1,91428.48,0
798.0,Spain,Male,18,7,0.0,2,1,0,195690.49,0
645.0,France,Female,32,5,126383.86,2,1,1,174376.24,1
659.0,Spain,Female,23,8,35903.49,2,1,1,199425.79,0
530.0,Germany,Female,36,7,6741.49,2,1,0,85723.67,1
544.0,France,Female,32,10,0.0,1,1,0,18264.96,0
790.0,France,Female,44,9,0.0,1,0,0,154031.44,0
556.0,France,Female,51,9,0.0,4,1,1,66627.34,1
626.0,France,Male,27,10,0.0,2,0,1,170943.1,0
842.0,Germany,Male,35,8,61825.25,2,1,1,45693.27,0
753.0,Spain,Female,50,8,81393.08,1,0,1,157465.53,0
661.0,France,Female,46,9,3620.39,4,1,1,180575.63,0
548.0,Germany,Male,22,9,64611.98,2,0,0,166532.7,1
596.0,France,Female,39,3,0.0,2,1,1,156983.17,0
674.0,France,Male,36,10,40667.83,1,1,0,174851.06,0
562.0,France,Male,43,10,9295.15,1,0,0,119136.3,0
572.0,France,Male,49,8,121111.79,2,1,1,7232.13,0
609.0,France,Male,51,5,130911.92,1,1,0,58437.9,1
559.0,France,Male,34,5,0.0,2,1,0,83369.36,1
806.0,France,Female,58,2,162885.28,3,0,0,8283.98,1
738.0,Germany,Female,22,10,0.0,4,0,0,196815.11,1
549.0,France,Female,63,0,91878.08,1,0,0,147537.98,0
539.0,France,Female,41,5,83380.04,2,1,0,36032.97,1
579.0,France,Female,42,5,0.0,1,0,1,26834.75,0
810.0,France,Female,47,9,0.0,1,1,0,106233.57,1
669.0,France,Female,51,8,497.91,2,0,0,126868.43,0
753.0,France,Male,30,6,75078.31,2,0,1,157530.77,0
720.0,Germany,Male,27,5,89406.64,2,1,1,21992.75,0
546.0,France,Male,53,9,139567.32,2,0,0,88953.85,0
550.0,Germany,Male,48,7,0.0,2,0,0,150183.53,0
587.0,Spain,Male,26,3,100643.2,1,1,0,118067.36,0
846.0,Germany,Male,30,5,0.0,1,1,1,106707.14,0
647.0,France,Female,49,0,35414.98,1,1,1,21553.07,0
850.0,Spain,Female,41,0,58884.63,2,1,0,17326.4,0
510.0,Spain,Female,30,0,0.0,2,1,1,160479.08,0
691.0,Germany,Female,31,1,60461.17,2,1,0,100452.81,0
704.0,France,Female,46,8,144981.01,1,1,0,170516.05,0
651.0,France,Male,38,2,0.0,2,0,0,142548.32,1
698.0,France,Male,25,6,9033.34,2,1,0,134583.17,0
486.0,France,Female,33,4,0.0,1,1,0,44468.96,0
659.0,Germany,Male,46,8,128466.18,4,0,1,137760.96,1
529.0,Spain,Male,42,10,95270.18,1,0,0,57722.17,1
470.0,Germany,Male,47,9,0.0,2,1,0,161946.0,1
850.0,France,Female,32,2,119356.23,2,0,0,13062.69,0
699.0,Spain,Male,45,5,181174.93,1,0,1,181232.47,0
670.0,Germany,Male,30,4,0.0,1,1,1,27846.87,0
702.0,Germany,Male,42,10,0.0,4,1,0,34423.81,1
500.0,France,Male,38,3,6017.4,2,1,1,156015.23,0
485.0,France,Female,47,6,0.0,2,1,0,85807.09,0
850.0,Spain,Male,39,10,0.0,1,1,1,146566.41,0
350.0,France,Male,33,2,0.0,1,0,1,165227.82,0
754.0,France,Male,45,7,21326.2,2,1,0,168876.63,1
792.0,Germany,Female,26,0,90325.96,2,1,1,121486.92,0
724.0,Germany,Female,38,2,74751.44,1,1,0,174828.34,0
578.0,France,Male,22,5,0.0,2,1,1,13112.78,0
753.0,Germany,Male,18,5,134489.29,1,0,1,15728.26,0
640.0,Spain,Female,40,1,137836.73,1,1,0,155404.29,0
716.0,France,Female,46,7,140636.52,2,1,0,165811.86,0
568.0,Spain,Female,18,2,126125.17,2,0,1,190002.72,0
522.0,France,Female,51,8,0.0,1,1,1,108648.23,0
705.0,France,Male,44,6,883.87,1,1,1,188537.51,0
812.0,France,Female,34,8,0.0,1,1,1,136355.08,0
685.0,France,Male,55,0,195033.41,2,1,1,54484.02,1
604.0,France,Female,47,2,44933.22,2,1,1,83781.56,0
777.0,France,Female,41,8,80461.52,2,1,1,99250.22,0
657.0,Spain,Female,38,9,0.0,1,1,0,17338.59,0
526.0,Germany,Male,35,0,226363.08,1,1,0,162676.9,1
634.0,France,Male,43,3,97000.69,1,1,1,50935.72,1
676.0,Spain,Female,30,8,0.0,2,0,1,18580.17,0
733.0,France,Male,23,9,28712.65,1,0,0,135813.0,0
765.0,Spain,Female,26,3,132350.64,1,0,1,35894.03,0
727.0,France,Male,51,10,37549.32,2,0,0,193536.76,0
565.0,Spain,Male,31,6,147366.87,1,1,1,189221.34,0
512.0,Spain,Male,36,5,123467.3,1,1,1,170749.38,0
615.0,France,Male,29,10,94791.96,2,1,1,147050.36,0
495.0,Germany,Male,26,3,52968.49,1,1,0,99420.93,0
623.0,Germany,Male,46,0,0.0,2,1,1,68918.25,0
756.0,France,Male,43,9,0.0,1,1,0,64457.99,0
671.0,France,Female,47,9,0.0,1,1,0,149123.17,1
627.0,France,Male,26,0,75630.14,1,0,0,159748.4,0
454.0,Spain,Male,37,3,9385.97,2,1,0,62697.81,0
525.0,France,Female,50,10,0.0,2,1,1,131280.97,0
809.0,Spain,Female,61,0,0.0,1,1,1,176072.36,0
647.0,Germany,Female,35,8,128791.49,1,0,0,50135.26,0
519.0,France,Female,31,6,110287.8,1,0,0,48298.42,0
642.0,France,Female,38,10,126341.12,1,1,1,48833.67,0
816.0,France,Male,44,6,0.0,2,1,0,157692.77,0
721.0,France,Female,33,5,0.0,2,1,1,139416.93,0
573.0,France,Female,44,6,115437.92,2,1,0,67105.2,0
804.0,France,Male,45,5,107033.15,1,0,0,47659.65,0
632.0,Spain,Female,28,10,0.0,2,1,1,13846.92,0
653.0,Spain,Male,50,2,69036.05,2,1,0,167986.38,0
612.0,Spain,Female,42,0,0.0,1,1,0,26271.2,0
616.0,Germany,Female,26,2,0.0,2,1,0,133428.73,1
588.0,France,Male,48,9,0.0,1,1,1,157678.02,0
770.0,France,Female,34,4,0.0,2,1,0,136288.13,0
819.0,France,Female,40,2,0.0,1,1,1,184643.84,0
770.0,France,Female,45,0,233839.45,2,0,0,108057.84,1
705.0,Spain,Female,55,2,0.0,1,1,1,105235.47,0
483.0,Germany,Male,48,2,18876.2,1,0,0,178365.57,0
483.0,France,Female,37,9,149804.29,2,0,1,100666.14,1
671.0,Germany,Female,48,0,0.0,1,1,1,162129.24,0
721.0,France,Female,30,7,0.0,1,0,0,56549.71,0
582.0,Germany,Female,50,1,0.0,2,0,1,20810.03,0
737.0,Germany,Male,38,4,0.0,2,0,0,8158.65,0
598.0,Germany,Male,30,6,109508.11,1,0,0,20123.87,0
729.0,France,Male,50,3,0.0,2,0,0,92082.13,0
715.0,Spain,Female,43,7,0.0,2,1,0,135292.31,0
645.0,France,Female,40,8,33144.75,1,1,1,66425.69,0
582.0,France,Male,25,0,106262.2,2,0,0,131206.46,0
752.0,France,Male,42,6,59067.19,2,1,1,131887.39,0
703.0,France,Male,49,7,14058.61,1,1,1,62125.23,0
764.0,France,Male,27,8,136838.99,1,1,1,61719.84,0
787.0,France,Male,39,3,0.0,2,0,0,98210.56,0
571.0,Germany,Female,32,6,0.0,1,1,1,190715.48,0
558.0,France,Male,55,4,102583.39,1,1,1,180839.58,0
427.0,Spain,Male,32,5,216024.09,2,1,0,27001.59,0
671.0,Spain,Female,39,1,186986.17,2,0,1,9608.1,0
567.0,France,Female,31,0,231567.46,2,0,0,13712.92,1
850.0,Germany,Female,42,5,77180.67,2,1,1,76069.15,0
518.0,France,Male,21,10,103950.72,2,0,0,98736.2,0
631.0,France,Male,48,1,39316.38,1,1,1,196413.59,0
692.0,Spain,Male,23,7,30303.14,2,1,1,137782.77,0
585.0,Spain,Female,52,3,0.0,2,1,1,91019.95,0
446.0,Spain,Female,27,6,111572.25,1,1,0,78303.34,0
558.0,Spain,Female,57,8,145846.33,1,1,1,169336.56,0
649.0,Germany,Male,47,7,50222.98,2,1,1,23895.88,0
658.0,Germany,Male,32,0,11644.36,1,1,1,40440.43,0
537.0,France,Male,50,2,0.0,1,1,0,52481.61,0
678.0,France,Male,36,10,179007.79,1,1,1,98917.09,0
582.0,France,Female,27,9,0.0,2,1,0,143382.83,0
503.0,Spain,Female,34,8,26400.89,2,0,1,68494.17,1
714.0,France,Female,22,0,155739.4,1,1,0,49644.58,1
695.0,France,Female,44,5,112641.18,1,0,0,126818.5,0
583.0,Spain,Female,47,4,0.0,1,1,1,161623.5,0
778.0,France,Female,22,6,0.0,1,1,1,101102.56,0
610.0,Spain,Female,30,8,128918.31,2,1,1,136674.47,0
617.0,Germany,Male,49,10,0.0,2,1,0,107406.04,0
752.0,France,Female,18,7,0.0,1,1,1,176201.15,0
566.0,Spain,Female,29,4,104820.23,1,1,1,123500.94,0
557.0,France,Female,34,3,0.0,1,1,0,94265.35,0
650.0,France,Female,32,6,0.0,2,0,0,172028.03,0
633.0,France,Female,33,7,250791.51,2,1,1,113395.66,1
542.0,Germany,Male,40,6,19907.08,2,1,0,82492.98,0
434.0,Spain,Female,18,8,75379.94,1,0,0,20048.56,0
652.0,France,Female,42,5,66431.72,2,1,0,118366.23,0
552.0,France,Male,43,10,79342.77,1,0,1,16837.95,0
722.0,Spain,Female,18,10,0.0,2,0,0,131685.82,0
690.0,Germany,Female,55,1,124661.05,2,1,0,141560.93,0
512.0,France,Male,41,10,0.0,1,1,0,163642.01,0
665.0,France,Male,24,4,192933.0,2,1,1,199607.94,0
633.0,France,Male,50,3,164154.62,1,1,0,86439.81,1
531.0,France,Male,48,4,128478.5,2,1,0,19031.23,0
676.0,France,Male,52,6,46990.37,1,1,0,26445.69,0
791.0,France,Female,42,2,33405.08,1,1,1,125918.78,0
552.0,Spain,Male,23,9,39439.06,2,0,0,37696.3,0
611.0,France,Female,58,7,0.0,1,1,1,174020.49,0
593.0,France,Female,38,2,76093.85,1,1,0,100441.34,0
466.0,France,Female,54,8,0.0,1,1,1,20284.5,0
616.0,France,Female,22,1,73617.13,2,1,1,911.43,0
697.0,Spain,Female,44,10,0.0,3,0,1,36505.86,1
373.0,Germany,Female,49,1,193178.17,1,1,0,184317.63,1
672.0,France,Male,42,9,149313.62,2,1,1,131646.43,0
605.0,France,Female,41,2,140990.25,1,1,0,97511.03,0
775.0,Spain,Male,34,10,182708.98,1,0,1,35646.26,0
659.0,Germany,Male,29,8,47531.17,2,1,0,2661.48,0
569.0,Germany,Male,48,10,0.0,1,1,0,47762.71,0
738.0,Germany,Male,19,9,127339.52,2,1,1,65693.75,0
602.0,France,Male,37,1,146287.09,1,1,1,194702.03,0
708.0,France,Female,25,10,0.0,1,1,1,83014.43,0
730.0,France,Male,32,4,61655.91,2,1,0,161243.37,1
803.0,France,Female,35,2,22157.77,2,1,1,194665.85,0
630.0,France,Female,42,8,84314.74,1,0,0,182158.2,0
634.0,France,Male,24,10,120550.88,1,1,0,104228.46,0
662.0,France,Female,33,10,72653.01,2,0,1,121805.44,0
584.0,Spain,Male,33,1,98577.36,2,0,0,149930.52,0
629.0,Spain,Male,38,9,0.0,1,0,1,146917.67,0
584.0,Spain,Female,26,3,0.0,2,0,1,172460.12,0
578.0,France,Male,42,9,0.0,1,1,0,49753.08,1
627.0,France,Female,38,1,0.0,3,1,0,186921.99,1
686.0,Spain,Female,52,0,0.0,1,1,0,139257.14,0
737.0,France,Female,33,3,99251.47,2,1,0,131771.81,0
688.0,France,Male,49,0,0.0,2,1,0,99415.82,1
599.0,France,Female,31,2,0.0,1,1,0,152820.97,1
571.0,France,Male,57,10,51038.65,2,1,0,30342.37,1
645.0,France,Male,38,3,207440.69,3,1,1,34048.24,1
800.0,France,Male,32,10,12331.29,1,0,1,171064.44,0
850.0,France,Male,24,7,207689.67,1,1,0,13929.0,0
741.0,Germany,Male,23,5,0.0,1,1,1,199727.16,0
641.0,Spain,Male,46,2,0.0,2,1,0,121432.15,0
561.0,France,Male,44,4,0.0,1,1,0,19849.48,0
677.0,France,Male,22,2,0.0,1,0,1,140187.83,0
678.0,Germany,Male,39,1,0.0,1,1,0,183141.21,0
724.0,France,Male,47,9,0.0,2,1,1,17605.16,0
701.0,Spain,Female,29,5,141448.69,1,1,0,198397.7,1
575.0,Spain,Female,34,2,0.0,1,0,1,148618.07,0
639.0,Germany,Female,38,4,192515.83,2,1,0,6235.21,1
774.0,Germany,Female,35,9,74852.02,1,0,0,162968.82,0
749.0,Germany,Female,23,1,0.0,1,0,1,55468.69,0
579.0,France,Female,28,9,0.0,2,0,0,19951.89,1
819.0,Germany,Female,44,6,0.0,1,0,1,55167.79,1
818.0,France,Female,24,3,173268.15,2,1,1,74776.71,0
686.0,France,Female,33,6,65045.15,1,0,1,143710.58,0
601.0,Spain,Male,22,5,0.0,1,1,0,86305.86,1
850.0,France,Male,33,9,0.0,4,0,1,123648.07,0
850.0,Spain,Male,44,6,0.0,1,1,0,100442.43,0
605.0,Spain,Female,24,3,57332.87,1,0,0,198428.2,0
648.0,France,Male,25,2,175647.96,1,1,0,44461.28,0
619.0,France,Male,50,0,0.0,1,1,0,24367.14,0
796.0,France,Male,34,8,151072.85,2,0,1,81920.17,1
753.0,France,Male,33,0,97539.75,1,1,1,177360.56,0
674.0,France,Male,39,0,108701.58,1,1,1,149943.68,0
644.0,France,Female,36,0,842.6,2,1,1,127058.59,0
787.0,France,Male,24,3,153470.41,1,0,0,168046.06,0
657.0,Spain,Female,25,6,180162.99,1,0,0,55121.57,0
624.0,Germany,Female,54,7,31609.93,2,1,1,23960.16,0
850.0,Spain,Male,46,0,158348.53,1,0,1,151761.65,0
583.0,France,Female,34,5,60578.28,2,0,1,122819.39,0
515.0,Germany,Male,39,0,89582.19,1,0,1,23537.0,0
677.0,France,Male,37,1,22607.43,1,0,1,56146.23,0
641.0,France,Male,29,8,15668.4,1,1,1,137155.56,0
636.0,Germany,Male,47,0,0.0,2,1,1,86151.18,0
613.0,France,Male,38,4,0.0,2,1,1,161243.32,0
701.0,Spain,Male,24,3,0.0,2,1,1,151070.43,0
674.0,Spain,Female,48,3,0.0,2,1,0,39515.91,1
798.0,Spain,Male,40,3,195257.12,1,1,0,94754.45,0
497.0,Germany,Male,38,8,61544.8,2,1,1,138860.13,0
778.0,France,Female,53,3,207477.41,1,0,0,99134.89,1
691.0,Spain,Female,26,3,103553.2,1,0,0,127674.44,1
556.0,France,Female,47,1,73776.51,2,1,0,57621.1,0
746.0,France,Male,29,5,87119.62,1,0,1,112531.4,0
593.0,France,Female,44,6,84619.41,2,1,0,40883.56,0
697.0,France,Male,40,5,0.0,2,1,0,72783.69,0
773.0,Spain,Female,18,9,120817.16,1,1,1,66826.17,0
528.0,Germany,Female,40,5,112889.54,1,0,0,167558.41,1
850.0,Spain,Female,37,0,0.0,1,0,1,138959.41,0
633.0,Germany,Male,41,10,127732.48,1,1,0,110700.93,1
500.0,Spain,Female,23,4,122806.98,1,1,1,156477.42,0
609.0,France,Male,42,6,7959.97,2,1,0,137232.75,0
717.0,Spain,Male,34,6,121354.56,1,1,1,154151.14,0
620.0,Spain,Male,18,6,57562.27,1,0,1,18136.85,0
709.0,France,Female,42,8,132085.96,1,0,1,103865.21,0
850.0,Spain,Male,39,5,38336.26,2,1,0,146029.67,0
837.0,Spain,Female,39,0,111956.18,2,0,1,98521.31,0
607.0,France,Male,39,6,0.0,2,1,0,40530.27,0
688.0,Germany,Female,47,0,185109.99,2,1,0,94524.96,1
638.0,France,Female,18,4,0.0,1,0,1,13633.15,0
628.0,France,Female,51,5,131271.66,1,1,1,13884.41,0
730.0,Germany,Female,41,1,140022.83,2,1,1,180283.41,0
534.0,Spain,Male,32,7,132417.34,2,0,1,160063.75,0
600.0,Spain,Female,42,0,92683.14,3,1,0,91692.09,1
609.0,France,Female,31,1,85291.89,2,1,1,191086.94,0
656.0,France,Female,29,9,63523.72,1,1,1,52163.81,0
624.0,Germany,Male,41,10,0.0,2,1,0,135584.18,1
834.0,Germany,Male,47,7,0.0,1,0,0,48570.59,0
714.0,France,Female,26,9,0.0,2,0,0,9707.28,0
832.0,France,Female,46,4,100882.88,2,1,0,19202.34,0
583.0,France,Female,35,1,150723.37,2,1,1,80497.78,1
840.0,France,Male,32,0,0.0,2,1,1,89204.96,0
712.0,Germany,Male,39,6,166060.67,1,1,1,29789.98,0
760.0,Germany,Male,36,1,0.0,1,1,0,75192.24,0
615.0,France,Male,64,0,0.0,1,1,0,178644.9,1
544.0,Germany,Female,37,2,0.0,1,0,1,90423.66,0
542.0,France,Male,32,8,0.0,2,1,1,52838.67,0
701.0,Germany,Female,18,9,0.0,1,1,0,92146.05,0
679.0,Germany,Male,25,3,180347.35,2,1,0,69864.07,1
498.0,France,Female,57,5,159320.86,1,1,1,51023.5,0
535.0,France,Female,38,10,129666.87,2,1,1,110632.07,0
574.0,France,Female,35,3,47882.09,1,1,0,2610.42,0
850.0,Germany,Female,60,6,76521.21,2,0,1,164980.08,0
585.0,Germany,Male,38,2,126390.95,2,1,0,130715.19,0
601.0,France,Female,38,9,113346.14,2,1,1,16851.79,0
601.0,Spain,Female,47,2,72036.15,2,1,0,134114.81,0
596.0,France,Female,33,2,76815.39,2,1,1,152938.51,0
598.0,France,Female,41,3,0.0,2,0,0,63752.68,0
757.0,Germany,Male,40,5,8594.7,2,1,0,185446.88,1
652.0,Germany,Male,41,7,39759.0,1,1,1,76178.09,0
628.0,France,Female,19,3,0.0,2,0,0,191434.6,0
710.0,Spain,Female,39,4,63919.49,2,1,0,60446.54,1
427.0,Germany,Female,53,0,28416.47,1,0,0,45726.42,0
675.0,France,Female,46,9,17993.54,1,1,0,112503.26,0
641.0,France,Male,46,2,88508.15,1,0,1,54842.36,0
595.0,Germany,Male,38,1,88364.23,1,1,0,45107.22,0
850.0,France,Female,33,1,89189.16,1,1,1,167217.23,0
551.0,Spain,Male,23,8,44936.04,1,1,1,30216.54,0
681.0,Spain,Female,40,7,0.0,1,1,0,140715.58,0
653.0,France,Female,36,8,0.0,1,1,0,155198.78,1
561.0,Germany,Female,27,4,37732.71,1,1,1,159659.37,0
470.0,Germany,Female,45,4,35135.55,1,1,1,50949.17,0
732.0,Spain,Female,32,0,0.0,2,0,1,20446.41,0
655.0,France,Female,49,10,0.0,1,1,0,47362.34,0
749.0,Germany,Female,45,6,0.0,1,1,0,174351.37,1
779.0,Spain,Male,39,5,0.0,2,1,0,13930.63,0
668.0,Spain,Male,25,2,0.0,1,0,0,161482.22,0
601.0,France,Male,43,8,0.0,1,0,0,183200.01,1
725.0,Germany,Male,39,0,20345.76,2,1,1,190236.89,0
614.0,France,Male,37,2,0.0,1,1,1,154890.71,0
650.0,Spain,Female,32,8,0.0,1,1,1,40790.21,0
667.0,France,Female,41,2,97269.73,2,1,1,127017.16,0
551.0,Spain,Female,59,5,0.0,1,1,0,155272.68,0
615.0,France,Female,48,4,0.0,2,1,0,161786.68,1
569.0,France,Male,50,5,110027.33,2,1,0,187778.72,1
678.0,France,Male,49,7,169170.05,2,1,0,121568.03,1
579.0,France,Male,43,8,0.0,2,0,1,69756.27,0
692.0,France,Female,38,9,94656.58,1,1,1,85433.32,0
633.0,France,Male,43,7,100353.82,2,1,0,190083.98,1
822.0,Spain,Female,29,10,38205.34,2,1,0,11847.2,0
493.0,Germany,Male,41,10,2037.96,2,0,1,172616.17,0
633.0,France,Male,46,0,136391.41,1,1,1,83897.58,0
729.0,France,Male,36,8,95582.26,3,0,0,42068.6,1
631.0,Germany,Male,35,2,83654.63,2,1,1,45697.43,0
583.0,Germany,Female,42,5,120063.76,2,1,1,137689.74,0
626.0,France,Female,34,0,0.0,2,1,0,53433.1,0
801.0,Germany,Female,19,6,0.0,2,0,0,39258.3,0
850.0,France,Male,37,0,102349.13,1,0,1,42122.85,0
850.0,France,Male,55,1,0.0,1,1,1,188292.02,0
566.0,France,Male,27,0,68633.7,1,1,1,165262.0,0
591.0,France,Male,42,2,76131.88,2,0,1,169526.1,1
555.0,France,Male,46,2,141056.35,1,0,0,110433.21,0
589.0,Spain,Female,30,8,155356.42,1,0,1,132465.47,1
672.0,Spain,Female,45,4,138518.39,2,0,0,157514.54,1
850.0,Germany,Male,24,8,0.0,1,1,0,50661.68,0
572.0,France,Female,28,10,117877.48,1,0,0,64692.07,0
675.0,Spain,Male,22,3,0.0,2,1,1,35404.99,0
651.0,France,Female,50,0,63710.92,2,0,1,174.9,0
565.0,Germany,Female,24,8,111885.77,1,1,1,162047.7,0
547.0,Spain,Male,33,10,60483.92,2,0,0,40357.48,0
850.0,France,Male,56,0,105123.44,2,1,0,70853.01,1
584.0,Germany,Female,18,6,109047.54,1,1,0,35772.5,1
610.0,Spain,Male,38,7,24393.29,1,1,1,27111.19,0
635.0,France,Female,45,4,0.0,2,1,0,118888.9,1
642.0,Germany,Male,28,6,0.0,2,1,1,157255.63,0
850.0,Germany,Male,36,6,0.0,2,1,0,24411.23,0
536.0,France,Male,35,0,0.0,2,1,0,48636.08,0
804.0,Spain,Male,43,4,0.0,1,1,1,33198.54,0
622.0,France,Male,34,0,57718.53,3,1,1,43018.69,0
712.0,Spain,Male,51,7,121978.3,1,0,1,90300.91,0
446.0,Spain,Male,34,4,65891.32,2,1,0,23993.08,0
607.0,France,Male,34,10,84368.78,1,1,0,143742.97,1
653.0,France,Male,37,0,156805.45,1,1,1,103905.43,0
570.0,France,Male,38,5,97488.74,2,1,1,20270.32,0
825.0,France,Male,42,8,167601.63,1,0,0,100328.06,0
620.0,Germany,Female,21,5,90153.97,2,0,0,57396.42,1
503.0,Germany,Male,47,5,49819.38,2,0,0,183586.13,0
518.0,France,Female,36,4,123389.74,2,1,1,172649.95,0
736.0,Spain,Female,47,0,0.0,2,1,0,32609.47,0
705.0,Spain,Female,41,3,176220.82,1,1,1,11026.65,0
777.0,France,Female,49,6,0.0,2,1,1,25267.76,0
563.0,Spain,Male,40,6,0.0,2,0,1,74862.71,0
528.0,Germany,Male,56,0,0.0,2,0,1,126871.14,0
738.0,Germany,Male,52,2,0.0,1,1,1,180276.19,0
597.0,Spain,Female,44,8,103195.46,4,0,1,48497.51,0
771.0,Germany,Male,35,4,85300.27,2,1,1,21133.47,0
636.0,Spain,Female,35,8,106717.02,4,1,1,145987.26,1
727.0,France,Female,48,2,0.0,1,1,1,16375.39,0
522.0,Germany,Female,36,7,0.0,1,1,1,129073.36,0
747.0,France,Male,56,5,0.0,1,0,0,59091.28,0
465.0,Germany,Male,20,9,0.0,2,1,0,187744.35,0
681.0,France,Male,31,10,70687.95,2,0,1,191824.08,1
712.0,Germany,Female,36,3,0.0,2,1,0,87251.01,0
547.0,Germany,Male,25,1,86096.8,1,1,1,66522.64,1
806.0,France,Male,40,3,11892.86,2,1,1,40342.77,0
597.0,Germany,Male,45,7,102276.81,2,1,1,28394.04,0
665.0,Germany,Male,24,0,144976.97,1,1,1,125777.56,0
378.0,Germany,Male,51,5,0.0,2,1,1,25071.65,0
667.0,Spain,Female,41,4,85234.97,2,1,0,140551.54,1
540.0,Spain,Male,34,7,62369.38,2,1,0,96640.31,0
604.0,France,Female,61,1,0.0,2,1,1,71425.2,0
629.0,France,Male,18,6,216740.95,1,0,0,107857.08,0
603.0,France,Female,43,8,233488.35,1,1,0,168560.68,1
672.0,Spain,Male,18,10,116945.77,2,0,0,97784.64,0
608.0,Spain,Male,24,8,163441.88,2,0,1,115548.1,0
599.0,Germany,Male,52,5,99448.25,1,1,0,135084.27,1
578.0,Germany,Male,35,0,0.0,1,1,0,180473.18,0
850.0,Germany,Male,30,10,82471.61,1,1,1,90993.73,0
678.0,Spain,Female,41,9,0.0,1,1,1,145848.82,0
740.0,France,Female,54,5,0.0,1,0,1,180087.11,0
751.0,France,Male,55,10,36826.46,1,1,1,184699.53,0
717.0,France,Male,31,5,153905.88,1,1,0,133621.95,0
446.0,France,Female,35,1,0.0,2,1,1,178536.26,0
657.0,Germany,Male,31,0,0.0,2,0,0,92667.16,0
636.0,France,Male,44,0,0.0,2,1,0,84136.43,0
714.0,Spain,Female,46,9,101872.04,2,1,1,51754.65,0
599.0,France,Female,34,2,0.0,2,1,0,7527.98,0
773.0,France,Female,51,2,0.0,1,1,1,96096.67,0
534.0,France,Male,48,8,107109.7,2,1,1,13949.24,0
623.0,Germany,Male,39,1,175331.33,2,1,1,62586.73,1
730.0,Spain,Male,52,2,126038.41,2,0,0,35272.02,0
705.0,Spain,Male,34,1,162525.73,1,1,1,157469.3,0
785.0,France,Female,38,9,0.0,2,1,0,198466.36,0
617.0,France,Female,55,10,169405.47,2,1,1,130974.55,0
708.0,Germany,Female,32,2,129531.67,1,0,0,197612.13,0
564.0,France,Male,37,7,70398.21,4,1,1,92031.33,1
650.0,Germany,Male,64,10,70524.33,1,1,0,163531.64,1
731.0,Spain,Male,35,1,0.0,1,1,1,80438.01,0
622.0,France,Male,50,1,0.0,2,1,1,56714.13,0
622.0,France,Male,30,4,0.0,2,0,0,68921.54,0
558.0,Spain,Male,30,3,0.0,1,1,0,66179.88,0
397.0,France,Male,23,1,196137.12,2,1,1,81574.26,0
654.0,Germany,Female,33,1,0.0,4,0,0,60093.74,1
692.0,France,Female,34,6,0.0,2,0,1,73800.58,0
642.0,Spain,Male,30,3,0.0,2,1,1,138997.82,0
647.0,Germany,Female,38,10,0.0,1,1,1,65382.72,0
706.0,France,Male,41,3,0.0,2,1,0,162302.21,0
769.0,France,Male,36,2,116100.15,2,1,1,6476.57,0
538.0,France,Male,27,1,116561.44,2,1,1,49821.83,1
399.0,Germany,Male,54,6,0.0,1,0,1,1172.68,0
805.0,France,Female,41,6,88184.49,1,1,1,81723.34,0
762.0,France,Female,34,3,0.0,1,0,0,188941.0,0
634.0,Spain,Female,40,4,79868.89,2,0,0,120235.84,0
678.0,France,Female,42,0,0.0,3,1,0,4450.7,1
662.0,Spain,Male,18,6,156834.13,1,1,1,7524.89,0
622.0,France,Male,26,3,0.0,1,1,0,162156.43,0
764.0,Germany,Female,42,0,105529.18,1,1,0,57653.6,0
545.0,Germany,Male,32,0,77443.57,2,1,0,68232.57,1
537.0,France,Female,30,7,0.0,2,1,1,95341.98,0
579.0,Spain,Male,30,9,109445.41,1,1,1,68653.16,0
642.0,France,Male,37,8,124865.4,2,1,0,69480.85,1
688.0,Germany,Female,34,0,0.0,1,0,1,76337.53,0
596.0,Germany,Female,19,0,246389.34,1,1,1,20861.03,1
718.0,Germany,Male,26,3,19685.97,1,1,1,110547.58,0
612.0,Spain,Female,27,3,0.0,2,1,1,59144.62,0
486.0,Spain,Male,36,6,98733.75,2,0,1,71047.59,0
774.0,France,Female,42,1,95771.75,1,1,0,28221.43,0
635.0,France,Female,52,9,0.0,2,1,1,75180.98,0
447.0,France,Female,37,9,0.0,1,1,0,112891.04,0
479.0,Germany,Female,33,7,135883.67,2,1,1,118710.02,0
497.0,France,Female,36,1,0.0,2,1,1,6459.64,0
756.0,France,Male,40,4,160880.35,1,1,1,198873.83,0
570.0,France,Male,39,0,31469.92,2,1,1,152718.11,0
618.0,Germany,Male,30,1,0.0,2,1,1,3627.45,1
564.0,Spain,Male,36,7,109030.24,1,1,1,146508.91,0
627.0,France,Female,23,0,57829.49,1,1,0,59959.52,0
623.0,Spain,Male,28,9,154176.76,1,0,1,13146.22,0
684.0,Germany,Male,33,0,0.0,1,0,1,38995.93,0
595.0,Spain,Female,46,3,97076.3,1,1,0,3206.04,0
596.0,Spain,Male,29,4,201072.39,1,1,1,197296.85,1
553.0,France,Male,38,2,0.0,1,1,1,109326.97,0
645.0,Germany,Female,59,10,65402.16,1,1,1,36038.39,0
567.0,France,Male,43,2,48505.11,1,0,0,64410.63,0
703.0,France,Male,23,10,14546.46,1,0,0,107407.81,0
637.0,France,Female,46,6,0.0,2,1,0,176943.53,0
717.0,France,Male,35,2,105644.99,1,1,1,457.37,0
561.0,Germany,Male,39,8,0.0,1,1,1,55961.43,0
708.0,Germany,Female,42,4,0.0,2,1,1,38693.6,1
821.0,France,Male,40,9,131366.43,2,1,0,66173.86,1
645.0,France,Male,44,4,0.0,2,0,0,60181.02,0
713.0,Germany,Female,43,2,72397.44,2,1,1,167755.21,0
762.0,France,Female,31,2,0.0,2,0,0,39385.05,0
594.0,France,Male,36,5,0.0,1,1,0,149742.86,0
660.0,France,Female,40,0,95990.33,1,0,1,90011.2,0
688.0,Spain,Male,37,7,0.0,1,1,0,141595.0,0
645.0,France,Male,36,4,0.0,2,1,1,13889.0,0
710.0,France,Female,45,9,260000.0,2,1,0,122352.71,1
850.0,France,Male,22,1,192684.58,2,1,1,14736.76,0
716.0,France,Female,18,2,110904.71,2,1,0,186516.76,0
702.0,France,Male,28,2,1260.14,2,1,1,104787.08,0
638.0,Spain,Female,38,3,93745.36,1,1,1,98615.15,0
644.0,Spain,Male,48,6,0.0,1,0,0,61516.69,0
749.0,Germany,Female,41,10,0.0,2,1,1,24643.26,0
680.0,France,Female,18,7,0.0,2,1,1,147661.9,0
654.0,Spain,Male,32,10,0.0,2,1,1,20279.03,0
661.0,France,Male,44,8,0.0,1,1,0,43447.68,0
804.0,Spain,Female,18,4,40374.29,2,1,0,101223.1,0
716.0,France,Male,43,2,139768.55,1,1,1,8092.0,0
607.0,France,Male,30,1,91662.86,4,1,0,3222.28,1
658.0,France,Female,25,5,1884.56,2,1,0,64979.96,1
757.0,France,Female,71,3,0.0,2,1,1,159076.8,0
676.0,France,Female,32,1,81653.79,2,1,1,63254.36,0
618.0,France,Female,23,5,117469.51,2,1,0,103417.54,0
623.0,France,Female,53,7,93440.49,1,0,1,103077.33,0
688.0,France,Male,35,3,0.0,1,0,0,84754.9,0
607.0,Spain,Female,33,0,64075.26,4,1,0,57785.03,1
557.0,Spain,Female,54,6,0.0,1,0,0,37339.55,0
520.0,Spain,Male,43,6,78624.32,2,0,0,110822.49,0
607.0,France,Female,32,3,71764.43,2,0,0,150022.76,0
466.0,Spain,Male,45,3,81590.6,2,1,1,65576.88,0
675.0,France,Male,38,0,0.0,1,1,1,79666.35,0
633.0,Spain,Female,32,4,143161.61,1,1,1,56253.23,0
610.0,Germany,Female,35,2,59519.03,2,1,0,146321.24,0
733.0,France,Female,23,1,94297.17,2,1,0,48365.29,0
728.0,Spain,Female,55,5,150903.95,2,1,0,34441.91,1
604.0,Spain,Female,28,9,0.0,1,0,0,31317.71,0
617.0,France,Male,51,1,0.0,1,1,0,83713.07,0
699.0,France,Male,72,3,51954.51,2,1,0,49818.58,0
717.0,Germany,Male,30,6,0.0,1,1,1,99073.57,0
590.0,France,Female,19,10,101406.01,1,1,0,63407.54,1
654.0,France,Male,48,10,0.0,2,1,0,105790.36,0
659.0,France,Male,56,5,136769.96,2,1,1,116839.78,0
533.0,Germany,Male,59,7,74231.78,2,0,1,122062.52,1
811.0,France,Male,31,6,0.0,2,1,1,160625.56,0
669.0,Germany,Male,23,8,72274.92,1,1,0,115266.17,0
584.0,France,Female,52,7,8116.9,2,0,0,183095.23,1
595.0,France,Male,35,8,54446.12,2,0,0,182343.94,0
713.0,Spain,Male,56,9,79708.47,1,1,0,179475.79,1
501.0,Germany,Male,27,3,124808.2,2,1,0,149728.76,1
811.0,Spain,Male,39,1,156457.37,1,1,1,173737.27,0
749.0,Spain,Male,42,8,147811.24,1,1,1,122261.18,0
505.0,Spain,Female,45,7,0.0,1,0,0,101629.62,1
624.0,France,Male,35,6,84746.57,2,1,0,132847.55,1
758.0,Spain,Female,50,3,0.0,1,1,1,148518.76,0
589.0,Spain,Male,44,2,87680.26,1,0,1,24283.14,0
578.0,France,Female,46,10,0.0,2,0,1,123460.5,0
805.0,France,Female,44,5,152031.98,2,1,1,149599.87,0
726.0,Germany,Male,20,2,0.0,1,1,1,132155.6,0
746.0,Spain,Male,39,4,140449.69,1,1,0,83808.0,1
850.0,Germany,Female,69,0,0.0,2,0,1,35971.38,0
743.0,France,Male,65,5,0.0,2,1,0,107199.29,0
696.0,France,Male,40,3,37436.89,1,0,0,114456.52,0
776.0,France,Male,38,9,25712.79,1,1,1,172869.05,0
687.0,Spain,Female,45,9,71664.73,2,1,1,66460.69,0
738.0,Spain,Male,36,9,88678.98,2,1,0,93335.89,0
730.0,France,Male,37,6,53109.05,2,1,1,112800.38,0
634.0,France,Female,35,1,108420.06,2,0,1,84659.18,0
540.0,France,Male,57,8,142609.96,2,1,1,181680.15,0
762.0,France,Female,52,6,0.0,1,1,1,105413.48,0
676.0,France,Female,46,10,0.0,2,1,0,75956.39,1
714.0,Germany,Male,46,4,0.0,1,1,1,20468.12,0
688.0,Spain,Male,30,2,154898.63,2,1,1,78170.59,0
627.0,France,Male,40,4,169570.82,1,1,0,70456.58,1
850.0,Spain,Male,45,10,0.0,2,0,1,119820.68,0
646.0,France,Male,35,0,155415.63,1,1,0,101445.74,0
677.0,France,Female,56,1,147195.65,2,1,1,19140.02,1
526.0,Germany,Female,39,4,116516.64,2,1,1,14355.07,0
624.0,Germany,Female,55,0,70524.9,2,1,1,58298.32,0
662.0,France,Female,19,3,0.0,2,1,0,144756.01,0
626.0,France,Male,42,2,0.0,1,1,0,81216.56,0
436.0,Germany,Male,41,3,127057.25,2,1,1,36702.84,0
534.0,France,Female,29,7,0.0,1,1,0,120325.23,0
635.0,France,Female,28,1,0.0,1,1,1,18464.02,0
569.0,France,Male,62,8,0.0,1,0,0,9662.23,1
617.0,France,Male,44,0,73453.76,2,1,1,123663.61,0
672.0,France,Female,35,0,0.0,1,1,1,194146.51,0
548.0,France,Male,29,0,47015.38,1,1,1,14266.95,0
682.0,France,Male,36,2,0.0,2,0,1,176237.43,0
633.0,Germany,Female,57,7,56288.44,1,1,1,169092.2,0
547.0,France,Male,34,8,55235.72,1,0,0,102211.46,0
698.0,Germany,Male,33,10,0.0,2,1,1,95671.88,0
550.0,Germany,Female,38,0,0.0,2,1,0,190851.82,1
686.0,Germany,Female,46,0,197840.33,2,1,0,71254.38,1
799.0,France,Male,57,7,0.0,2,1,0,178116.44,1
668.0,France,Male,23,3,193779.5,1,1,0,141593.97,1
618.0,France,Female,29,7,203645.87,1,1,1,45265.62,0
755.0,Spain,Male,28,1,0.0,1,1,0,3343.36,0
658.0,France,Male,35,3,20356.66,1,0,1,173104.68,0
766.0,France,Male,31,3,0.0,2,1,1,194218.34,0
784.0,Spain,Male,57,3,16391.29,3,1,1,179893.09,1
689.0,Germany,Female,40,7,32968.22,1,0,1,97797.88,0
782.0,France,Male,51,2,260000.0,1,0,1,13331.69,0
536.0,Germany,Male,52,3,154492.19,1,1,1,72270.3,0
667.0,France,Male,37,3,125269.67,2,1,0,129601.98,1
661.0,Germany,Male,29,7,0.0,1,0,1,162071.62,0
638.0,France,Male,52,6,0.0,2,1,0,10611.84,0
651.0,Germany,Male,38,7,12526.79,2,1,0,174617.89,1
540.0,France,Male,36,4,30909.36,1,1,0,68602.21,0
705.0,France,Female,26,5,156216.84,1,1,0,179191.74,0
686.0,Germany,Male,37,1,122672.9,1,1,1,6629.36,0
538.0,Spain,Female,43,1,0.0,1,1,0,139813.06,1
672.0,France,Male,44,1,63436.91,2,1,1,32347.94,0
696.0,Spain,Male,52,5,36906.23,1,0,0,164474.6,0
549.0,Germany,Male,31,2,0.0,1,0,0,599.77,0
758.0,France,Female,45,10,103978.5,1,1,0,72552.08,0
491.0,France,Female,27,4,0.0,1,1,1,193280.8,0
675.0,France,Male,49,3,83932.56,3,0,1,174340.78,1
731.0,Germany,Female,30,2,175876.36,2,1,1,77433.89,0
744.0,Spain,Male,48,9,0.0,2,0,1,100920.64,0
590.0,Germany,Female,27,6,133154.15,2,1,1,93765.77,0
626.0,Spain,Male,39,3,24644.19,2,1,1,74228.31,0
575.0,Spain,Male,41,4,20168.2,2,0,0,4105.04,0
850.0,France,Female,43,10,0.0,2,1,1,18715.62,1
658.0,Germany,Female,36,4,143344.45,1,0,1,179507.36,0
557.0,Germany,Female,36,8,0.0,2,1,1,91319.88,0
801.0,Spain,Female,25,1,38487.57,2,1,1,108471.11,0
659.0,France,Male,38,3,0.0,1,1,0,195069.67,0
769.0,Germany,Female,18,5,5969.77,2,1,1,93637.76,0
713.0,France,Male,45,9,38009.62,2,1,0,159642.5,0
589.0,France,Male,31,6,0.0,1,1,0,95171.23,0
698.0,France,Male,37,1,0.0,1,1,1,135400.55,0
564.0,France,Male,41,2,0.0,1,1,1,194585.77,0
658.0,Spain,Female,40,8,0.0,2,0,0,134341.84,0
786.0,France,Female,25,9,117867.74,2,0,1,194832.82,0
727.0,Spain,Male,40,3,0.0,2,0,0,175688.88,0
562.0,Spain,Male,28,0,48699.18,1,1,0,187802.76,0
592.0,France,Female,49,3,118465.58,2,1,0,174791.78,1
650.0,Spain,Male,46,10,151352.23,1,0,0,70057.08,1
789.0,Spain,Male,47,1,0.0,1,1,0,60965.26,0
784.0,France,Female,32,2,145568.53,2,1,0,37922.89,1
697.0,France,Female,45,5,0.0,1,1,1,134896.89,0
539.0,France,Female,47,8,53372.1,1,1,1,75149.98,0
528.0,Spain,Female,43,10,0.0,2,0,0,119923.05,0
589.0,Spain,Male,40,2,86811.85,2,1,0,67779.39,0
535.0,Germany,Female,32,10,0.0,1,0,0,157317.48,1
512.0,France,Male,36,2,0.0,1,1,0,94400.63,0
850.0,France,Male,29,4,0.0,2,1,1,151812.79,0
647.0,France,Female,56,10,0.0,1,0,1,98561.82,0
548.0,Germany,Female,33,0,125779.62,1,1,1,89235.51,0
766.0,Spain,Male,34,4,70903.24,1,0,1,148814.78,0
800.0,Germany,Male,43,8,0.0,1,1,0,99847.76,0
588.0,Germany,Male,47,3,110783.08,2,0,1,59463.62,0
658.0,Spain,Female,38,3,210428.98,1,1,1,64725.91,0
640.0,France,Male,36,2,0.0,1,1,0,173670.4,0
541.0,Spain,Female,18,7,0.0,2,1,0,166609.68,0
599.0,France,Female,28,3,143513.48,3,0,0,145629.63,1
619.0,France,Female,38,8,139118.34,1,1,0,21342.76,0
593.0,France,Male,41,10,0.0,1,1,0,119155.12,0
744.0,France,Female,18,3,110400.69,1,1,0,133989.62,0
746.0,Spain,Male,25,5,96764.54,2,1,1,125077.32,0
621.0,Germany,Female,37,8,48869.7,1,0,1,77899.89,0
650.0,France,Male,25,10,49964.03,1,1,1,77705.79,0
725.0,Germany,Female,25,7,0.0,2,1,0,136300.51,0
640.0,France,Male,33,0,98814.06,2,1,1,190563.03,0
606.0,France,Male,34,3,187036.47,2,1,0,192916.71,1
825.0,France,Male,43,2,20814.11,1,0,0,157957.72,0
517.0,Spain,Female,32,3,80809.14,1,1,0,118723.42,0
516.0,Germany,Female,32,8,141698.51,2,0,1,105755.49,0
532.0,Spain,Female,36,8,10661.26,1,0,0,131157.38,0
841.0,France,Male,35,3,83379.94,2,1,1,126535.46,0
616.0,Spain,Female,25,5,44276.28,1,0,0,38048.42,1
800.0,Spain,Male,43,1,0.0,1,0,0,30003.84,0
632.0,France,Male,40,4,33895.89,2,1,1,115352.3,0
789.0,Spain,Female,39,5,111610.05,1,0,1,46096.8,0
487.0,Spain,Male,45,3,175220.18,1,0,1,128555.42,0
655.0,France,Female,36,8,0.0,2,1,0,57283.82,0
556.0,France,Male,32,8,0.0,2,1,1,96118.84,0
710.0,France,Male,34,3,78332.05,2,1,0,198283.74,0
395.0,Spain,Male,33,0,22044.68,1,1,0,85537.56,0
611.0,Spain,Male,32,1,143708.97,2,1,1,69918.14,0
826.0,Germany,Female,41,8,107227.18,1,1,1,86180.17,0
593.0,Germany,Female,47,2,0.0,2,1,0,2488.51,0
508.0,Spain,Male,32,6,0.0,2,0,1,164077.64,0
710.0,France,Female,44,6,99349.75,1,1,1,135902.04,0
781.0,Spain,Male,39,5,106911.44,1,0,1,55344.48,0
807.0,France,Male,40,10,0.0,2,0,0,138684.6,0
770.0,France,Female,69,1,90208.09,1,1,0,114063.82,1
710.0,Spain,Male,43,3,0.0,4,1,1,49097.95,0
687.0,Spain,Male,28,0,0.0,2,0,1,196647.68,0
763.0,Spain,Male,28,9,77230.34,1,1,0,179004.31,0
479.0,France,Male,43,7,0.0,2,0,0,122669.01,0
528.0,Spain,Female,33,0,124943.63,1,1,1,58164.99,0
628.0,Spain,Female,38,0,0.0,1,0,0,34750.23,0
645.0,Spain,Female,55,7,108981.49,2,1,1,42896.47,0
630.0,France,Male,35,7,99403.33,2,1,1,191204.11,1
596.0,France,Male,32,1,0.0,2,1,1,92863.12,0
721.0,France,Male,47,3,0.0,1,1,1,90418.29,0
667.0,Spain,Male,42,5,184880.52,1,1,0,179258.31,0
722.0,Germany,Male,44,7,0.0,1,1,0,44407.98,0
585.0,France,Male,47,5,17149.34,2,0,1,1000.04,0
689.0,France,Male,58,10,134400.62,1,1,1,578.75,0
552.0,Spain,Male,37,6,0.0,2,1,0,174222.97,0
710.0,Spain,Female,48,10,0.0,1,1,1,18839.62,0
659.0,France,Female,31,9,125311.6,2,1,0,177874.79,0
608.0,Germany,Male,59,9,0.0,1,1,1,6091.44,0
731.0,France,Female,24,4,6186.66,1,0,0,159157.12,0
641.0,Spain,Female,38,8,193514.0,1,1,1,50821.43,1
621.0,Spain,Male,35,1,143864.98,1,1,1,156209.79,0
586.0,Spain,Male,43,1,101978.07,1,1,1,161051.58,0
850.0,France,Male,33,4,157542.47,2,1,0,177719.92,0
581.0,Germany,Female,37,2,0.0,1,1,1,132518.22,0
629.0,France,Female,43,6,190948.15,1,0,0,61738.2,1
640.0,France,Female,49,10,0.0,1,1,0,80134.69,1
850.0,France,Male,45,5,86875.46,2,0,0,25954.22,1
612.0,Spain,Male,37,3,0.0,1,0,0,123591.63,0
660.0,France,Male,30,4,40264.04,2,1,0,122974.85,0
668.0,France,Male,51,7,141978.88,1,0,1,160753.8,0
715.0,Spain,Male,18,1,138216.73,1,1,1,165199.99,1
697.0,France,Male,40,3,116160.35,1,1,1,194515.43,0
661.0,Spain,Female,41,6,10804.32,1,1,1,161569.33,0
568.0,France,Male,28,0,0.0,1,1,0,4075.74,0
579.0,Germany,Male,36,3,231915.55,3,0,0,151101.57,1
693.0,France,Female,43,2,76523.17,1,0,0,158808.61,0
703.0,Spain,Male,44,10,99112.03,2,0,0,14417.82,1
722.0,France,Female,23,0,0.0,2,1,1,22650.51,0
790.0,France,Female,47,4,99561.21,1,0,0,152603.96,1
584.0,Germany,Female,52,5,109016.61,1,1,0,127955.92,0
591.0,Spain,Male,21,4,103804.79,1,0,0,103278.73,0
797.0,Spain,Male,34,5,186381.9,1,0,0,107991.24,1
472.0,Spain,Male,30,4,0.0,1,1,0,8622.29,0
810.0,France,Male,27,1,57888.56,1,0,1,187477.57,0
737.0,France,Male,40,6,0.0,2,1,0,57567.76,1
659.0,Germany,Male,34,3,149754.34,1,0,1,169309.49,0
667.0,Germany,Male,33,10,88190.7,2,1,1,8894.98,0
662.0,France,Female,45,4,57243.97,2,1,1,146679.95,0
445.0,Germany,Female,20,5,0.0,2,0,1,182041.89,1
769.0,France,Male,28,2,33075.99,1,1,1,197893.88,0
711.0,Spain,Female,45,5,80316.64,2,0,0,44670.2,0
573.0,France,Male,41,4,177791.03,2,1,0,163772.53,0
754.0,France,Male,37,2,0.0,2,1,1,4034.27,0
463.0,Spain,Female,46,1,0.0,2,0,1,144920.36,0
603.0,Germany,Female,28,5,181921.77,1,0,0,23378.85,1
575.0,Spain,Male,45,3,2663.98,2,0,0,10929.22,0
580.0,Spain,Female,39,3,41706.85,1,1,0,15015.94,0
533.0,Spain,Male,29,8,86370.47,1,1,1,64458.3,0
587.0,Spain,Female,50,4,101498.22,2,1,0,16549.17,0
486.0,Spain,Male,44,4,125576.47,2,1,0,92928.81,0
572.0,Spain,Male,44,4,0.0,2,1,0,12374.06,1
825.0,France,Female,32,5,0.0,2,1,0,83979.9,0
667.0,Germany,Male,45,6,104488.32,1,1,1,6485.3,0
583.0,France,Male,44,9,105389.73,1,1,0,196987.25,0
710.0,Germany,Male,25,3,120827.88,2,1,0,89949.12,1
521.0,Germany,Male,33,1,34982.92,1,1,0,149254.06,0
533.0,Spain,Male,40,9,0.0,1,0,0,176912.88,1
562.0,France,Female,42,0,91217.11,2,0,0,144183.91,0
565.0,Spain,Male,40,4,0.0,1,1,1,64525.38,0
771.0,Germany,Male,39,2,0.0,1,1,0,189205.01,1
573.0,Spain,Female,60,7,78636.67,2,0,1,195754.33,0
604.0,Spain,Female,30,7,216479.97,1,0,0,73935.76,0
681.0,Germany,Female,29,9,0.0,2,1,0,105085.52,1
833.0,France,Male,32,6,95271.02,1,1,1,177012.15,0
546.0,France,Male,51,10,0.0,1,1,0,167080.53,0
743.0,France,Male,21,10,105240.75,2,0,1,155062.31,0
610.0,Germany,Male,34,0,0.0,1,0,1,38871.86,0
645.0,Spain,Female,29,0,0.0,1,1,1,70157.3,0
756.0,Germany,Male,44,10,21875.92,1,0,0,28427.37,0
685.0,France,Male,46,3,0.0,1,0,1,66100.18,0
696.0,Spain,Female,41,6,0.0,1,1,1,17317.04,0
720.0,France,Female,24,2,183877.15,1,1,0,41648.96,0
636.0,Spain,Male,48,0,0.0,2,1,1,26154.34,0
650.0,Spain,Male,27,8,257899.08,2,0,0,105759.96,0
745.0,France,Female,35,8,180081.9,2,1,0,91331.58,1
602.0,France,Male,40,2,0.0,2,1,1,176019.97,0
708.0,Germany,Female,49,9,0.0,1,1,0,174465.92,0
554.0,Germany,Male,40,2,111459.21,1,0,0,69105.46,1
609.0,France,Female,57,4,0.0,2,1,1,55037.43,0
752.0,France,Male,37,5,7027.78,1,1,0,161423.43,0
630.0,France,Female,33,9,145623.93,1,1,1,186849.17,0
640.0,Spain,Male,54,2,109650.72,1,0,1,168236.87,0
576.0,Spain,Female,29,7,126195.67,2,0,1,76459.28,1
591.0,France,Female,33,4,0.0,1,0,0,120663.52,0
406.0,Germany,Female,33,8,126748.57,2,1,0,46306.28,1
656.0,Germany,Male,34,4,97311.1,1,1,0,145705.44,1
600.0,France,Male,55,6,63638.03,2,0,0,66120.02,1
804.0,Spain,Male,39,1,0.0,1,1,0,15708.43,0
465.0,Spain,Male,20,9,206431.49,1,1,1,137750.44,0
602.0,Germany,Female,43,10,87620.42,2,1,0,100709.37,1
689.0,France,Male,44,0,128915.21,1,0,0,55453.33,0
587.0,France,Male,32,9,0.0,2,1,0,30199.57,0
696.0,France,Male,18,9,65981.53,1,0,1,182673.87,0
468.0,Spain,Female,47,3,101709.92,2,0,1,53797.06,0
801.0,Spain,Male,40,3,16743.54,2,0,0,57929.67,0
721.0,Spain,Female,35,8,0.0,2,1,0,43955.28,0
471.0,Spain,Male,23,4,87817.11,1,0,0,147226.29,1
619.0,France,Male,45,1,0.0,1,0,0,22293.76,1
607.0,Spain,Female,59,7,62274.27,2,0,0,107417.9,1
523.0,Spain,Female,21,6,124615.99,1,0,1,192327.97,0
700.0,France,Male,38,3,196516.41,2,1,1,92476.34,0
564.0,Spain,Female,22,6,168746.32,2,1,0,168009.83,1
612.0,France,Female,53,8,51835.56,1,1,0,78956.97,0
519.0,Germany,Female,23,6,179293.25,1,0,1,82993.61,0
769.0,France,Female,24,10,0.0,2,1,0,159140.1,0
576.0,Spain,Female,38,0,171945.66,1,1,0,189334.95,0
669.0,Germany,Male,36,0,0.0,1,1,0,104801.16,1
554.0,Spain,Male,39,8,0.0,1,1,0,121746.74,0
650.0,Spain,Male,36,9,0.0,2,0,1,151577.86,0
687.0,Germany,Female,45,10,184262.22,1,1,1,170615.73,0
758.0,France,Female,44,10,17261.1,1,1,1,114933.78,0
796.0,Germany,Female,37,3,0.0,2,0,0,51820.81,0
678.0,France,Male,45,5,42581.06,1,1,1,108476.38,0
551.0,France,Male,18,8,0.0,1,1,0,193575.76,1
665.0,France,Female,44,2,136338.03,1,1,0,67240.32,0
488.0,Spain,Female,45,8,185655.47,2,1,1,114171.57,1
645.0,France,Male,26,5,0.0,1,1,0,79247.72,0
707.0,France,Male,35,5,110431.3,2,1,0,177864.53,1
520.0,France,Female,64,10,0.0,2,0,0,107683.58,1
704.0,France,Female,32,4,93875.72,2,1,1,3551.22,0
625.0,Spain,Female,29,3,0.0,1,1,1,162715.34,0
560.0,France,Female,18,4,0.0,1,1,1,104695.8,0
817.0,France,Female,37,6,162089.69,2,1,0,154149.34,0
693.0,France,Male,48,2,122447.22,1,1,1,70617.94,0
702.0,France,Female,39,6,0.0,2,1,1,155347.13,0
644.0,France,Female,18,9,0.0,1,0,1,90391.91,0
792.0,Spain,Male,37,7,24249.41,2,0,1,47062.85,0
490.0,Spain,Male,22,10,0.0,2,0,1,32152.29,0
720.0,France,Male,40,10,160267.32,2,1,1,86516.1,0
503.0,France,Female,42,5,95286.1,2,1,1,143114.07,0
725.0,France,Female,37,10,141585.73,2,0,0,82511.82,0
608.0,Germany,Male,33,0,0.0,1,1,1,45491.88,0
553.0,Spain,Female,43,10,78235.21,2,0,0,111761.99,1
613.0,Germany,Female,49,3,172318.05,2,1,1,149754.2,0
559.0,France,Female,18,2,0.0,1,0,0,193891.59,1
631.0,Spain,Female,25,4,36944.87,1,0,1,11114.7,0
581.0,Spain,Female,18,6,0.0,1,1,1,179366.6,0
571.0,Spain,Male,35,5,0.0,2,1,1,136549.76,0
564.0,Germany,Male,27,9,0.0,1,1,1,114755.92,0
704.0,France,Male,32,4,87086.19,2,1,1,130459.81,0
850.0,Spain,Male,43,5,131170.89,1,0,0,12663.64,0
692.0,France,Female,28,4,132838.49,1,0,1,135278.95,0
630.0,Spain,Male,35,1,0.0,1,0,0,99774.67,0
575.0,France,Male,23,5,0.0,2,1,0,173523.87,0
697.0,Germany,Male,31,0,0.0,2,0,1,103736.36,0
678.0,Spain,Female,43,10,0.0,1,0,0,144334.0,0
737.0,Spain,Female,35,5,0.0,1,1,0,91463.49,0
850.0,Spain,Male,36,8,52560.19,2,0,0,156246.71,0
566.0,Germany,Female,29,7,82179.61,1,0,0,192427.43,1
676.0,France,Female,42,1,81512.35,1,1,0,35695.68,1
742.0,France,Female,50,6,0.0,2,1,1,73007.25,0
695.0,France,Female,47,6,0.0,2,1,1,85549.12,0
658.0,Spain,Male,32,9,72846.02,1,0,0,91159.77,0
694.0,Spain,Male,41,4,63067.07,1,1,1,119791.56,0
696.0,Spain,Female,34,5,71668.43,2,1,0,35138.39,1
405.0,Germany,Male,18,0,0.0,1,1,1,192400.91,0
675.0,France,Male,37,3,0.0,1,0,0,44864.23,0
565.0,Spain,Female,30,4,157298.47,2,1,0,38778.26,1
760.0,Spain,Male,33,4,133939.15,2,1,0,32942.12,0
672.0,Spain,Female,39,7,68506.4,1,1,0,84608.16,0
626.0,Spain,Male,42,10,100975.96,1,1,1,21449.21,0
699.0,France,Male,39,1,127124.65,1,1,1,48862.65,0
703.0,Spain,Female,31,6,0.0,1,0,1,102279.69,0
705.0,France,Female,25,10,0.0,1,1,0,151279.28,0
510.0,France,Male,56,3,0.0,2,1,1,141348.57,0
651.0,France,Male,41,4,0.0,1,1,1,111942.16,0
628.0,Spain,Female,39,8,0.0,1,1,0,64520.64,1
689.0,Spain,Male,33,6,0.0,1,1,1,61940.79,0
556.0,Germany,Male,37,7,59090.95,2,0,1,179258.72,1
590.0,France,Female,34,1,0.0,2,1,0,86470.13,0
642.0,Spain,Female,36,10,0.0,3,0,0,118191.9,1
637.0,Germany,Male,34,7,65895.28,1,0,0,142107.82,0
761.0,Spain,Male,36,3,211377.95,2,1,0,109161.27,0
499.0,France,Male,44,5,80904.08,1,1,0,151092.85,0
790.0,France,Male,44,10,89118.9,2,1,0,12889.99,0
680.0,France,Female,24,2,184949.46,2,1,0,67087.15,1
653.0,France,Male,40,4,0.0,2,1,0,72979.9,0
743.0,France,Female,38,2,65290.34,1,1,0,193307.27,0
674.0,Spain,Female,29,0,0.0,1,1,0,162751.86,0
626.0,France,Female,20,10,0.0,1,0,0,103725.42,0
589.0,Spain,Female,37,8,0.0,2,1,0,178542.0,0
620.0,Spain,Male,47,2,0.0,2,1,1,44270.02,0
792.0,France,Male,55,1,57931.86,2,1,0,41670.91,0
700.0,Spain,Female,38,3,0.0,2,1,1,135672.04,0
601.0,Germany,Female,52,3,0.0,1,1,0,156326.54,0
578.0,France,Male,44,10,0.0,2,0,0,91256.92,0
690.0,France,Male,27,8,168895.43,1,0,1,90736.36,0
557.0,France,Female,39,4,98283.12,1,0,0,176651.73,0
699.0,France,Male,36,10,195040.81,1,0,0,53643.93,1
686.0,France,Female,55,9,141462.14,4,0,0,102173.63,1
791.0,Spain,Female,39,4,121521.38,2,0,1,58027.75,0
689.0,Germany,Female,56,3,36775.68,1,1,0,46792.23,1
518.0,France,Male,34,10,0.0,1,1,1,34699.67,0
676.0,France,Female,35,3,0.0,2,1,1,163305.33,0
577.0,France,Female,61,1,178888.37,1,0,1,91308.04,0
583.0,Spain,Male,35,6,165201.24,2,1,0,114327.09,0
699.0,France,Female,36,8,98339.61,2,1,1,39030.9,0
834.0,France,Female,43,0,0.0,2,0,0,68361.69,0
709.0,Germany,Female,45,7,109987.78,1,1,1,199593.06,0
522.0,Spain,Male,43,7,145480.91,2,0,0,120039.81,0
742.0,France,Male,33,10,103488.04,3,0,0,177167.64,1
579.0,Germany,Female,44,0,0.0,1,1,1,177611.11,0
777.0,France,Male,51,10,159609.98,2,1,0,146175.65,1
805.0,Germany,Female,23,3,147995.49,2,1,0,93862.61,0
593.0,France,Male,32,7,142176.18,1,1,1,74323.88,0
498.0,Spain,Female,59,5,170647.37,1,0,1,161856.55,1
522.0,France,Female,50,10,110844.26,2,1,1,120543.23,0
535.0,France,Female,40,5,0.0,1,1,0,17325.63,0
528.0,Spain,Male,40,8,23037.23,2,1,0,31422.48,0
567.0,France,Female,39,1,6260.34,2,1,0,169803.86,1
678.0,France,Male,33,9,110631.98,2,1,1,31963.29,0
741.0,Germany,Female,27,10,0.0,2,1,0,2463.57,1
628.0,Spain,Male,39,2,66367.45,1,1,1,33882.69,0
600.0,France,Male,49,1,44822.78,1,1,1,59351.02,0
654.0,Germany,Male,40,3,40276.8,2,0,0,98366.99,1
582.0,France,Male,45,4,88310.84,2,0,0,47989.22,0
640.0,Germany,Female,35,4,149551.09,1,1,0,125954.81,0
801.0,France,Male,54,1,125144.7,2,1,0,116638.95,1
512.0,France,Female,55,8,95389.22,2,1,0,133993.34,1
508.0,Spain,Male,26,8,149368.23,1,1,0,169296.23,0
613.0,Spain,Male,41,8,93641.2,2,1,1,28641.7,1
735.0,France,Female,51,4,106245.17,2,1,1,175015.19,0
573.0,France,Female,42,9,28693.31,1,1,1,180831.3,0
569.0,Spain,Male,47,5,105367.54,1,1,0,145549.29,0
753.0,France,Male,18,2,0.0,2,0,0,118944.66,0
605.0,Spain,Female,48,0,57988.6,1,0,1,86366.85,0
729.0,Germany,Female,47,9,53318.49,1,0,1,17238.47,0
350.0,Germany,Male,32,2,144380.07,2,1,0,68439.21,1
787.0,Germany,Female,29,5,0.0,2,0,0,105853.56,0
779.0,Germany,Female,39,7,34477.6,1,1,0,29196.3,0
813.0,Spain,Female,51,2,0.0,2,0,1,30413.33,0
732.0,Germany,Female,63,6,0.0,1,0,1,192711.18,0
555.0,Germany,Male,35,3,129314.73,3,0,1,116916.01,1
691.0,France,Male,30,2,0.0,2,1,0,19290.09,0
824.0,Spain,Female,40,5,52792.26,1,1,1,169206.28,1
670.0,France,Male,38,0,104208.66,2,1,1,85269.75,0
538.0,Germany,Female,28,5,41314.15,2,0,1,134398.0,0
783.0,Germany,Male,54,9,115532.91,2,1,1,81373.55,0
696.0,Spain,Male,42,10,0.0,1,1,1,12537.54,0
480.0,France,Male,31,2,0.0,2,1,1,113832.21,0
827.0,France,Female,42,7,0.0,1,1,1,184298.16,0
650.0,France,Female,46,9,0.0,1,0,1,106599.89,0
693.0,France,Female,36,10,0.0,2,1,0,28675.74,0
709.0,France,Male,29,4,115090.48,4,1,1,12381.73,1
629.0,Spain,Female,50,4,194747.32,1,1,1,146136.3,1
667.0,Spain,Male,44,3,0.0,1,1,0,29286.33,1
609.0,France,Female,28,0,83197.07,2,1,0,29526.95,0
699.0,France,Female,40,1,0.0,1,1,1,97943.04,0
696.0,Germany,Female,46,0,71475.71,2,1,1,157189.54,0
844.0,France,Female,32,0,0.0,2,1,1,156592.38,0
661.0,France,Female,44,2,0.0,1,1,0,9929.37,0
585.0,France,Male,30,2,0.0,2,0,0,60077.35,0
712.0,Spain,Female,30,8,0.0,1,1,1,170260.16,0
468.0,France,Female,35,6,23394.09,1,0,0,105451.01,0
534.0,Spain,Female,52,3,0.0,2,1,0,197707.67,1
654.0,France,Male,41,9,40001.42,1,0,0,80382.04,0
846.0,France,Female,23,6,0.0,1,0,0,65681.03,0
850.0,France,Male,37,10,13902.31,1,0,1,170572.0,0
576.0,Germany,Male,38,8,34722.94,2,1,0,75319.8,0
660.0,Spain,Male,40,7,146873.57,2,0,0,68255.76,1
770.0,France,Female,30,0,43088.99,2,0,1,194263.56,0
629.0,Spain,Female,43,8,111298.96,2,1,1,113133.04,0
657.0,Germany,Female,41,5,142535.75,1,1,1,7565.19,0
492.0,France,Female,38,7,86994.87,2,0,1,178654.98,0
687.0,Spain,Female,33,10,144679.44,1,0,0,6578.98,1
724.0,Germany,Female,18,6,0.0,2,1,0,148382.6,0
794.0,Germany,Male,38,3,0.0,1,0,1,60866.75,0
481.0,Germany,Female,55,3,0.0,2,1,1,131957.49,1
432.0,France,Male,23,1,0.0,2,1,1,61160.78,0
835.0,Spain,Male,24,6,121672.93,2,1,0,196112.53,0
595.0,France,Female,42,4,0.0,2,0,0,72395.28,1
739.0,France,Male,48,5,0.0,2,0,1,19045.19,1
643.0,France,Female,34,8,29323.89,2,0,0,138983.09,0
718.0,France,Male,39,3,96357.27,1,1,1,88220.27,0
662.0,France,Male,44,9,92919.51,1,1,0,164461.82,1
767.0,Germany,Female,32,3,218247.25,1,1,0,121155.94,1
850.0,Germany,Male,30,0,44005.93,2,1,1,123097.78,0
679.0,France,Male,31,8,117587.79,4,0,0,195466.31,1
823.0,Germany,Male,84,3,0.0,1,0,0,158026.53,0
585.0,Germany,Male,34,5,0.0,3,1,0,191265.71,1
554.0,France,Female,29,8,0.0,1,0,1,121699.66,0
662.0,France,Male,36,6,158879.99,2,0,1,9811.57,0
438.0,Spain,Female,33,9,0.0,1,1,0,15845.01,0
501.0,Spain,Female,45,7,163607.38,1,1,0,136708.39,0
560.0,France,Female,46,6,90177.89,2,1,0,179259.59,1
466.0,France,Female,35,5,131668.72,1,0,0,136038.85,0
681.0,France,Female,45,1,0.0,1,0,1,176552.12,1
427.0,France,Male,28,6,67080.08,2,1,0,87778.48,0
731.0,France,Male,42,9,0.0,3,1,0,134269.13,1
839.0,France,Male,52,0,188512.2,2,1,1,97170.79,0
788.0,France,Male,18,1,73386.23,1,1,1,160916.61,0
690.0,Germany,Male,26,3,176501.67,1,1,1,74810.18,0
732.0,France,Female,33,8,62622.08,1,1,0,88040.33,1
474.0,Spain,Female,36,3,125581.17,2,1,1,150064.79,0
558.0,Germany,Male,45,10,0.0,2,1,1,123914.59,0
519.0,Spain,Female,36,0,0.0,2,0,1,131915.35,0
743.0,France,Female,37,2,207106.97,2,1,1,57468.0,0
642.0,France,Male,27,2,130844.6,2,0,1,189321.62,0
630.0,France,Male,46,7,0.0,1,0,0,63332.61,1
595.0,France,Female,40,1,141883.77,1,0,0,129191.51,0
530.0,Spain,Male,45,0,118044.1,1,0,1,32762.87,0
790.0,Germany,Female,30,3,64816.27,1,1,1,147122.15,0
589.0,France,Male,33,1,120218.57,1,1,1,143731.13,0
793.0,France,Male,32,5,102489.24,1,1,0,43401.07,0
629.0,Spain,Male,39,8,0.0,2,1,0,85227.26,0
712.0,Germany,Male,18,7,91552.35,2,0,0,129559.38,0
615.0,France,Female,18,5,187672.51,2,0,0,88949.1,1
701.0,Germany,Male,47,0,54828.13,2,1,0,129021.96,1
673.0,France,Female,28,9,0.0,1,0,1,172517.31,0
590.0,Germany,Male,47,3,80870.32,1,1,1,162835.17,0
533.0,Germany,Male,26,2,121812.49,2,1,1,172824.43,0
735.0,Germany,Male,29,8,0.0,1,1,1,183229.23,0
585.0,France,Female,36,10,0.0,2,1,1,102166.04,0
723.0,France,Female,52,7,0.0,2,0,1,87279.02,0
807.0,Spain,Female,35,3,41887.11,1,1,1,43268.86,1
659.0,France,Male,40,3,0.0,2,1,0,162822.77,0
679.0,France,Male,35,4,169044.84,1,1,1,56827.78,0
683.0,Spain,Male,34,10,127501.45,1,1,1,87820.64,0
565.0,France,Female,31,8,0.0,1,1,0,157483.34,0
688.0,Germany,Female,25,1,34734.05,2,1,1,25117.07,0
623.0,France,Male,36,5,0.0,2,1,0,12198.75,0
692.0,Germany,Female,36,8,0.0,2,0,1,191809.12,0
470.0,Germany,Male,38,2,106767.74,1,1,0,122573.9,1
686.0,Spain,Male,29,10,0.0,2,1,1,112284.04,0
755.0,France,Female,47,10,125813.3,1,1,1,117438.79,0
595.0,Germany,Male,18,10,180586.48,1,1,1,128578.52,0
763.0,Spain,Female,38,9,63992.82,1,0,0,41269.31,0
761.0,France,Male,46,5,0.0,1,1,1,66816.72,0
500.0,France,Female,48,0,129736.12,2,1,0,199778.02,0
618.0,Germany,Female,26,3,98391.84,1,0,0,134899.58,1
593.0,France,Male,29,0,0.0,3,1,0,63640.01,1
711.0,France,Male,45,7,0.0,2,1,1,113736.52,0
770.0,Germany,Male,33,7,0.0,2,0,1,108811.98,0
630.0,France,Female,33,9,24017.48,1,1,1,94538.85,0
698.0,France,Female,32,2,88246.28,1,0,0,15807.06,0
714.0,France,Male,26,8,0.0,1,1,1,74750.06,0
787.0,Spain,Female,28,1,0.0,1,0,1,182969.89,0
687.0,France,Male,36,10,0.0,2,1,0,17824.73,0
529.0,France,Male,39,8,83773.83,2,1,0,83565.39,0
706.0,Germany,Male,47,8,85737.22,2,0,0,153263.62,1
570.0,France,Female,44,2,215202.97,1,1,1,125301.85,0
741.0,Spain,Male,46,7,12674.86,2,1,1,195306.82,0
636.0,Germany,Female,32,6,81681.47,2,1,1,191158.43,0
492.0,France,Female,52,10,8457.9,1,1,1,142479.97,1
605.0,France,Male,49,8,95551.65,1,1,0,181606.14,0
641.0,Germany,Male,47,1,0.0,2,1,0,68570.1,1
537.0,Germany,Female,41,4,66334.9,1,0,1,117061.28,1
615.0,France,Female,58,1,6011.34,1,1,0,51974.49,0
687.0,Spain,Male,35,9,225971.94,2,0,1,139778.46,1
850.0,France,Male,31,9,0.0,2,1,0,132473.27,0
573.0,Germany,Male,44,3,0.0,1,1,0,5481.75,0
718.0,France,Male,42,7,102813.63,2,0,1,109394.54,0
660.0,Spain,Female,48,1,8528.14,1,0,0,18090.3,0
667.0,Spain,Female,28,5,0.0,1,1,1,48686.97,0
413.0,Germany,Male,41,10,0.0,1,1,1,82735.98,0
850.0,Spain,Male,43,10,0.0,2,1,1,54052.27,0
631.0,France,Female,33,1,173852.8,1,1,1,139496.84,0
568.0,France,Female,32,7,190738.16,1,1,0,110998.05,1
596.0,France,Male,30,0,51310.03,2,1,0,191241.78,0
689.0,France,Male,44,6,0.0,1,1,1,124390.78,1
662.0,Germany,Female,57,8,0.0,1,1,1,125483.19,0
752.0,Spain,Male,33,10,0.0,2,0,1,58103.87,0
642.0,Spain,Male,38,10,0.0,2,0,1,122634.91,0
676.0,France,Female,40,4,53841.28,2,1,1,147331.57,0
629.0,France,Male,49,6,148909.81,1,1,0,28553.91,0
726.0,Spain,Female,50,8,0.0,2,1,0,102671.96,0
497.0,France,Female,30,3,127840.53,2,1,0,99600.43,1
562.0,Spain,Female,21,6,0.0,1,0,1,134159.08,0
632.0,Germany,Female,42,8,0.0,1,1,1,135120.11,0
620.0,France,Female,46,9,99731.75,2,0,1,27617.9,0
614.0,Germany,Female,39,8,0.0,2,1,0,4867.67,0
486.0,Spain,Female,18,9,181085.95,2,1,1,28810.79,0
638.0,France,Male,18,6,0.0,1,1,1,23128.59,0
651.0,France,Male,48,2,0.0,2,1,0,188641.7,0
645.0,Germany,Female,46,1,0.0,1,1,0,13805.41,0
661.0,France,Female,39,6,81145.5,2,1,1,124103.55,0
693.0,Spain,Female,59,6,0.0,2,1,1,3939.6,0
479.0,Spain,Female,35,5,0.0,2,1,1,160302.74,0
674.0,Spain,Female,48,10,0.0,2,1,0,17921.23,0
604.0,France,Female,31,8,61872.43,1,1,0,1837.67,1
413.0,Germany,Male,49,2,61582.71,1,1,1,146904.94,0
661.0,Spain,Female,36,3,101194.7,1,1,0,183622.7,0
719.0,France,Female,32,10,0.0,1,1,1,142515.98,0
675.0,France,Male,54,9,36759.61,1,1,0,186276.89,0
512.0,Spain,Female,35,2,131115.25,1,0,1,41388.1,1
729.0,France,Female,54,10,0.0,1,1,1,11166.52,0
698.0,France,Male,52,5,0.0,1,1,0,44702.89,1
521.0,Spain,Male,61,0,135313.51,2,1,1,3724.05,0
683.0,Germany,Female,33,2,0.0,2,0,1,194759.33,0
562.0,France,Female,34,3,0.0,1,1,1,40797.07,0
661.0,France,Male,44,4,162786.76,2,1,1,23355.94,0
633.0,France,Female,33,6,113263.99,1,0,0,121838.34,0
523.0,Germany,Female,36,8,0.0,1,1,1,60397.27,0
707.0,France,Female,37,4,179464.76,2,0,0,97743.57,1
729.0,France,Female,41,10,64048.83,2,0,0,77966.51,0
674.0,Spain,Male,50,9,0.0,1,1,0,58833.46,0
787.0,Germany,Female,39,8,53107.87,1,0,1,124373.61,0
579.0,Spain,Female,43,0,46281.41,2,1,0,37064.61,0
475.0,Germany,Male,34,8,129645.29,2,1,0,118182.78,0
767.0,France,Male,52,0,0.0,2,1,0,176799.28,0
459.0,Germany,Male,39,0,238773.26,2,1,0,61244.7,1
711.0,France,Male,51,9,0.0,2,0,0,14834.78,0
596.0,France,Male,43,7,40403.19,1,1,1,138014.34,0
665.0,France,Male,34,9,73905.58,1,1,0,12950.2,0
490.0,France,Male,50,9,127176.03,1,1,0,68339.36,0
714.0,Spain,Male,46,8,0.0,1,1,0,125116.73,1
731.0,Spain,Male,28,7,0.0,1,1,1,161635.88,0
806.0,France,Male,46,10,0.0,2,1,1,36525.72,0
718.0,Germany,Female,42,9,127591.96,2,1,0,16198.77,1
634.0,Spain,Female,52,1,68551.27,2,0,1,138560.13,0
701.0,France,Female,18,10,0.0,1,1,1,75894.21,0
596.0,France,Male,54,6,0.0,2,0,0,34732.18,0
850.0,Spain,Male,43,8,0.0,2,1,1,138015.01,0
683.0,Germany,Male,44,7,125250.59,1,0,1,110341.65,0
804.0,Germany,Female,40,0,116693.77,1,1,0,79889.76,0
662.0,Spain,Female,40,9,102945.69,1,1,1,195581.06,0
569.0,France,Female,47,1,0.0,1,1,1,105640.45,0
649.0,France,Female,27,4,0.0,2,1,1,57288.68,0
598.0,Germany,Female,47,2,0.0,2,1,1,98509.5,0
703.0,Spain,Female,45,6,14877.5,1,1,1,195325.76,0
758.0,Germany,Male,47,9,47814.68,2,1,1,45717.97,0
555.0,France,Female,45,9,115738.75,2,1,1,186495.7,0
736.0,France,Male,28,8,173555.9,2,1,1,109558.95,0
574.0,France,Male,39,5,0.0,1,1,1,147125.97,0
565.0,France,Female,46,8,0.0,2,1,0,69550.14,1
533.0,France,Male,36,9,105043.27,1,1,0,99755.53,0
684.0,France,Male,58,4,0.0,2,1,0,171104.68,0
604.0,France,Male,24,7,0.0,2,1,0,122347.33,0
634.0,Germany,Female,58,9,36118.89,1,1,0,69607.12,0
798.0,France,Female,38,7,121718.78,2,0,0,24561.22,0
743.0,France,Male,32,6,189420.45,1,1,1,160196.98,0
585.0,France,Female,28,9,0.0,2,0,0,103835.84,0
711.0,Germany,Male,42,1,73267.32,1,1,1,84453.71,0
735.0,Spain,Male,57,0,0.0,1,1,1,6335.58,0
716.0,France,Male,37,6,175536.53,2,1,1,151137.14,0
629.0,France,Male,32,4,24421.92,2,1,0,79621.13,0
794.0,France,Female,55,8,0.0,2,0,1,26601.55,1
801.0,France,Male,33,6,125154.25,2,0,1,20250.83,0
648.0,Germany,Female,18,10,0.0,2,1,1,154522.43,0
715.0,France,Male,38,8,76563.0,4,1,1,70000.53,1
502.0,Germany,Male,32,0,9083.94,1,1,1,178069.57,0
480.0,France,Male,24,0,142941.15,2,1,0,130413.76,1
850.0,France,Male,44,1,0.0,1,0,1,94447.35,1
728.0,France,Male,48,10,0.0,1,1,1,8211.58,0
645.0,France,Female,54,1,0.0,1,1,1,159099.75,0
677.0,France,Female,26,2,0.0,2,1,0,42637.17,0
706.0,France,Male,48,1,196245.8,2,0,0,197344.48,1
747.0,France,Male,25,5,123797.16,1,0,0,185938.75,0
672.0,France,Male,23,0,0.0,1,1,1,199463.76,0
714.0,France,Male,29,9,211354.83,1,0,1,171242.72,0
537.0,Germany,Female,32,6,86365.76,1,0,1,122470.85,0
711.0,Spain,Female,32,0,0.0,2,1,1,27244.6,0
548.0,France,Male,29,8,7555.56,1,1,1,64609.02,0
575.0,Germany,Female,33,10,0.0,1,0,1,2488.45,0
681.0,France,Male,25,4,102719.51,1,1,1,153556.19,0
708.0,France,Female,27,6,45987.69,1,1,1,87554.37,0
710.0,France,Male,37,10,132932.6,2,1,0,138565.67,0
703.0,Germany,Male,47,10,116235.24,3,1,1,191886.93,1
661.0,France,Female,56,8,0.0,1,1,1,107598.68,0
672.0,Spain,Male,44,1,126553.78,1,1,1,4343.98,0
575.0,Spain,Male,38,8,60862.47,1,1,1,81696.73,0
601.0,France,Male,58,8,84322.43,1,1,0,148888.8,0
663.0,Spain,Male,34,6,0.0,2,0,1,140187.23,0
850.0,Germany,Male,38,0,57474.77,1,1,1,60940.4,0
683.0,France,Female,40,6,80288.86,1,1,1,26332.9,0
646.0,France,Female,44,5,0.0,1,1,0,64707.28,0
641.0,Germany,Male,27,10,71927.21,1,0,1,133103.28,0
514.0,Spain,Female,33,7,100095.91,2,1,0,19453.83,1
468.0,Germany,Female,40,0,0.0,2,1,1,188036.28,0
695.0,Spain,Male,42,6,205164.41,2,1,0,22021.03,0
653.0,France,Male,43,7,0.0,1,1,0,188607.0,1
675.0,France,Male,51,10,0.0,2,0,1,23018.22,0
678.0,Germany,Male,45,1,141362.29,1,1,0,113234.26,1
537.0,Germany,Male,45,9,161836.37,2,1,0,20099.95,1
693.0,France,Male,34,5,0.0,2,1,1,112072.62,0
625.0,France,Male,32,7,83548.41,2,1,1,146473.01,0
686.0,Germany,Female,35,6,0.0,2,1,1,194482.49,0
641.0,France,Male,41,10,0.0,1,1,1,134329.68,1
752.0,Germany,Female,36,6,181867.68,2,0,1,131150.82,0
674.0,Spain,Male,60,4,251290.37,2,0,0,124008.07,1
654.0,Spain,Male,44,6,0.0,2,1,0,169040.28,0
780.0,Spain,Female,49,2,0.0,1,0,1,118258.74,0
704.0,France,Female,30,7,65185.21,1,1,1,86143.47,0
561.0,France,Female,48,8,0.0,2,1,0,51242.37,0
515.0,France,Male,45,6,57346.32,1,0,0,41734.83,0
785.0,France,Female,32,7,38782.84,1,1,1,173619.0,0
663.0,France,Male,51,10,152636.54,2,1,1,51318.38,0
674.0,Spain,Female,52,3,119252.13,2,0,0,49855.45,0
616.0,Germany,Female,29,9,75938.54,2,0,1,141971.12,0
700.0,France,Male,31,1,68809.89,3,0,1,81147.85,1
788.0,Germany,Female,29,8,0.0,1,1,0,59010.26,0
566.0,France,Female,40,0,181461.72,2,0,1,123701.83,0
778.0,Germany,Female,36,5,0.0,1,0,0,154116.95,1
706.0,France,Male,45,6,97133.02,2,0,1,199984.31,0
643.0,Germany,Male,36,7,83596.59,2,1,1,20359.38,0
507.0,Spain,Male,36,0,66950.19,1,1,0,86067.82,0
639.0,France,Female,39,4,0.0,2,1,0,21164.68,0
583.0,France,Female,33,5,106672.31,1,0,1,160600.6,0
685.0,Germany,Male,47,3,76862.0,1,1,0,52245.88,1
806.0,France,Male,48,1,173871.61,2,1,1,77597.16,0
758.0,France,Female,18,10,180621.53,1,1,0,162300.07,0
648.0,Germany,Male,39,9,104424.63,1,1,0,93091.96,0
609.0,Spain,Female,29,2,0.0,1,0,1,61806.28,0
694.0,Spain,Female,39,1,0.0,1,1,0,92921.11,0
545.0,France,Female,33,1,49364.42,2,1,1,119618.18,0
736.0,Spain,Male,35,4,172607.17,2,1,0,126403.65,0
603.0,France,Male,49,7,0.0,1,1,1,198040.23,0
684.0,Spain,Male,26,3,114968.92,1,0,1,61649.37,0
591.0,Germany,Male,47,5,71510.81,1,1,0,179866.09,0
723.0,France,Female,34,10,47073.59,2,1,0,47441.94,0
570.0,Spain,Female,25,1,83412.34,1,1,0,70471.93,0
630.0,Spain,Male,30,9,44491.07,1,0,0,34549.15,1
490.0,France,Male,41,5,0.0,1,0,0,92366.36,0
616.0,France,Male,28,3,158302.6,2,1,1,76592.79,0
583.0,France,Female,42,0,0.0,1,1,0,187196.68,0
531.0,France,Male,49,7,70572.67,2,1,1,44630.42,0
586.0,France,Female,30,2,25966.71,2,1,1,116971.65,0
587.0,France,Male,42,6,0.0,2,1,0,156331.02,1
603.0,France,Male,46,0,91602.04,1,1,0,70992.78,0
773.0,Germany,Male,24,5,123925.6,1,0,1,161360.56,0
703.0,Spain,Female,41,0,85361.4,1,1,0,13875.71,1
617.0,France,Female,31,2,0.0,1,0,1,28615.87,0
565.0,France,Male,24,10,117755.08,1,0,1,76903.13,0
523.0,Spain,Male,33,0,0.0,4,0,0,36363.16,1
630.0,Spain,Male,48,0,0.0,1,1,0,62793.04,0
704.0,France,Male,43,9,0.0,2,1,0,167096.61,0
773.0,France,Male,46,7,0.0,1,1,1,46012.31,0
809.0,Spain,Female,49,6,26678.21,1,0,1,69587.45,0
617.0,Spain,Male,42,8,0.0,2,1,0,113439.08,0
440.0,France,Female,31,2,111668.92,2,1,1,188921.7,0
833.0,Germany,Male,41,10,112150.09,2,1,0,124188.87,1
574.0,France,Male,48,3,61841.04,2,1,0,78274.64,1
571.0,Germany,Male,18,4,0.0,2,1,1,191477.62,0
729.0,Germany,Female,50,10,84520.25,2,1,1,3655.93,0
703.0,Germany,Female,38,8,0.0,2,1,1,83724.07,0
565.0,Spain,Female,28,6,80167.87,1,0,1,36099.78,0
695.0,France,Female,32,1,31732.5,1,0,0,144503.95,0
628.0,France,Female,22,3,96613.22,1,1,1,83966.27,0
569.0,Germany,Male,42,8,174005.52,1,0,0,178149.49,0
650.0,Germany,Male,31,10,55811.5,1,0,1,96011.59,0
687.0,France,Female,33,5,120907.15,1,0,0,63592.54,1
651.0,Spain,Female,37,6,214194.92,2,1,0,1682.77,0
777.0,Spain,Male,50,3,0.0,2,1,0,185090.12,1
734.0,France,Male,39,4,0.0,1,0,0,137551.91,0
676.0,France,Male,27,1,56600.0,2,1,1,135352.18,0
618.0,Germany,Male,33,3,0.0,2,1,0,165088.46,1
636.0,Spain,Male,46,0,0.0,2,1,1,1098.12,0
612.0,Germany,Female,34,4,0.0,2,1,1,136636.98,0
771.0,France,Female,24,10,0.0,2,0,0,28237.35,0
687.0,Spain,Female,57,7,38876.19,1,1,0,157009.92,1
673.0,Germany,Female,31,2,83270.95,1,1,1,155420.29,1
620.0,Germany,Male,36,7,0.0,1,0,1,169790.64,0
610.0,France,Male,28,5,129848.86,1,1,0,86698.17,0
783.0,Spain,Male,38,9,198729.79,2,0,0,108620.07,1
549.0,France,Female,38,0,0.0,2,0,1,34837.41,0
669.0,France,Male,42,10,142306.34,2,1,0,22891.17,1
482.0,Germany,Male,40,0,0.0,1,1,1,144890.67,0
713.0,Germany,Male,33,7,165866.65,1,1,1,17549.51,0
378.0,France,Female,44,7,74926.72,1,1,0,185640.22,0
620.0,France,Female,49,9,92280.7,1,1,1,67746.4,1
769.0,Germany,Female,35,8,110940.5,1,1,1,164107.35,0
693.0,France,Male,25,7,0.0,1,0,1,58955.32,0
735.0,France,Female,43,0,91820.99,2,1,1,183698.74,0
572.0,Spain,Female,44,6,187104.58,2,0,0,143698.46,1
673.0,Germany,Female,36,9,115282.88,2,1,1,78119.71,0
685.0,Germany,Female,47,6,93788.05,2,0,1,29463.51,0
567.0,France,Female,39,8,0.0,1,1,1,188441.17,0
610.0,France,Female,29,0,0.0,2,1,1,40299.01,0
643.0,France,Male,54,0,130644.05,2,1,1,36109.65,0
589.0,France,Female,56,3,232654.15,1,1,1,97145.18,1
705.0,France,Male,21,6,0.0,1,1,1,196615.21,0
608.0,Germany,Female,46,9,137823.98,1,0,0,130609.35,1
640.0,Germany,Female,37,8,0.0,2,1,1,8511.68,0
593.0,France,Female,35,9,81294.9,2,1,0,119899.39,0
643.0,France,Male,41,5,160499.77,1,1,1,47915.28,0
658.0,Spain,Female,28,4,35656.02,1,1,1,191905.79,0
685.0,Germany,Male,48,2,0.0,2,1,0,39276.11,0
727.0,Germany,Male,29,8,96198.92,1,1,0,141215.97,1
786.0,Spain,Male,38,3,38311.12,2,1,0,40595.94,0
632.0,Spain,Female,47,6,0.0,2,1,0,40296.17,0
719.0,France,Male,45,9,0.0,4,1,0,84063.26,0
637.0,France,Female,31,6,98783.29,1,1,1,144373.38,0
681.0,Germany,Male,53,7,0.0,2,0,0,48070.52,1
681.0,Germany,Male,33,4,0.0,1,1,0,2644.07,0
489.0,France,Male,37,7,152911.81,2,0,0,10164.87,0
591.0,France,Male,36,7,0.0,1,0,1,194167.6,0
623.0,France,Male,41,2,0.0,1,1,0,37211.83,0
548.0,Germany,Male,46,3,0.0,2,1,0,146960.57,1
747.0,France,Female,40,3,0.0,1,1,1,4937.29,0
656.0,Spain,Male,43,0,88420.38,2,1,0,92523.08,0
581.0,France,Male,45,3,150948.39,1,0,1,144541.22,0
665.0,France,Male,32,5,173801.84,2,1,0,165331.69,1
744.0,Spain,Male,60,6,149440.9,1,0,0,111179.97,0
659.0,France,Male,38,1,28276.87,1,1,1,186040.24,0
545.0,Spain,Male,35,3,168582.99,1,0,1,104173.31,0
632.0,France,Female,41,0,69505.7,2,1,0,11546.94,0
795.0,Spain,Male,32,1,43297.24,1,1,0,89046.62,0
710.0,Spain,Female,33,3,150792.56,1,1,0,162023.58,1
630.0,France,Female,52,3,0.0,2,0,1,7301.2,0
477.0,Spain,Female,62,0,86575.74,2,1,1,104883.67,0
661.0,Spain,Male,61,4,228563.5,1,0,1,46713.97,1
767.0,France,Male,29,3,162853.3,1,1,1,115826.99,0
583.0,Spain,Male,46,1,17610.48,2,1,1,141919.53,0
656.0,France,Male,37,6,75371.68,4,0,1,170094.22,1
724.0,France,Female,29,5,220168.82,3,1,0,183252.56,1
564.0,Spain,Female,40,6,29971.87,2,1,0,80505.02,0
677.0,Spain,Female,33,6,155542.49,2,1,1,158113.62,0
605.0,France,Female,31,8,128818.42,1,0,1,130554.36,0
700.0,France,Male,54,10,51268.61,1,1,1,59742.62,0
631.0,France,Male,65,7,0.0,1,0,0,119532.87,0
445.0,France,Female,41,5,139057.07,2,1,1,24657.89,0
740.0,Germany,Male,32,10,122931.56,2,1,0,112932.77,1
716.0,Germany,Male,56,7,129759.46,2,1,1,95781.95,0
635.0,Spain,Female,54,7,0.0,2,1,0,191815.99,1
645.0,France,Male,46,0,29288.43,1,0,1,104003.47,0
528.0,France,Male,36,10,0.0,1,1,1,160206.62,0
773.0,Spain,Female,50,1,146521.93,2,1,0,84166.38,0
657.0,France,Male,40,2,12505.77,1,1,1,59273.11,0
850.0,France,Male,44,4,41899.63,1,1,1,81104.53,0
648.0,France,Female,18,3,196666.12,2,1,0,85939.43,0
849.0,France,Male,35,4,0.0,3,1,1,167517.22,0
736.0,Germany,Male,54,7,88990.53,2,1,0,142465.41,1
685.0,Germany,Male,42,0,0.0,1,1,0,155510.51,0
784.0,Germany,Male,39,4,0.0,1,1,0,107813.99,0
743.0,Spain,Female,42,7,140635.47,2,1,0,87349.73,0
563.0,France,Male,26,10,83590.14,1,1,1,174491.62,0
666.0,Germany,Male,18,1,94951.94,2,0,1,171982.72,0
589.0,Spain,Male,37,7,124779.66,2,1,1,56793.75,0
705.0,France,Male,35,0,0.0,2,0,0,110830.04,0
533.0,France,Female,33,10,0.0,1,1,0,187826.55,0
586.0,Germany,Female,34,3,36697.91,1,0,1,76845.53,1
610.0,France,Female,47,9,0.0,3,0,0,175021.32,1
577.0,France,Male,44,8,0.0,1,1,0,47151.45,0
639.0,France,Male,38,9,0.0,1,1,1,147256.19,0
643.0,France,Female,30,0,0.0,2,1,1,174736.42,0
583.0,Germany,Male,28,9,0.0,2,1,1,176792.59,0
760.0,France,Female,38,10,51206.71,1,0,1,163990.74,0
653.0,Germany,Male,40,9,0.0,1,1,1,183666.57,0
648.0,France,Male,47,3,0.0,1,1,0,24059.78,0
601.0,France,Female,41,10,162085.17,2,1,0,115909.25,0
587.0,France,Male,27,4,73577.33,2,0,1,136780.89,0
730.0,Spain,Female,37,1,0.0,2,1,0,149787.17,0
622.0,France,Female,38,7,52576.09,2,1,0,168594.57,0
545.0,Spain,Male,32,2,51503.8,2,1,1,30867.4,0
756.0,France,Female,42,2,73607.81,2,1,0,65774.99,0
763.0,Spain,Male,53,3,146501.1,2,1,1,159713.34,0
687.0,France,Female,51,6,124201.43,1,1,0,67820.7,1
699.0,Germany,Male,27,4,153915.15,2,1,1,90847.67,0
665.0,Germany,Female,39,7,80477.49,2,0,1,180794.88,1
616.0,Spain,Female,30,7,152761.97,1,0,0,131526.72,0
652.0,Spain,Female,41,0,0.0,1,1,0,99024.94,0
574.0,Germany,Male,32,5,232909.85,2,1,0,17003.91,0
550.0,Spain,Female,30,0,0.0,1,0,1,13785.54,0
543.0,France,Female,49,5,0.0,2,1,0,23290.37,0
629.0,France,Female,28,0,0.0,2,0,0,102244.79,0
740.0,Spain,Male,38,5,58320.08,1,1,1,178073.98,0
611.0,France,Male,48,7,164438.85,1,1,1,72837.32,0
640.0,Spain,Female,40,4,0.0,2,1,1,25579.41,0
622.0,France,Female,31,0,136922.18,2,1,0,33232.74,1
795.0,France,Male,20,2,10673.31,1,1,0,36889.29,0
847.0,France,Male,46,7,143432.35,1,1,0,42599.99,0
673.0,France,Male,40,7,0.0,2,1,0,54798.81,1
757.0,France,Female,32,1,0.0,1,1,0,197862.1,1
722.0,France,Male,28,0,0.0,1,1,0,98804.27,1
829.0,France,Female,18,8,0.0,2,1,1,80805.47,0
640.0,France,Male,38,7,128108.35,1,1,0,124278.57,1
658.0,France,Male,35,8,89084.39,2,1,1,55145.33,0
545.0,France,Male,33,7,0.0,1,1,1,49290.77,0
637.0,France,Male,44,9,82401.97,2,1,1,135186.24,0
709.0,Germany,Female,28,9,0.0,1,1,1,48873.8,0
587.0,France,Male,37,0,0.0,1,1,0,182525.43,0
744.0,Spain,Female,28,9,0.0,2,1,0,108712.33,0
586.0,Germany,Female,49,0,0.0,1,1,0,188466.74,1
620.0,Germany,Male,39,0,0.0,1,1,0,12706.18,0
750.0,France,Female,39,4,107543.7,1,1,1,169471.0,0
661.0,Spain,Female,37,2,201780.5,1,1,0,113445.91,1
397.0,France,Female,69,5,220017.55,1,1,1,67363.27,0
700.0,France,Male,40,2,194287.15,2,1,1,127425.69,0
643.0,France,Female,53,2,56562.65,1,0,0,78052.48,1
742.0,Spain,Female,46,0,0.0,1,1,0,160720.15,1
620.0,Spain,Female,31,0,15195.06,1,0,0,137263.96,0
664.0,France,Male,39,2,60238.74,1,1,1,101347.94,0
796.0,Spain,Female,41,10,0.0,1,1,0,159180.37,0
670.0,Spain,Male,49,2,95240.4,2,1,1,50363.12,0
724.0,France,Female,38,5,0.0,2,0,0,85905.41,0
597.0,Germany,Male,38,3,123701.34,2,1,0,94065.5,0
621.0,Spain,Female,18,5,201893.34,1,0,0,16782.25,0
453.0,Spain,Male,37,8,0.0,2,1,0,193288.55,0
580.0,France,Male,40,4,0.0,1,0,0,43349.36,0
758.0,France,Female,22,7,239618.84,1,1,1,47225.04,0
680.0,Spain,Male,31,5,0.0,1,1,1,69480.28,0
663.0,Spain,Female,21,6,46741.18,2,1,0,171243.98,0
653.0,France,Female,26,5,125107.96,1,0,1,192130.01,0
741.0,France,Female,48,3,0.0,2,0,1,94384.65,0
525.0,France,Male,53,2,0.0,2,1,1,191881.41,0
716.0,Spain,Male,54,4,180265.99,4,1,1,45575.98,1
421.0,France,Male,21,8,31293.77,1,1,1,126204.5,0
775.0,Spain,Female,24,5,193431.1,2,1,0,188449.27,0
655.0,France,Female,43,6,100297.63,2,0,1,19125.09,0
603.0,Spain,Male,43,10,95223.57,1,0,0,147554.18,0
674.0,France,Male,32,3,113880.09,1,0,0,29339.53,0
667.0,Spain,Female,22,9,0.0,1,1,0,110596.69,0
674.0,France,Male,42,8,30024.66,1,1,0,63170.56,0
621.0,France,Female,21,1,122451.63,2,1,0,166563.6,0
590.0,Spain,Female,53,6,0.0,2,1,1,171927.86,0
700.0,Spain,Male,22,10,0.0,2,1,0,43935.61,0
736.0,Germany,Female,18,6,55901.07,2,1,0,106888.37,0
586.0,France,Male,30,0,0.0,2,0,0,53366.15,0
582.0,Spain,Male,46,1,125835.83,2,1,0,73957.67,0
687.0,Germany,Female,53,9,14801.09,1,1,0,34361.62,1
667.0,France,Male,41,5,232311.3,2,1,0,152103.78,0
511.0,Spain,Female,45,7,46207.96,1,1,0,50574.27,0
599.0,Spain,Female,29,10,0.0,1,1,0,95359.2,1
641.0,France,Male,45,6,52787.5,1,1,0,39552.06,0
700.0,Spain,Male,31,10,107844.18,1,1,1,130743.95,0
626.0,Germany,Male,38,1,67339.09,2,1,1,85141.71,0
577.0,France,Male,48,8,190701.15,2,1,1,131739.68,0
642.0,Germany,Female,34,9,0.0,4,0,0,145961.56,1
470.0,Spain,Male,39,3,0.0,2,1,1,59348.38,0
691.0,France,Male,26,1,0.0,2,1,0,71701.45,0
758.0,France,Male,42,2,106262.14,1,0,0,166711.36,0
540.0,Spain,Male,33,3,158900.2,2,1,1,154521.17,0
624.0,Germany,Male,33,9,0.0,1,1,1,42347.91,0
665.0,France,Male,42,10,41013.72,1,0,0,40085.15,0
781.0,Germany,Male,32,9,160497.47,1,1,0,79601.35,1
794.0,Germany,Male,30,10,115492.18,1,1,0,181401.28,1
600.0,France,Male,29,8,0.0,2,0,0,190777.98,0
609.0,Germany,Male,48,1,149801.21,1,0,0,173782.33,1
586.0,France,Female,34,7,64386.17,2,1,1,37434.3,0
602.0,Spain,Female,40,3,0.0,2,0,0,84129.58,0
644.0,France,Male,51,4,202679.56,2,0,1,105559.3,0
752.0,France,Male,44,2,131277.79,2,1,0,124828.79,0
709.0,France,Female,46,6,146242.88,2,0,0,161406.98,1
719.0,France,Female,31,6,0.0,1,0,0,57776.68,0
622.0,France,Male,24,8,51935.71,1,1,0,22358.28,0
841.0,France,Female,33,2,0.0,1,1,0,65539.13,0
523.0,Spain,Male,32,0,145171.43,1,1,1,112827.93,0
593.0,France,Male,29,3,260000.0,1,0,0,196451.97,0
772.0,France,Female,43,1,0.0,2,0,1,14306.85,0
690.0,France,Female,53,1,112528.89,1,1,1,27115.48,0
572.0,Germany,Male,18,1,0.0,1,0,1,105757.82,0
697.0,Germany,Female,36,7,0.0,2,1,0,123030.45,1
617.0,France,Female,27,8,181524.08,2,1,0,95498.38,0
564.0,Spain,Male,36,1,30427.95,2,1,0,186821.52,0
619.0,France,Male,36,1,0.0,2,1,0,163336.27,0
514.0,Germany,Male,30,6,135584.24,1,1,1,98154.68,1
526.0,Spain,Female,41,4,80301.47,1,1,1,80357.95,0
709.0,Spain,Female,44,9,206925.42,1,1,1,6550.85,0
695.0,France,Male,30,5,79487.93,2,1,0,160848.56,0
621.0,Spain,Male,18,8,56980.27,2,1,0,89933.41,0
673.0,Spain,Male,45,5,0.0,2,1,1,19889.6,0
608.0,Spain,Female,18,8,107127.97,1,1,0,173938.16,0
617.0,France,Male,39,7,39610.42,1,1,0,197617.7,1
704.0,Germany,Female,42,0,176283.78,2,1,0,77316.95,1
686.0,Germany,Male,59,2,49407.55,1,1,0,165383.99,0
629.0,Germany,Female,29,2,0.0,3,1,1,172216.56,1
664.0,Germany,Female,55,1,157754.31,2,1,0,188271.15,0
679.0,France,Male,52,10,114592.14,1,1,1,187750.1,0
641.0,France,Male,46,5,96540.94,1,0,0,54367.68,1
526.0,Germany,Male,47,4,0.0,2,1,1,136083.6,0
629.0,Spain,Male,33,0,0.0,1,1,1,162380.61,0
632.0,France,Male,32,10,0.0,2,1,1,22942.23,0
637.0,France,Female,23,4,0.0,2,1,1,30164.16,0
611.0,France,Female,39,8,155266.4,2,0,0,18517.84,0
654.0,France,Female,40,0,70128.33,1,1,1,156014.66,0
593.0,France,Female,25,8,101990.72,2,1,0,80361.9,0
810.0,Germany,Male,41,9,121823.88,2,0,0,47071.09,1
546.0,Germany,Female,38,5,52393.91,2,1,0,187781.67,0
561.0,France,Female,48,1,30994.66,2,0,0,136408.16,0
686.0,France,Male,26,1,55622.52,1,1,0,139317.71,0
519.0,Germany,Male,29,3,0.0,1,1,1,31077.1,0
628.0,Spain,Male,34,1,0.0,2,0,0,183001.96,0
503.0,France,Male,32,7,113784.02,2,1,0,53664.64,0
594.0,Spain,Male,45,7,0.0,1,0,0,29995.6,0
584.0,France,Male,40,0,133684.25,2,1,1,6417.65,0
602.0,France,Male,35,5,108643.86,2,0,1,97948.48,0
671.0,Germany,Female,43,1,28554.05,2,0,1,163677.91,0
668.0,France,Female,51,5,65892.28,1,0,1,187331.84,0
850.0,France,Male,28,7,0.0,1,0,0,165683.91,0
530.0,France,Female,34,7,0.0,1,1,1,151687.33,0
693.0,France,Female,28,7,0.0,2,1,0,28906.95,0
573.0,France,Male,43,5,0.0,1,0,1,85518.14,0
599.0,France,Male,41,2,157833.07,2,1,0,13083.32,0
748.0,France,Male,37,5,0.0,1,1,1,175588.46,0
445.0,Spain,Male,23,0,0.0,1,1,0,57784.11,0
612.0,France,Male,44,2,121717.05,2,1,1,152586.43,0
748.0,France,Male,27,9,0.0,2,0,1,69672.0,0
613.0,Germany,Female,32,10,0.0,2,1,1,103467.21,0
686.0,France,Female,47,6,0.0,1,1,0,162872.8,0
692.0,France,Male,26,0,0.0,2,1,1,5369.61,0
665.0,France,Male,34,1,0.0,2,1,1,137607.79,0
666.0,Spain,Male,32,0,119398.42,2,1,0,156993.2,0
704.0,Germany,Male,52,10,35995.52,1,1,1,69034.87,0
850.0,France,Male,43,1,0.0,1,1,1,34378.38,0
771.0,France,Male,27,9,0.0,2,1,0,42533.27,0
690.0,France,Female,39,6,0.0,1,1,0,48362.48,0
606.0,Germany,Female,33,1,0.0,1,1,1,62263.62,1
646.0,Spain,Female,22,7,0.0,1,1,1,119305.67,0
588.0,Spain,Female,50,6,87771.43,2,1,1,141112.13,0
717.0,France,Male,48,7,0.0,2,1,1,107159.25,0
460.0,France,Male,42,6,61117.94,2,1,1,136093.03,0
736.0,France,Male,35,5,0.0,1,0,0,62694.62,0
738.0,Germany,Female,51,8,87966.35,2,1,0,127759.5,0
521.0,Germany,Male,48,3,120749.34,2,1,1,19566.93,0
545.0,Spain,Female,29,9,112347.49,3,1,0,73193.73,1
722.0,France,Female,27,1,131129.99,1,1,1,89353.4,0
712.0,Spain,Male,43,3,0.0,2,1,0,41459.02,0
553.0,Germany,Female,55,5,88340.5,2,1,0,125865.11,1
702.0,Germany,Male,42,5,132883.26,1,0,1,153570.67,0
736.0,Spain,Female,40,3,0.0,1,0,1,197030.7,1
619.0,France,Female,36,9,137763.64,2,1,1,34280.55,0
556.0,Germany,Male,40,2,104662.85,1,1,0,182973.69,0
720.0,France,Male,40,10,91507.11,2,1,0,137564.55,0
689.0,Spain,Female,38,7,7413.38,2,1,1,12905.91,0
608.0,Spain,Female,53,10,98187.89,2,1,1,187315.14,0
727.0,France,Female,39,0,0.0,1,1,1,63447.09,0
581.0,France,Male,37,1,0.0,1,0,0,156573.33,0
812.0,Spain,Male,45,7,169348.92,1,0,1,68514.34,0
642.0,France,Female,30,10,112742.62,2,1,0,187888.38,0
654.0,Germany,Male,38,2,18445.44,1,1,0,64468.26,0
728.0,Germany,Male,50,9,56249.32,1,0,1,91837.69,1
688.0,Spain,Female,50,6,0.0,1,1,0,39743.2,1
636.0,Spain,Male,51,3,66865.01,1,1,0,12627.08,0
783.0,France,Male,23,10,30695.3,2,1,0,74154.05,0
774.0,Germany,Female,37,9,0.0,4,1,0,21063.8,1
678.0,Spain,Male,48,5,153445.73,1,0,0,171500.67,0
709.0,Spain,Female,43,5,0.0,1,0,1,44559.99,0
781.0,France,Male,31,7,82118.85,1,1,0,46967.74,0
807.0,France,Female,36,7,0.0,1,1,0,45068.59,0
751.0,Germany,Male,27,6,58725.27,1,1,1,36552.94,0
550.0,Germany,Female,19,7,182333.2,1,0,1,119311.43,0
529.0,France,Female,59,5,152737.46,1,1,0,123750.47,0
579.0,Germany,Female,54,8,0.0,2,1,0,147401.46,0
607.0,Germany,Female,50,10,177886.87,2,0,0,59854.69,1
375.0,Spain,Male,50,10,15806.14,2,1,1,90386.04,0
682.0,Spain,Male,49,3,87567.12,2,1,1,131144.73,0
693.0,France,Female,24,1,0.0,2,1,1,166873.05,0
518.0,Germany,Male,44,9,110277.48,2,1,0,55785.81,0
598.0,France,Male,36,6,114470.14,2,1,1,23806.66,0
579.0,France,Male,62,1,0.0,1,0,0,43577.3,0
540.0,France,Female,26,3,0.0,1,1,0,147841.06,1
678.0,France,Male,54,4,115928.41,1,1,1,15345.83,0
827.0,Germany,Male,36,8,0.0,2,0,0,98868.99,0
642.0,France,Female,46,2,200008.38,2,1,0,5490.55,1
694.0,Spain,Male,35,3,133647.56,1,1,0,187850.89,1
597.0,Spain,Male,34,3,0.0,2,1,0,41051.77,0
749.0,France,Male,40,2,0.0,2,1,1,10995.93,0
840.0,France,Male,33,5,95617.42,1,0,1,2590.78,0
796.0,France,Female,27,10,0.0,2,0,0,127159.77,0
543.0,Germany,Male,41,5,0.0,1,1,1,76198.78,0
530.0,Germany,Female,43,0,0.0,1,1,0,72083.48,0
433.0,France,Male,30,10,9667.15,1,1,1,151757.31,0
720.0,France,Male,33,0,93348.9,1,0,0,116889.17,0
634.0,France,Female,32,8,86187.74,2,1,0,62036.0,1
680.0,France,Female,45,2,174177.87,2,1,1,27671.7,0
594.0,Germany,Male,42,10,127719.16,1,1,1,99462.95,0
501.0,France,Female,32,4,77570.01,1,1,1,138583.1,0
622.0,Germany,Female,29,4,0.0,2,0,0,25239.49,1
632.0,Spain,Female,34,1,54170.65,2,1,0,87787.35,0
600.0,France,Male,57,5,0.0,2,1,0,155837.81,0
619.0,Spain,Male,26,1,0.0,2,1,1,19938.91,0
703.0,France,Female,34,7,119513.5,1,1,1,186493.06,0
498.0,Spain,Male,36,8,0.0,2,1,1,155363.79,0
556.0,France,Male,31,1,150860.35,2,1,0,185614.16,0
714.0,France,Male,34,0,122379.29,1,1,1,113239.56,0
570.0,France,Male,43,0,26397.39,1,1,1,161546.3,0
589.0,Spain,Female,64,7,0.0,1,0,1,32398.05,0
850.0,France,Male,58,3,80839.11,1,1,0,127432.84,0
597.0,France,Female,31,0,0.0,1,1,0,64416.81,0
635.0,Spain,Male,42,4,0.0,2,1,1,129324.67,0
647.0,Spain,Male,37,8,0.0,1,0,1,68371.18,0
494.0,Germany,Male,44,8,116558.16,1,1,0,76567.58,1
517.0,France,Female,52,3,0.0,2,0,1,18200.16,0
570.0,France,Female,31,5,101308.78,2,0,1,140515.26,0
526.0,Spain,Male,34,8,65004.34,2,1,0,149291.11,0
762.0,France,Female,20,2,0.0,2,1,1,138053.05,0
490.0,Spain,Male,51,1,0.0,1,1,1,25194.96,0
593.0,Spain,Female,48,9,0.0,1,0,1,196732.09,0
534.0,Germany,Male,44,2,0.0,2,1,1,155967.29,0
658.0,France,Male,57,6,87246.28,2,1,1,170691.66,0
631.0,Germany,Male,43,1,0.0,1,1,1,56564.35,0
850.0,France,Male,29,8,63243.59,3,1,1,59521.06,0
788.0,France,Female,26,8,137345.81,2,0,0,42750.69,0
697.0,France,Male,40,9,0.0,1,1,1,194312.4,0
604.0,Spain,Male,29,8,70756.77,2,0,1,59902.84,0
550.0,Germany,Male,40,10,0.0,2,0,1,105888.81,0
822.0,Spain,Male,41,9,105615.51,1,0,0,8595.48,0
838.0,Germany,Male,23,6,164354.97,2,1,1,10345.44,0
519.0,France,Male,44,3,0.0,1,1,1,14935.62,0
558.0,Spain,Female,42,9,0.0,2,1,1,127225.73,0
547.0,Germany,Female,47,0,135956.92,2,1,0,177969.87,0
631.0,France,Male,50,9,0.0,1,0,0,115266.46,0
500.0,Germany,Male,23,2,71193.59,2,0,1,58874.9,0
767.0,Spain,Female,37,5,78758.78,1,1,1,174568.87,0
673.0,Germany,Female,29,6,222231.66,2,1,0,76933.76,0
617.0,France,Female,39,4,0.0,2,0,0,112303.38,1
667.0,France,Female,51,0,0.0,2,1,0,140618.0,0
473.0,Germany,Female,48,1,0.0,1,1,0,6365.51,1
580.0,France,Female,32,0,39196.73,1,1,0,142832.86,0
730.0,Spain,Female,49,10,184150.5,2,0,1,179593.5,0
577.0,France,Female,41,8,0.0,1,1,0,75215.0,0
535.0,Spain,Female,43,7,111048.12,1,1,0,165681.81,0
679.0,France,Male,49,8,0.0,1,1,0,163437.55,0
571.0,Germany,Male,31,9,0.0,1,1,1,199950.82,0
730.0,Germany,Male,42,4,0.0,1,1,0,95302.91,0
550.0,Germany,Female,38,3,49528.69,1,1,0,21085.8,1
697.0,France,Male,37,1,76297.55,2,0,0,4304.01,0
686.0,France,Female,33,1,50711.14,2,1,1,91021.18,0
645.0,France,Female,38,6,189098.24,1,1,0,66807.71,1
752.0,Germany,Male,46,10,57702.61,4,1,0,35197.78,1
671.0,France,Male,43,3,0.0,2,1,1,96049.02,0
725.0,France,Female,43,1,0.0,1,1,1,117736.45,0
665.0,France,Male,36,6,0.0,1,1,0,14750.78,0
577.0,France,Male,34,8,0.0,1,1,1,58157.98,0
719.0,France,Male,41,10,33787.71,2,1,1,172573.66,0
641.0,France,Female,37,5,69686.55,3,0,1,174964.34,1
585.0,Germany,Female,43,8,0.0,1,0,0,76208.41,0
602.0,Germany,Female,33,0,39450.4,1,1,1,29717.6,0
447.0,Spain,Male,30,0,91048.42,2,1,1,95979.99,0
674.0,Spain,Male,33,6,0.0,2,1,0,9677.38,1
650.0,France,Male,37,5,99403.72,2,1,0,168536.3,0
590.0,Spain,Female,36,5,0.0,1,1,1,94125.99,0
515.0,Germany,Male,28,10,177013.0,2,1,1,100022.32,0
699.0,Germany,Male,51,0,220653.89,1,1,1,124237.71,0
627.0,France,Male,35,0,70885.72,1,1,0,74866.47,0
676.0,Germany,Male,33,5,0.0,1,1,0,51078.01,1
587.0,Germany,Male,55,3,9381.02,1,1,1,86909.16,0
798.0,France,Male,37,5,0.0,1,0,0,60093.73,0
735.0,France,Female,49,8,0.0,1,1,1,164061.31,0
762.0,Germany,Female,48,4,0.0,1,0,0,5735.63,0
653.0,Spain,Male,33,3,147255.91,2,1,1,17717.55,0
847.0,Germany,Male,67,0,96132.65,2,1,0,34733.69,1
802.0,France,Male,39,1,172425.12,4,1,1,88798.76,1
673.0,Germany,Male,39,4,56924.69,3,1,0,5559.0,1
734.0,France,Male,34,9,40533.13,1,1,0,88463.75,1
529.0,Germany,Female,34,1,0.0,2,1,1,9576.43,0
588.0,France,Female,38,8,186054.36,1,0,1,170285.84,0
698.0,France,Male,34,0,173327.06,1,1,0,70663.42,0
600.0,Spain,Female,22,5,0.0,2,1,0,52948.17,0
700.0,France,Female,18,6,20022.99,2,1,0,188231.2,0
558.0,Germany,Female,46,7,0.0,1,0,1,63833.43,0
679.0,Germany,Female,45,4,124786.55,1,1,0,95180.32,0
692.0,Spain,Female,39,10,120607.39,1,1,1,51446.22,0
754.0,France,Female,47,10,151901.72,1,1,0,141723.85,1
706.0,Spain,Male,37,3,118819.67,1,1,0,111513.2,0
709.0,France,Female,35,4,92399.4,1,1,0,64992.16,0
493.0,France,Male,44,7,80993.6,2,1,1,164237.44,0
502.0,Germany,Female,36,7,120010.93,1,1,1,82742.8,1
660.0,Spain,Female,37,10,0.0,1,1,1,193642.04,0
611.0,Germany,Female,35,8,179482.32,1,0,0,23897.06,0
622.0,France,Male,35,8,124718.93,2,1,0,5518.91,0
607.0,France,Female,28,6,0.0,2,1,0,154770.32,0
734.0,France,Male,44,7,146228.13,1,1,1,77303.77,0
602.0,France,Female,32,2,0.0,2,1,0,132766.48,0
702.0,France,Female,33,1,0.0,2,1,1,31283.53,0
415.0,Spain,Male,38,10,38818.16,1,1,0,145564.51,0
599.0,France,Male,39,3,0.0,1,1,0,28094.95,0
788.0,Germany,Male,30,1,0.0,2,0,1,127158.58,0
706.0,France,Female,26,1,0.0,1,1,0,73328.19,1
724.0,Spain,Female,38,8,157168.69,1,1,1,150944.43,0
655.0,France,Male,30,9,0.0,2,1,1,112144.85,0
638.0,Germany,Male,67,6,0.0,2,1,0,156865.63,0
695.0,Spain,Female,31,9,87953.5,2,1,1,106299.13,0
631.0,France,Male,31,3,0.0,2,1,0,191252.97,0
629.0,France,Female,30,4,0.0,1,1,0,79665.15,0
565.0,Germany,Male,47,4,196872.83,1,0,0,184892.85,0
660.0,Spain,Male,49,7,0.0,1,1,1,147063.29,0
597.0,Germany,Female,49,3,0.0,1,1,1,56704.33,0
721.0,Spain,Female,49,4,162918.42,2,0,1,191664.19,0
700.0,France,Male,38,3,112218.13,2,1,1,85179.86,0
576.0,Spain,Female,44,7,0.0,2,1,1,165616.8,0
569.0,Germany,Male,43,3,191555.36,2,1,1,41077.46,1
810.0,France,Female,42,4,0.0,2,1,1,134743.97,0
523.0,Spain,Male,53,7,75771.12,1,0,0,74247.0,1
657.0,France,Female,26,4,0.0,1,0,1,48620.96,0
559.0,France,Male,36,4,0.0,1,1,0,135765.34,0
617.0,Spain,Male,35,0,99278.11,2,1,1,65292.3,1
640.0,France,Male,69,5,93557.67,1,0,0,36711.74,0
670.0,France,Female,40,7,129408.96,2,0,0,197341.33,1
611.0,France,Male,23,5,0.0,1,1,1,39605.54,0
602.0,France,Female,53,9,0.0,2,1,0,182470.04,0
490.0,Spain,Male,33,2,124003.51,1,1,0,69930.05,0
546.0,France,Female,19,3,51854.13,1,1,0,27861.0,0
742.0,Germany,Male,42,4,68373.95,1,1,0,2397.45,0
713.0,Germany,Female,41,10,72804.76,2,0,1,70144.2,0
733.0,Spain,Female,38,1,0.0,1,1,0,46648.16,0
597.0,Germany,Male,51,3,129833.14,1,1,0,125968.32,1
621.0,Spain,Male,41,4,44876.83,2,0,0,20117.21,0
574.0,France,Female,45,9,122121.08,2,1,1,72330.6,0
542.0,France,Female,33,3,0.0,1,0,1,30458.44,0
847.0,Spain,Male,38,10,0.0,2,0,0,63698.86,1
749.0,Germany,Male,34,2,76987.16,1,0,1,88794.21,0
658.0,France,Female,45,2,156055.74,2,0,0,144312.3,0
617.0,France,Male,45,7,189054.97,1,1,1,153219.43,0
650.0,France,Female,40,9,0.0,2,0,1,41722.43,0
630.0,France,Male,36,9,0.0,2,1,0,187210.91,1
668.0,France,Female,32,10,7567.81,1,1,0,60783.72,0
543.0,Germany,Female,40,6,45624.57,2,1,1,13872.29,0
571.0,Spain,Female,46,10,118282.64,1,0,0,162106.18,1
510.0,Germany,Male,57,5,93980.67,1,1,0,105733.75,1
652.0,France,Male,40,9,130436.5,2,1,1,72515.82,0
644.0,Germany,Female,65,9,148219.29,1,1,1,194445.81,0
789.0,France,Male,42,7,0.0,2,0,1,178337.95,0
774.0,France,Female,28,6,0.0,2,1,1,50823.36,0
660.0,France,Female,36,7,67485.81,2,1,0,184944.08,0
589.0,Germany,Male,41,7,0.0,2,1,1,173462.92,0
743.0,France,Female,45,7,0.0,1,1,0,184295.04,0
709.0,Spain,Female,21,5,140128.07,1,1,0,21609.06,0
636.0,Spain,Female,43,5,60189.15,2,0,1,126019.57,0
776.0,Spain,Male,47,8,0.0,2,1,0,66464.36,0
739.0,France,Female,50,5,0.0,1,0,1,36358.58,0
645.0,Spain,Female,57,0,135869.73,2,1,1,70657.69,1
592.0,Spain,Female,48,0,51025.78,2,0,0,188077.08,0
705.0,France,Female,54,10,0.0,2,1,1,118736.75,0
606.0,Spain,Female,38,7,74252.84,2,1,1,122075.7,0
677.0,Spain,Male,42,1,127002.55,1,0,1,102081.14,0
536.0,France,Male,37,10,0.0,1,1,1,54595.0,0
728.0,Germany,Female,36,3,214861.19,1,1,1,161847.68,1
519.0,Germany,Male,43,3,0.0,2,1,0,97296.23,1
738.0,France,Male,36,1,0.0,4,1,0,24243.86,1
594.0,Germany,Male,28,7,14194.42,3,1,0,11926.07,1
700.0,France,Male,39,8,142158.94,1,1,1,117308.89,0
587.0,France,Male,41,8,72668.16,1,1,0,17149.75,1
628.0,Spain,Male,47,8,0.0,2,1,1,45731.99,0
586.0,France,Male,19,10,0.0,2,0,0,48921.45,0
785.0,Spain,Male,38,9,0.0,2,1,0,189763.16,0
586.0,Spain,Male,37,1,0.0,1,1,1,90732.84,0
722.0,France,Female,43,0,50149.84,1,1,1,92125.91,0
660.0,Germany,Female,32,6,176091.56,2,1,1,88311.64,0
535.0,France,Male,42,0,0.0,2,1,0,170875.39,0
718.0,France,Male,44,7,30746.16,2,1,0,13624.07,1
645.0,Germany,Male,33,10,168816.45,3,1,1,61148.31,1
778.0,France,Male,46,9,107886.74,2,1,1,112074.11,0
688.0,Germany,Female,28,7,23031.46,1,1,1,68884.23,0
710.0,France,Male,51,6,36700.61,2,1,1,136765.64,0
565.0,France,Male,34,10,94863.77,2,0,0,18461.24,0
592.0,Germany,Male,42,9,132721.78,1,1,0,84025.24,0
646.0,Germany,Female,49,5,47220.27,1,0,0,56433.72,1
604.0,Germany,Male,33,6,113267.63,3,1,0,159676.54,1
583.0,France,Female,46,10,140085.59,1,1,1,98311.23,0
650.0,Germany,Female,43,1,98341.26,1,1,1,195214.64,0
576.0,Germany,Male,46,0,67192.91,1,0,1,29779.37,0
520.0,Germany,Female,40,10,47084.24,2,1,0,17646.59,1
524.0,France,Female,18,10,15879.0,1,1,0,84629.75,0
589.0,France,Female,38,4,0.0,2,1,1,47705.67,0
609.0,Germany,Female,25,2,0.0,1,1,1,9413.32,0
850.0,France,Female,56,0,105859.94,2,1,1,8001.7,0
751.0,France,Female,57,2,49583.13,1,1,1,13762.35,0
541.0,France,Female,47,10,0.0,1,1,1,116897.43,0
824.0,Germany,Female,40,1,45829.44,1,0,0,36697.49,0
697.0,Spain,Male,37,9,0.0,2,1,0,187212.94,0
625.0,France,Male,33,7,37570.36,2,1,1,88276.45,0
712.0,France,Female,46,2,147426.59,2,1,1,47423.82,0
676.0,France,Male,46,4,138816.29,1,0,1,159072.03,0
727.0,France,Female,38,6,0.0,1,1,1,148469.66,0
670.0,France,Female,44,2,164357.03,2,1,1,115500.92,0
650.0,Spain,Female,32,5,0.0,2,1,1,41421.87,0
624.0,Germany,Female,40,5,0.0,2,1,0,113359.96,1
697.0,France,Male,43,8,31880.54,1,1,0,182459.69,0
770.0,France,Male,42,9,48656.68,1,1,1,160352.98,0
720.0,France,Female,33,8,112844.75,1,1,1,141334.94,0
738.0,France,Female,40,9,84159.22,1,0,1,102033.35,0
603.0,France,Male,35,6,0.0,1,1,1,154546.86,0
683.0,France,Female,44,10,193024.68,2,1,0,193607.92,1
683.0,France,Female,30,10,190278.9,1,1,0,57032.26,0
670.0,Spain,Male,28,7,29997.47,1,1,1,3285.28,1
698.0,Spain,Male,52,3,74403.33,2,1,1,11788.14,0
599.0,France,Female,33,2,70205.86,1,1,0,157723.54,0
521.0,Germany,Male,23,1,0.0,3,0,0,115786.57,1
668.0,France,Female,39,7,128029.93,2,1,0,17089.56,0
573.0,Spain,Male,21,3,0.0,2,1,1,48006.19,0
725.0,France,Female,33,10,0.0,1,0,0,3252.19,0
768.0,France,Male,36,6,100104.08,2,0,1,33740.96,0
621.0,Spain,Male,44,5,64679.85,1,1,1,36090.78,0
612.0,Spain,Male,35,7,40144.14,1,1,0,115842.68,0
659.0,Germany,Male,36,10,75132.08,2,0,1,58159.08,0
563.0,France,Female,51,1,105957.3,2,1,1,60811.48,0
796.0,France,Male,39,6,0.0,1,1,1,111781.75,0
814.0,France,Female,50,0,0.0,1,1,0,114094.98,0
776.0,Germany,Male,37,5,149520.46,1,1,1,30036.7,0
724.0,France,Female,29,0,260000.0,2,1,1,15232.81,0
759.0,France,Male,41,3,63462.41,1,1,1,173539.73,0
695.0,France,Female,39,5,38363.53,2,1,1,90651.76,0
742.0,France,Male,38,6,0.0,2,1,1,102404.15,0
756.0,Germany,Male,32,9,0.0,2,1,1,2032.98,0
680.0,France,Male,19,0,0.0,1,1,1,25831.69,0
642.0,France,Female,60,8,109027.39,1,0,1,136392.97,0
579.0,Germany,Female,44,10,117325.58,2,1,1,196178.8,1
564.0,Spain,Female,35,6,107994.8,2,0,1,39594.51,0
648.0,France,Female,24,10,0.0,2,1,0,176000.34,0
623.0,France,Male,38,8,82416.45,2,0,0,170951.04,0
723.0,Germany,Male,34,7,0.0,2,0,0,186879.87,0
593.0,Germany,Male,30,1,82365.4,2,0,1,43021.09,0
638.0,Spain,Female,49,8,188432.42,2,1,0,17976.03,0
746.0,Spain,Female,30,9,138448.24,1,1,1,153298.18,0
597.0,France,Female,40,4,124762.27,1,0,0,189056.68,1
656.0,Spain,Female,38,5,0.0,2,1,1,106658.66,0
697.0,France,Male,62,8,202924.94,2,0,1,147782.7,0
746.0,Spain,Male,29,0,0.0,1,1,1,16724.44,0
517.0,Spain,Male,39,6,0.0,2,1,0,83061.63,0
355.0,France,Male,43,0,0.0,2,1,1,157288.41,1
642.0,Germany,Female,22,8,71959.81,1,1,0,175032.65,0
713.0,Germany,Male,48,6,21992.95,2,1,0,111485.93,0
711.0,France,Male,44,5,0.0,1,1,1,144520.84,0
543.0,France,Male,50,8,138982.75,1,0,1,46687.41,0
647.0,France,Male,44,0,0.0,3,1,0,105140.38,1
530.0,France,Female,42,10,122991.61,1,1,0,57992.95,0
782.0,Germany,Male,45,8,127105.96,2,1,0,51268.04,1
698.0,France,Female,29,7,107139.75,1,1,1,44394.44,0
681.0,France,Male,35,9,128690.4,1,1,1,4627.47,0
580.0,Germany,Female,29,2,56406.85,2,1,0,44459.77,0
717.0,Spain,Female,33,7,113846.45,2,1,1,101735.68,0
578.0,Germany,Male,34,8,113930.61,2,1,0,67707.74,0
584.0,France,Male,38,0,0.0,1,1,0,183733.61,0
614.0,France,Male,27,8,153260.7,2,1,1,166859.84,0
529.0,France,Male,44,10,109940.15,2,1,0,80445.07,1
739.0,France,Male,29,3,0.0,1,1,0,23023.05,0
579.0,Germany,Male,39,6,199928.26,1,1,0,94673.79,1
730.0,Germany,Male,61,5,99864.89,2,1,1,47559.07,0
600.0,France,Male,18,4,0.0,1,1,0,75853.43,0
672.0,France,Male,50,5,0.0,1,0,1,164646.83,0
721.0,Spain,Male,47,9,68248.67,2,1,1,69071.67,0
567.0,France,Female,33,0,209811.47,2,1,0,119397.3,1
684.0,Spain,Female,37,7,96143.22,1,1,1,63900.96,0
567.0,France,Male,39,3,55279.16,2,1,1,92886.35,0
691.0,Germany,Female,53,5,0.0,1,0,1,88601.48,0
497.0,Germany,Female,33,9,74536.3,1,0,1,170008.85,1
850.0,Germany,Male,53,6,85692.2,3,1,1,13194.27,1
482.0,Germany,Female,37,4,0.0,2,1,1,76963.25,1
746.0,France,Female,60,0,111983.5,2,0,0,184032.36,1
519.0,Spain,Female,48,6,105234.16,1,1,1,136778.66,0
567.0,France,Male,29,5,156314.4,2,1,1,186576.58,1
699.0,France,Male,29,10,72052.74,2,0,0,107175.82,0
594.0,France,Male,57,9,16221.17,2,0,1,37806.19,0
706.0,France,Female,60,8,80523.86,2,1,1,129631.62,0
562.0,Spain,Male,34,5,67100.97,1,1,1,143939.48,0
504.0,Spain,Female,48,4,69022.68,4,0,0,196222.68,0
625.0,France,Female,34,4,29736.05,1,1,1,185407.45,1
647.0,France,Male,27,2,34807.88,3,0,1,107410.99,0
650.0,France,Male,48,2,94255.38,1,1,0,191360.2,1
424.0,Spain,Male,35,0,0.0,1,1,0,35886.94,0
590.0,France,Female,53,6,201021.2,2,0,1,29169.85,1
850.0,France,Female,24,10,54503.15,2,0,0,82036.7,0
703.0,France,Female,39,9,42420.07,1,0,0,195292.16,0
541.0,Germany,Male,41,8,0.0,1,1,1,183549.8,0
656.0,Spain,Male,57,4,0.0,2,1,0,65800.27,0
672.0,Germany,Male,29,1,101736.51,2,0,0,171570.57,1
560.0,Spain,Male,44,4,0.0,2,1,0,198188.93,0
679.0,France,Female,37,10,0.0,1,0,1,60130.03,0
679.0,Spain,Female,18,8,0.0,2,1,1,141730.78,0
534.0,Spain,Male,49,4,0.0,1,1,1,29596.66,0
564.0,France,Male,31,4,0.0,1,0,1,154723.09,0
835.0,France,Male,41,2,0.0,2,0,1,3070.89,0
736.0,France,Female,33,6,0.0,3,1,1,80197.61,1
505.0,France,Male,37,3,35928.17,1,0,1,130005.22,0
731.0,France,Female,48,0,0.0,1,1,0,144642.76,0
640.0,Spain,Male,30,6,0.0,1,1,0,172576.87,0
723.0,France,Male,27,1,0.0,2,1,1,167018.77,0
590.0,France,Female,36,6,133118.8,2,0,0,134297.68,0
462.0,France,Male,57,9,118297.86,1,1,1,157356.12,0
722.0,France,Male,34,4,0.0,2,0,1,143732.04,0
812.0,Spain,Female,44,2,137790.89,1,0,0,160960.49,0
722.0,Spain,Female,32,5,0.0,1,1,1,146449.41,0
710.0,France,Male,57,5,16326.19,1,1,0,76568.02,0
564.0,Germany,Female,42,1,29363.88,1,1,0,138806.03,0
653.0,Germany,Female,52,4,157071.0,1,1,0,130052.76,0
676.0,Spain,Male,37,3,43893.82,2,1,1,70806.4,1
688.0,Germany,Female,25,1,0.0,1,1,0,76807.44,1
603.0,Germany,Male,40,4,0.0,1,0,1,116881.19,0
704.0,Spain,Male,54,3,0.0,2,1,0,194112.4,1
711.0,France,Female,35,9,150287.29,1,1,0,34643.22,0
806.0,France,Male,40,2,0.0,2,0,1,121663.93,0
691.0,France,Female,42,8,84179.84,1,1,0,132503.73,1
642.0,France,Male,35,5,131980.86,1,0,1,73043.31,0
808.0,Spain,Male,36,4,196359.02,2,1,0,24741.27,0
555.0,France,Female,35,5,0.0,1,1,1,109893.23,1
661.0,Germany,Female,23,4,0.0,1,1,0,62314.48,0
692.0,France,Female,33,3,3807.38,1,1,0,166483.51,0
667.0,France,Male,31,5,183956.87,1,1,1,199127.41,0
763.0,France,Male,45,1,54516.74,2,1,0,137089.96,1
626.0,Spain,Female,32,9,123120.87,1,1,1,70349.28,0
677.0,Spain,Male,49,4,0.0,2,1,0,2206.31,1
670.0,France,Male,43,5,137885.43,1,0,0,47429.51,1
756.0,Spain,Male,31,10,0.0,1,1,0,55920.22,0
604.0,France,Female,33,0,0.0,2,1,1,50788.11,0
604.0,Germany,Male,39,0,58184.05,2,1,1,61872.04,0
691.0,Spain,Male,44,9,0.0,2,1,1,179607.23,0
615.0,France,Male,27,8,0.0,1,1,1,170061.24,0
672.0,France,Female,54,7,0.0,1,0,0,223.31,1
446.0,France,Female,25,0,140001.05,2,1,0,179980.54,0
702.0,France,Male,35,6,93721.77,1,1,0,7469.49,0
767.0,France,Male,49,9,98146.1,1,1,0,21966.58,0
693.0,Spain,Female,29,6,0.0,1,1,0,33083.12,0
775.0,Germany,Female,23,9,0.0,2,1,0,113922.3,1
515.0,France,Female,40,3,0.0,1,1,1,96798.64,0
752.0,Germany,Male,65,6,37686.71,2,1,1,181568.18,0
690.0,France,Female,33,1,124291.68,1,1,1,16111.38,0
610.0,Germany,Female,35,5,0.0,1,1,1,97898.27,0
620.0,Spain,Male,35,6,229328.6,2,1,0,77240.39,0
505.0,France,Male,49,2,124552.93,2,1,1,10942.13,0
729.0,France,Male,54,9,0.0,2,1,0,169463.32,0
522.0,France,Male,43,4,15910.95,1,1,1,171456.58,0
654.0,France,Female,27,4,0.0,2,1,1,142232.8,0
764.0,Germany,Male,22,4,0.0,2,1,0,27739.45,0
597.0,Spain,Male,34,4,0.0,1,0,0,71328.95,0
579.0,Germany,Female,27,10,260000.0,1,1,1,177377.34,0
705.0,Spain,Female,38,8,0.0,2,0,0,81035.24,0
595.0,France,Female,28,2,175596.35,1,0,0,98087.14,1
658.0,Spain,Female,30,1,0.0,1,0,0,197991.78,0
592.0,Germany,Male,19,5,32898.78,1,0,1,26251.17,0
699.0,Spain,Female,27,5,102772.75,2,0,0,173750.21,1
565.0,Spain,Male,42,10,0.0,1,0,1,60061.0,0
716.0,France,Female,41,6,0.0,1,1,1,123569.08,0
583.0,Germany,Male,30,0,0.0,1,1,1,149932.06,0
678.0,Spain,Female,34,7,118673.35,2,1,1,179142.16,0
740.0,Spain,Female,40,8,128512.92,1,1,0,171574.82,1
712.0,Spain,Female,55,1,81900.71,2,1,0,62408.65,0
601.0,France,Male,25,3,140764.27,2,1,0,13049.64,0
630.0,Germany,Female,56,4,0.0,2,1,1,27026.29,1
640.0,France,Male,27,2,101381.98,2,1,0,169897.04,0
624.0,Spain,Female,53,8,0.0,1,1,0,150076.16,1
826.0,Spain,Female,50,1,0.0,1,1,1,178358.07,0
668.0,France,Female,37,0,113774.24,1,0,1,163379.57,0
479.0,Spain,Male,48,8,0.0,3,1,1,162570.89,0
616.0,Germany,Female,43,6,0.0,1,0,0,25462.8,0
594.0,Germany,Female,49,1,124857.93,1,1,1,142156.1,1
793.0,Spain,Male,32,3,0.0,1,0,0,185197.05,0
675.0,Spain,Male,47,6,98862.07,1,1,1,74893.46,0
685.0,France,Female,47,1,3206.56,1,1,1,195454.06,0
693.0,Germany,Female,50,8,41524.94,2,1,0,159024.7,1
577.0,Spain,Male,22,3,82308.92,1,0,0,18703.15,0
550.0,France,Female,47,6,62915.5,2,1,0,6196.95,0
691.0,France,Female,55,10,0.0,1,1,1,86897.27,0
581.0,France,Female,42,8,157671.1,1,1,1,31952.11,0
575.0,Germany,Female,58,6,136446.4,1,0,1,100211.56,1
628.0,Spain,Female,38,2,0.0,1,1,0,89237.88,0
579.0,Spain,Female,35,4,171152.01,1,1,0,127356.08,0
674.0,Spain,Male,40,6,35599.34,2,1,1,130700.65,0
850.0,France,Male,43,1,84101.37,1,1,0,33516.98,0
636.0,France,Male,40,6,0.0,2,1,0,155744.09,0
606.0,Germany,Male,47,5,70076.32,1,1,1,163221.26,1
656.0,Germany,Female,41,3,206273.05,2,1,0,186314.25,1
733.0,Spain,Female,48,5,134653.09,1,0,0,76869.37,0
735.0,Germany,Female,37,10,130923.79,2,1,0,184499.05,1
822.0,France,Male,18,4,63956.22,1,0,1,173088.25,0
681.0,France,Male,63,6,0.0,3,1,1,100336.08,1
675.0,France,Male,25,6,36643.44,2,1,1,13690.37,0
590.0,Spain,Male,32,10,0.0,1,0,0,55841.23,0
722.0,France,Female,25,2,90185.89,2,0,0,29771.21,0
733.0,France,Male,28,2,144388.46,1,0,0,73262.02,0
542.0,France,Male,39,5,178334.98,2,1,1,68775.04,0
605.0,Spain,Female,37,2,69520.9,1,1,1,129010.55,0
687.0,France,Male,31,7,0.0,1,0,1,188858.16,0
798.0,Germany,Male,44,2,81908.05,2,1,1,139033.01,0
665.0,France,Female,38,10,0.0,2,0,1,157517.61,0
677.0,Germany,Female,43,2,73208.39,2,0,1,132388.85,1
776.0,France,Male,49,4,0.0,1,1,1,167102.47,0
578.0,Germany,Female,51,8,0.0,1,0,1,196102.6,0
732.0,France,Male,48,7,88521.78,1,0,0,44179.46,0
692.0,France,Female,40,7,67857.08,1,1,1,175374.12,0
514.0,Spain,Male,31,3,19484.38,2,1,0,12841.68,0
704.0,Germany,Male,37,0,0.0,1,1,1,195702.52,0
671.0,France,Male,28,5,64208.39,3,0,0,197135.57,1
738.0,France,Male,52,1,0.0,1,1,0,162449.27,0
574.0,France,Male,42,2,0.0,1,1,0,118055.98,0
609.0,Spain,Male,58,6,158447.27,2,1,1,30491.98,0
580.0,France,Female,32,4,167314.95,1,1,0,55386.33,0
516.0,France,Male,32,2,0.0,1,0,1,24520.02,0
664.0,Spain,Male,45,6,109638.19,1,1,0,189569.19,1
569.0,France,Male,51,6,90869.77,1,1,0,175323.91,0
788.0,France,Female,25,7,0.0,1,1,1,19550.12,0
569.0,Spain,Female,56,8,136414.97,2,1,0,50020.48,0
589.0,France,Male,49,4,0.0,2,1,0,30208.71,1
606.0,France,Female,47,6,0.0,3,1,0,187880.54,1
647.0,France,Male,46,4,112515.8,2,0,0,27992.34,0
706.0,Spain,Female,48,6,0.0,2,1,0,166205.48,0
825.0,France,Female,43,8,83128.32,2,1,0,162586.89,0
512.0,France,Male,52,8,138707.62,2,1,0,183585.19,0
610.0,France,Male,33,6,68739.47,1,0,1,92755.44,0
621.0,Spain,Male,19,4,0.0,1,1,0,18600.74,0
572.0,Germany,Male,41,6,0.0,2,1,1,138453.12,0
611.0,Germany,Male,18,1,15918.03,2,0,1,126064.25,0
623.0,France,Male,28,0,0.0,1,0,0,36581.46,0
843.0,Spain,Female,39,7,8209.85,2,0,1,176022.31,0
548.0,France,Female,34,10,90833.71,2,0,0,105817.28,1
617.0,France,Male,44,7,83199.65,1,1,1,68893.38,0
534.0,Germany,Male,37,0,0.0,2,1,0,12328.06,1
682.0,France,Female,39,9,0.0,2,1,1,42418.72,0
686.0,France,Male,41,4,70793.76,1,1,0,132585.31,0
552.0,France,Male,35,0,0.0,2,0,1,74949.47,0
779.0,France,Female,25,5,250664.48,2,0,1,158891.2,0
594.0,Germany,Male,50,6,205046.13,1,1,1,188617.93,1
659.0,France,Male,51,1,0.0,2,1,0,92159.42,0
691.0,France,Male,24,1,0.0,1,1,1,135535.79,0
643.0,France,Male,39,7,150412.46,1,1,1,69288.5,1
486.0,France,Male,64,1,92450.74,1,0,1,114609.38,0
791.0,France,Female,61,3,92551.07,2,1,1,9019.0,0
751.0,Germany,Male,35,9,112479.11,1,1,0,129010.84,1
701.0,France,Male,60,10,103193.39,1,1,0,197569.14,1
685.0,Spain,Male,18,7,0.0,2,1,1,128974.76,0
430.0,France,Male,51,4,0.0,1,1,1,41284.94,0
553.0,Spain,Male,49,5,98179.09,2,1,0,96837.89,1
452.0,France,Male,30,10,0.0,1,1,0,185027.51,0
661.0,Germany,Male,42,1,117855.43,1,1,1,91958.73,0
703.0,Spain,Male,38,5,33188.46,2,1,0,67898.71,1
713.0,France,Female,51,1,233434.19,1,1,1,17455.78,1
502.0,Germany,Male,33,0,0.0,1,0,1,64634.77,1
645.0,Spain,Male,46,5,49700.17,1,1,1,148934.57,0
547.0,France,Female,27,2,184015.98,1,0,1,6937.88,1
677.0,Germany,Female,25,2,62270.53,1,1,1,177328.84,0
617.0,France,Female,46,2,58798.04,2,1,0,70469.22,0
575.0,France,Male,32,7,35841.23,2,1,1,163582.55,0
530.0,Germany,Male,39,6,0.0,1,0,0,155096.11,0
643.0,France,Female,41,10,119501.83,1,0,1,11781.95,0
713.0,France,Female,43,9,0.0,1,1,1,75425.71,0
660.0,Spain,Female,60,4,0.0,1,1,1,5125.95,0
624.0,France,Male,27,8,0.0,1,1,0,92125.7,0
745.0,Germany,Male,18,9,207321.74,2,1,1,99715.74,0
567.0,Germany,Female,22,1,0.0,2,0,1,172680.36,0
420.0,Germany,Female,36,5,202341.84,2,0,0,197901.8,1
533.0,France,Male,37,10,20302.42,2,1,1,63230.45,1
546.0,Germany,Female,41,7,0.0,1,0,0,55525.45,1
660.0,Germany,Male,51,5,178232.88,2,0,1,118401.92,0
633.0,Germany,Male,35,3,260000.0,1,0,0,130945.62,0
568.0,Germany,Female,22,2,257125.82,2,0,0,104178.02,1
599.0,France,Female,60,2,249972.53,1,1,1,101952.68,1
816.0,France,Female,46,1,0.0,4,1,1,18222.51,1
586.0,France,Female,18,2,0.0,2,0,1,2540.71,0
670.0,Spain,Male,56,5,133641.24,1,1,1,73554.09,0
434.0,France,Male,36,7,115561.43,2,1,0,6348.13,1
662.0,France,Male,56,2,90871.89,2,0,0,59852.98,1
654.0,France,Female,37,1,0.0,1,1,1,17522.39,0
469.0,Spain,Male,38,4,128998.12,2,1,0,52222.89,0
515.0,France,Male,40,8,137016.09,1,1,0,184250.77,0
627.0,Spain,Male,45,5,159146.63,2,1,0,127931.78,0
625.0,France,Female,39,0,0.0,1,1,1,189079.88,0
594.0,Germany,Female,41,7,187033.54,1,1,1,64487.96,1
491.0,Spain,Male,46,0,37681.5,1,1,1,10902.56,0
724.0,Spain,Male,30,2,139381.32,2,1,0,120492.89,1
520.0,Spain,Male,49,9,0.0,2,1,0,60072.54,0
594.0,France,Male,37,2,164517.35,2,1,0,101476.66,0
470.0,Germany,Male,34,7,0.0,1,1,1,67865.85,0
606.0,Germany,Female,19,7,0.0,4,0,1,166752.79,0
471.0,Germany,Male,40,2,0.0,1,1,1,53291.75,0
679.0,France,Female,44,0,56439.29,1,1,1,112563.24,0
663.0,France,Female,33,8,146177.21,1,0,1,35830.95,0
571.0,France,Male,45,0,146471.68,1,1,1,155734.06,1
842.0,France,Male,37,4,0.0,2,1,0,189410.3,0
850.0,Spain,Male,54,0,0.0,1,1,1,29365.83,0
592.0,Spain,Female,35,6,0.0,1,0,1,59411.51,0
737.0,France,Female,49,3,25462.97,1,0,1,185850.35,0
700.0,France,Female,27,9,81423.98,1,1,1,6663.0,0
666.0,France,Female,49,6,0.0,2,1,0,32613.11,1
612.0,Spain,Female,41,5,54754.95,1,1,0,109270.43,0
552.0,Spain,Female,45,10,0.0,1,1,1,8962.13,0
590.0,France,Female,26,0,0.0,2,0,0,156408.17,0
710.0,Spain,Male,34,2,14713.7,1,1,1,191600.2,0
706.0,France,Female,54,9,125292.37,2,1,1,90793.06,0
641.0,Spain,Male,33,3,0.0,2,1,1,89653.06,0
657.0,France,Female,41,4,0.0,2,1,1,47703.69,0
752.0,Spain,Male,31,2,118257.73,2,1,0,26851.25,0
468.0,Germany,Female,18,5,0.0,2,0,1,146093.57,1
621.0,France,Male,33,5,47691.52,1,1,1,24607.42,0
731.0,France,Male,45,7,0.0,1,0,0,119481.71,0
714.0,France,Female,35,6,132751.6,1,1,0,125608.2,1
594.0,France,Male,41,0,16367.41,1,0,1,116608.23,0
637.0,Spain,Female,68,10,32421.71,2,0,1,188805.65,0
451.0,France,Female,37,4,0.0,2,0,0,89952.87,0
850.0,France,Male,43,2,0.0,1,1,1,155256.92,0
624.0,France,Male,33,4,22224.21,2,0,0,183533.92,0
760.0,Germany,Male,48,0,49713.01,2,1,0,155727.73,1
584.0,France,Male,36,10,98710.32,2,1,1,172225.3,0
711.0,France,Female,41,5,0.0,2,0,0,148893.02,0
737.0,France,Male,43,8,13237.22,1,0,0,56424.75,0
801.0,France,Male,32,6,7158.45,1,0,0,104218.45,0
702.0,Spain,Female,38,8,67679.43,2,1,0,27536.65,0
702.0,Spain,Male,37,8,0.0,1,0,1,17451.6,0
850.0,France,Male,50,8,0.0,1,1,1,64266.56,0
557.0,France,Female,28,10,92336.36,2,0,0,180090.45,0
661.0,France,Male,41,4,117271.62,2,1,0,170615.19,0
680.0,France,Female,27,9,46884.29,1,0,0,5913.21,0
618.0,France,Male,48,4,152058.08,1,1,0,179526.84,0
596.0,Spain,Male,46,4,178696.81,2,1,0,98418.24,1
554.0,Germany,Male,24,6,97170.98,3,0,1,26933.51,1
580.0,Germany,Male,36,2,0.0,2,1,1,194901.87,0
739.0,France,Female,38,8,130498.85,2,1,0,45996.67,0
586.0,Germany,Male,41,10,0.0,1,1,0,4143.32,0
559.0,Germany,Female,44,4,0.0,1,1,1,18109.42,0
516.0,Spain,Female,27,9,77581.07,2,1,0,13059.74,0
801.0,France,Female,47,7,132010.76,1,1,1,83394.45,0
438.0,Spain,Female,30,5,0.0,1,1,0,44669.77,0
505.0,France,Female,53,1,16382.83,2,0,1,174450.09,0
587.0,Spain,Female,23,6,41402.34,1,1,0,15870.48,1
563.0,Germany,Male,44,7,205393.05,1,0,1,58083.42,0
518.0,France,Male,47,10,92646.15,2,1,0,50480.19,1
672.0,France,Male,54,3,106590.42,2,1,1,30731.23,0
644.0,France,Female,51,10,185715.38,1,1,0,19465.83,0
789.0,France,Male,45,8,50370.56,2,1,1,107369.59,0
798.0,Germany,Female,54,8,103567.43,2,0,0,85078.95,1
656.0,Germany,Female,37,9,169998.57,2,1,0,176985.69,1
667.0,France,Male,44,9,64445.35,1,1,0,5653.31,0
673.0,Spain,Male,43,10,89193.15,1,1,0,75313.56,0
750.0,France,Male,42,1,0.0,2,1,1,39461.82,0
784.0,France,Female,45,7,96049.81,2,1,0,106677.15,0
769.0,Germany,Female,37,3,0.0,2,0,1,51535.08,0
514.0,Germany,Female,27,8,129580.91,1,1,1,3939.94,0
850.0,Spain,Female,38,5,0.0,2,1,0,104681.38,0
850.0,France,Male,38,2,0.0,1,1,1,93890.55,0
496.0,France,Male,47,0,67215.72,2,0,0,89028.74,0
720.0,France,Female,45,10,0.0,1,1,1,56720.16,0
760.0,Germany,Male,37,0,235149.15,2,1,1,161744.33,1
558.0,Spain,Female,52,5,0.0,2,0,0,59542.18,0
736.0,France,Female,31,6,0.0,1,1,1,173017.27,0
576.0,France,Female,37,1,198045.3,1,1,1,16145.84,0
640.0,Germany,Male,34,4,56417.84,2,0,1,78191.2,1
587.0,France,Female,22,1,160719.43,1,1,0,4827.42,0
616.0,Spain,Male,38,0,37402.05,1,0,1,21760.65,0
546.0,France,Female,37,1,0.0,2,1,1,66253.96,0
559.0,France,Male,49,7,55418.47,1,1,1,58505.41,0
792.0,France,Male,30,4,99183.54,1,0,0,6571.44,0
540.0,Spain,Male,27,7,0.0,2,1,1,194667.74,0
656.0,France,Female,45,7,127956.66,1,1,0,79631.14,1
454.0,Germany,Male,31,6,0.0,1,1,0,157479.85,0
597.0,France,Male,56,10,0.0,2,1,1,181379.14,0
569.0,France,Female,29,8,67536.36,1,1,1,29086.67,0
690.0,Germany,Male,39,5,0.0,1,0,0,122777.51,0
455.0,Spain,Male,44,0,75263.67,1,1,0,184279.01,0
793.0,France,Female,41,6,0.0,2,1,1,62803.12,0
556.0,France,Male,33,1,131730.25,1,1,0,192364.65,0
736.0,France,Male,26,10,18584.54,1,1,0,43157.53,0
651.0,Spain,Male,40,7,186964.69,1,1,0,168384.95,1
539.0,France,Female,44,6,37775.57,2,1,1,48373.21,0
678.0,France,Male,35,10,52421.81,1,1,1,80485.63,0
696.0,Spain,Female,29,4,177752.72,1,1,0,117715.02,0
716.0,Germany,Female,27,6,0.0,2,1,1,7262.64,0
785.0,Spain,Female,50,9,74195.16,1,1,1,117773.87,0
592.0,France,Male,31,9,106866.13,1,1,1,154071.24,0
613.0,France,Male,48,2,130618.95,1,0,0,73680.17,0
725.0,France,Male,26,6,0.0,2,1,0,97647.88,0
787.0,Germany,Male,55,2,0.0,2,1,0,1433.82,0
747.0,Germany,Female,34,8,0.0,2,1,1,125334.95,0
548.0,France,Female,41,7,124535.19,2,1,0,38451.82,0
764.0,France,Male,42,8,71091.08,1,0,1,1554.47,0
646.0,France,Female,48,5,0.0,2,0,1,197989.16,0
631.0,Spain,Male,49,10,46669.06,2,1,1,130365.24,1
525.0,France,Male,36,8,166426.96,1,1,1,79355.57,0
680.0,Germany,Female,31,2,0.0,2,0,0,86842.9,0
850.0,Germany,Female,42,10,0.0,1,1,1,33523.05,0
594.0,France,Male,40,8,154241.22,2,1,0,49126.04,1
711.0,Spain,Female,51,9,97515.06,1,1,1,185288.95,0
623.0,Spain,Female,36,10,0.0,3,1,0,59080.22,1
823.0,France,Female,35,3,0.0,1,1,1,199648.04,0
689.0,France,Female,26,4,49841.9,1,1,1,142729.66,0
521.0,Germany,Male,44,1,55917.86,2,0,0,170770.96,1
459.0,France,Male,42,4,142775.55,1,0,0,102134.76,0
663.0,Spain,Male,38,6,0.0,1,1,1,150100.9,0
588.0,Germany,Male,52,8,0.0,2,1,0,91202.8,1
690.0,Spain,Male,39,2,0.0,1,1,0,119627.1,0
581.0,Germany,Female,49,6,0.0,2,1,0,129429.46,0
694.0,Germany,Male,47,6,0.0,2,1,1,61795.42,0
771.0,Spain,Female,24,2,0.0,1,1,0,46337.94,0
614.0,Spain,Male,42,5,0.0,2,0,0,166824.51,0
728.0,Spain,Female,36,8,83071.51,1,1,1,69115.57,0
652.0,Spain,Female,40,7,0.0,1,0,1,199704.61,0
715.0,France,Male,35,6,0.0,1,1,1,5812.21,0
620.0,France,Male,32,0,143452.54,1,0,1,87607.45,0
632.0,Germany,Female,28,6,13854.98,2,0,1,152942.2,0
754.0,Spain,Male,35,9,0.0,3,0,1,116073.62,0
531.0,Spain,Female,55,7,51424.5,1,0,0,62560.97,0
727.0,France,Female,48,5,93656.91,1,1,1,193214.8,0
543.0,Spain,Male,49,6,77188.33,2,1,1,135661.56,0
594.0,France,Male,51,2,227327.35,1,1,1,110796.49,0
541.0,Germany,Female,44,10,21914.6,1,0,0,17155.12,0
660.0,Spain,Female,24,10,0.0,1,1,1,11471.34,0
559.0,France,Female,51,2,0.0,4,0,0,180190.28,1
749.0,France,Male,39,8,0.0,1,1,1,187488.45,0
665.0,France,Male,44,2,0.0,1,0,1,85990.31,0
498.0,France,Male,57,6,83452.55,1,1,0,68187.6,0
466.0,Spain,Female,21,3,111910.01,2,0,1,48338.91,0
599.0,Germany,Male,42,5,0.0,2,1,1,87825.9,0
603.0,Germany,Female,38,4,168955.4,1,1,0,71778.26,0
714.0,Spain,Female,29,10,0.0,1,1,1,39625.74,0
690.0,Spain,Female,26,0,35707.78,2,1,0,50854.4,0
490.0,Spain,Male,29,4,0.0,1,1,0,85642.21,0
602.0,France,Female,52,7,0.0,2,1,1,18667.11,0
675.0,Germany,Male,43,2,0.0,1,1,0,10730.33,0
702.0,Spain,Male,42,3,114080.04,1,1,0,139473.61,0
401.0,Spain,Female,37,4,214600.29,1,1,1,73429.68,0
759.0,Spain,Female,49,1,32722.26,1,0,1,98045.96,0
712.0,Germany,Female,41,5,48072.53,2,1,1,128023.72,1
660.0,France,Male,38,7,0.0,3,0,0,24999.18,0
534.0,France,Male,43,10,0.0,2,1,1,139510.28,0
612.0,France,Male,21,3,85780.47,1,1,0,88326.23,0
683.0,Spain,Male,41,2,111139.35,2,1,0,46577.93,0
625.0,Germany,Male,56,5,94349.58,2,1,1,135424.62,0
588.0,Germany,Female,18,6,0.0,1,1,0,68184.61,0
700.0,France,Male,29,9,0.0,1,1,0,107609.85,0
837.0,France,Male,37,3,86011.83,2,1,1,84382.99,0
657.0,France,Male,33,7,0.0,1,1,1,119308.69,0
643.0,Spain,Female,47,10,0.0,2,1,0,136369.18,0
596.0,Spain,Female,40,7,0.0,1,1,1,167484.53,0
554.0,Spain,Male,48,0,41690.92,2,0,1,197914.12,0
514.0,Germany,Male,34,6,0.0,1,1,0,185478.6,0
784.0,Germany,Male,57,8,68813.99,1,1,1,126454.28,0
694.0,Germany,Male,49,1,157888.11,1,1,1,135314.41,0
641.0,France,Male,26,10,0.0,1,1,0,108707.16,0
696.0,Spain,Male,42,0,0.0,1,1,1,34380.3,0
697.0,Germany,Male,34,8,144813.59,2,1,1,11348.44,1
485.0,France,Female,32,0,215365.9,1,0,1,180504.33,0
575.0,Spain,Female,32,2,85078.5,1,1,1,160134.01,0
690.0,France,Male,34,6,34797.28,1,1,0,42520.32,0
500.0,France,Male,30,4,74535.82,2,1,0,88347.47,0
686.0,Spain,Male,47,9,74422.06,2,1,0,21279.26,0
689.0,France,Female,40,0,0.0,1,1,0,47683.37,0
682.0,Germany,Male,39,3,0.0,2,1,0,64490.05,0
735.0,Spain,Female,33,2,0.0,1,1,1,113073.1,0
696.0,France,Male,42,9,0.0,1,1,1,23597.63,0
724.0,Germany,Male,25,1,5700.24,1,1,1,129288.61,0
603.0,Germany,Female,54,6,0.0,2,1,0,193254.84,1
673.0,France,Male,42,10,101142.56,1,0,1,124689.88,0
457.0,France,Female,27,10,145741.0,2,0,1,92395.36,0
755.0,Germany,Female,22,3,73392.35,1,1,1,82942.63,0
830.0,Germany,Male,51,2,0.0,2,0,1,102036.66,0
451.0,France,Male,28,7,74159.43,2,1,1,100540.63,0
644.0,France,Male,26,0,161709.82,2,0,1,102016.53,0
661.0,France,Male,41,5,0.0,2,1,0,52351.68,0
747.0,Germany,Female,52,8,151497.65,2,1,1,197822.4,0
669.0,France,Male,38,1,0.0,2,1,1,10786.36,0
687.0,Spain,Male,33,1,0.0,1,1,0,189237.07,0
821.0,Spain,Female,46,0,0.0,2,0,1,142009.56,0
468.0,Germany,Male,32,0,116806.63,2,0,1,121320.41,1
779.0,France,Male,34,8,158105.75,2,1,0,88614.6,0
721.0,France,Male,51,5,118942.34,1,1,1,31463.28,0
673.0,Spain,Female,19,9,40877.84,1,1,1,60626.36,0
738.0,France,Male,36,8,0.0,2,0,1,163518.42,0
652.0,France,Female,23,8,250889.73,1,1,1,115770.69,0
605.0,Spain,Female,24,9,101897.7,1,0,1,164371.04,0
615.0,Germany,Female,36,4,209355.61,1,1,0,8922.16,1
609.0,Spain,Male,26,2,0.0,2,1,0,128362.38,0
590.0,Germany,Female,39,4,2034.42,1,1,1,147337.2,0
604.0,France,Male,45,3,72846.8,1,1,1,192391.7,0
548.0,Germany,Male,47,6,77306.58,1,1,1,45173.12,0
651.0,France,Male,41,3,175518.51,2,1,0,85840.07,1
569.0,Germany,Female,39,5,22400.5,1,0,1,111799.28,0
752.0,Germany,Female,31,2,0.0,1,1,1,121770.98,0
570.0,Germany,Female,39,1,162366.91,1,0,1,13757.76,0
707.0,Germany,Male,31,10,148636.54,1,1,0,53603.06,1
614.0,Germany,Female,45,5,2085.21,1,0,0,33219.07,1
660.0,Spain,Female,38,5,210913.16,1,0,0,46000.34,1
526.0,Spain,Male,41,7,71224.33,1,0,1,181496.03,0
757.0,Spain,Female,21,9,0.0,2,1,0,141002.76,0
586.0,Germany,Female,35,6,0.0,1,0,1,59467.81,0
696.0,Spain,Female,33,0,168237.76,1,1,1,50412.63,1
627.0,Spain,Male,22,10,0.0,1,1,1,65034.11,0
654.0,France,Male,34,9,0.0,2,1,0,194489.29,0
713.0,France,Male,50,4,142980.07,2,1,1,80828.51,0
617.0,Spain,Male,41,3,3245.71,1,1,0,132723.12,0
688.0,Spain,Male,24,7,0.0,2,0,0,139213.94,0
691.0,France,Male,36,8,115822.74,2,0,1,115020.23,0
619.0,France,Female,29,0,0.0,1,0,0,176649.5,0
727.0,France,Female,44,5,66716.83,1,1,0,3538.26,0
706.0,France,Female,40,9,144232.92,2,1,0,6918.52,0
581.0,France,Male,31,4,153648.97,2,0,0,112910.54,0
572.0,Spain,Male,19,6,0.0,2,1,1,4807.4,0
659.0,Spain,Male,33,4,0.0,1,1,1,88170.42,0
639.0,Germany,Male,38,8,74399.1,2,1,1,130243.36,0
714.0,France,Male,39,10,157178.54,1,0,0,86135.9,1
655.0,France,Male,18,2,74513.52,2,1,0,26378.19,0
615.0,Germany,Male,44,9,0.0,1,1,0,53583.97,0
645.0,France,Female,48,4,114041.03,1,0,0,51488.89,1
801.0,Spain,Female,29,0,40503.68,2,1,1,51983.64,0
681.0,Spain,Male,60,10,79506.56,1,0,1,101362.05,0
711.0,Germany,Male,46,7,68896.58,2,1,1,13323.58,0
575.0,France,Female,36,0,77329.62,1,1,1,79937.08,0
714.0,Spain,Male,54,10,0.0,1,1,0,147066.06,0
421.0,Germany,Male,42,10,109290.2,2,1,0,25417.56,0
674.0,France,Male,42,10,40273.91,1,1,0,21990.19,0
588.0,Germany,Male,33,3,130541.9,2,0,1,167353.02,0
850.0,Germany,Female,40,0,88295.66,1,0,1,90812.09,0
753.0,Germany,Male,42,5,149362.35,2,1,0,169748.05,0
612.0,France,Male,33,0,0.0,1,1,0,10377.87,0
678.0,Germany,Female,33,5,84303.46,1,1,1,131692.66,0
582.0,Spain,Male,33,9,65940.61,1,1,0,131665.13,0
568.0,Spain,Female,39,10,31104.76,1,0,0,191254.25,0
640.0,France,Male,43,8,0.0,1,1,0,121002.24,0
824.0,Germany,Female,31,6,0.0,1,0,1,70798.03,0
618.0,France,Female,48,3,33001.28,3,1,1,63793.3,0
729.0,France,Female,45,5,0.0,2,1,1,19166.91,0
850.0,France,Male,38,0,0.0,2,1,0,155613.74,0
526.0,Spain,Female,18,4,0.0,1,0,1,92299.52,0
549.0,France,Male,23,7,101651.57,1,1,1,16132.29,0
633.0,France,Male,27,9,84187.15,1,1,1,79200.67,0
713.0,Spain,Female,60,3,141021.37,2,1,0,2918.39,1
724.0,Germany,Male,31,3,191485.39,1,1,0,53582.83,1
728.0,Germany,Male,49,5,0.0,1,1,1,142831.37,1
735.0,France,Male,18,1,0.0,1,0,1,117293.92,0
607.0,Spain,Male,56,7,127227.88,2,1,1,184025.0,0
647.0,France,Female,61,3,105795.23,1,1,1,59931.09,1
796.0,France,Male,55,9,0.0,1,1,1,145141.92,0
620.0,Spain,Male,44,4,0.0,1,1,1,54534.46,0
550.0,Spain,Male,18,5,61126.49,2,0,1,168247.01,1
828.0,Spain,Female,38,9,97334.73,2,1,1,24304.38,1
685.0,France,Female,39,0,188124.6,2,1,1,102225.83,1
692.0,Germany,Male,34,8,166238.96,1,1,0,134342.86,0
593.0,Spain,Male,36,3,0.0,2,1,0,54547.79,0
564.0,Spain,Female,43,6,86291.57,2,1,0,188845.84,0
771.0,Germany,Female,41,8,93011.86,2,0,0,124366.5,1
703.0,France,Female,47,0,153977.79,1,1,1,21368.14,1
736.0,Spain,Female,24,9,0.0,1,1,1,5772.2,0
660.0,France,Female,34,2,0.0,2,1,0,90684.37,0
678.0,France,Male,36,0,86907.82,2,1,1,174490.37,0
634.0,France,Female,39,6,0.0,2,1,0,76332.68,0
621.0,France,Male,47,5,161525.32,2,1,1,9584.99,0
553.0,France,Male,54,5,141768.8,1,1,0,121644.18,1
661.0,France,Male,57,6,66301.27,1,0,0,4367.77,0
547.0,Spain,Female,40,8,114817.36,2,1,0,185010.26,1
540.0,France,Male,23,9,0.0,2,1,0,6814.42,0
542.0,France,Male,34,7,0.0,2,0,1,89986.97,0
709.0,Spain,Female,45,10,123611.99,1,1,1,125623.31,0
486.0,Germany,Female,39,10,181480.09,2,0,0,133513.66,1
721.0,Germany,Female,50,4,0.0,1,1,1,84003.51,0
700.0,Spain,Male,63,0,0.0,1,1,0,56194.79,0
669.0,Spain,Female,37,0,187807.37,2,1,1,141634.34,1
595.0,France,Male,39,8,0.0,1,1,1,141865.06,0
458.0,France,Male,38,0,147268.41,2,1,1,75711.41,0
637.0,France,Female,43,9,0.0,1,1,0,37689.9,0
698.0,France,Male,21,7,122199.52,2,0,0,117921.29,0
721.0,France,Male,51,5,113699.77,2,1,0,191946.39,0
701.0,Germany,Female,50,2,220668.07,1,1,0,70912.91,1
600.0,Germany,Male,51,6,0.0,2,1,1,183115.84,0
779.0,France,Male,49,10,0.0,1,0,1,64069.55,0
513.0,France,Female,19,3,0.0,1,1,1,71950.81,0
473.0,Germany,Female,29,2,38098.42,2,1,0,152254.82,1
644.0,France,Female,37,0,49163.26,1,0,0,141941.36,0
602.0,Spain,Male,61,10,125477.07,2,0,1,179217.19,0
529.0,France,Female,31,9,0.0,1,1,1,90159.95,1
501.0,Spain,Male,29,3,130397.88,1,0,0,147641.75,0
497.0,France,Female,30,3,81643.73,2,1,0,97188.8,0
758.0,France,Male,44,5,56184.78,2,0,0,67548.68,0
557.0,France,Female,58,0,0.0,2,1,1,173190.11,0
755.0,France,Male,38,1,25318.82,1,1,0,178907.33,0
602.0,Spain,Male,31,5,52456.11,1,1,0,139957.5,0
659.0,France,Female,56,3,208635.07,1,0,0,72332.35,1
623.0,Spain,Male,19,6,0.0,1,1,1,105654.77,0
830.0,France,Male,59,3,125327.18,1,1,1,1338.89,0
576.0,Germany,Female,49,4,125068.07,1,1,1,77043.56,0
663.0,France,Male,43,6,143551.75,2,0,1,71498.03,0
725.0,Germany,Female,42,2,0.0,1,1,1,4046.76,0
601.0,Germany,Female,42,5,0.0,2,1,0,39211.16,1
621.0,Spain,Female,35,4,0.0,2,0,1,67638.95,0
656.0,Spain,Male,44,2,165379.51,2,1,1,193388.18,0
521.0,Spain,Male,36,3,0.0,2,1,1,96259.21,0
635.0,France,Male,47,3,63717.76,2,1,0,105410.18,0
714.0,Germany,Female,43,3,158478.56,2,1,0,1389.65,1
698.0,France,Male,46,1,76347.8,1,0,1,81296.26,0
748.0,Germany,Female,37,8,159350.23,2,0,1,147202.96,0
627.0,Spain,Male,42,0,0.0,2,0,1,62663.71,0
606.0,France,Female,32,5,0.0,1,1,1,158018.69,0
713.0,France,Male,19,7,23371.5,2,0,0,31447.93,0
654.0,Germany,Male,53,10,112941.23,1,1,0,171626.95,0
758.0,Germany,Male,29,8,171184.5,2,0,1,162970.86,0
585.0,Germany,Male,40,9,0.0,1,1,1,16750.27,0
550.0,France,Female,47,7,0.0,2,1,1,192488.13,0
746.0,France,Male,36,8,0.0,4,0,0,126294.51,1
650.0,Germany,Male,57,9,0.0,2,0,0,189832.02,0
614.0,Spain,Male,41,1,0.0,2,1,0,27040.05,0
584.0,France,Male,30,8,31520.86,2,1,1,183289.01,0
680.0,Spain,Female,46,7,161999.1,1,1,0,158219.23,1
704.0,Germany,Male,19,9,0.0,2,0,0,41870.47,0
604.0,France,Female,34,1,0.0,2,1,1,37698.1,0
651.0,Spain,Female,33,6,92184.35,1,1,0,116194.44,0
679.0,Germany,Male,43,9,142453.44,1,1,1,190561.15,0
606.0,Spain,Female,55,7,0.0,1,0,0,15326.68,0
688.0,Germany,Female,57,7,93135.64,1,1,1,118426.09,0
610.0,France,Female,43,8,114378.52,1,0,1,188402.86,0
656.0,France,Female,47,1,97208.82,1,1,1,118991.07,0
646.0,Germany,Female,32,5,79439.2,1,1,0,94189.93,0
708.0,France,Female,42,6,0.0,2,1,1,153461.27,0
559.0,Germany,Male,35,4,97557.89,2,0,0,174613.14,1
521.0,Spain,Male,32,3,118804.79,2,0,1,164811.18,0
695.0,France,Female,28,3,98505.38,2,1,0,146615.79,1
821.0,France,Male,56,9,0.0,1,0,0,35084.58,0
693.0,Germany,Male,37,2,0.0,2,0,0,191557.37,0
604.0,Germany,Male,44,7,0.0,2,1,0,37039.88,1
811.0,France,Male,38,2,0.0,2,0,1,69535.02,0
463.0,France,Male,36,9,0.0,2,1,0,195418.7,0
626.0,France,Male,22,7,117174.92,2,1,0,54339.14,0
769.0,Germany,Male,48,3,13096.87,1,1,1,161686.14,0
561.0,Spain,Male,27,5,62926.13,2,1,0,199515.63,0
779.0,Germany,Male,27,10,89360.17,2,0,0,183515.53,0
718.0,Germany,Male,48,10,117710.71,2,0,0,6929.64,0
850.0,Spain,Male,49,3,54902.85,4,1,1,27381.77,1
579.0,Germany,Male,38,1,141468.69,1,1,0,145734.53,0
619.0,Germany,Female,29,2,0.0,1,1,0,116956.44,0
811.0,Germany,Male,33,3,0.0,1,0,0,57117.11,0
558.0,Spain,Female,40,9,81487.25,1,1,0,154055.66,0
589.0,France,Female,36,4,249776.33,1,1,1,8164.25,1
631.0,France,Male,32,3,61351.3,3,0,0,103635.1,1
704.0,Germany,Female,32,3,0.0,2,1,1,22284.86,0
715.0,France,Female,39,8,183959.51,1,1,0,59565.19,0
668.0,France,Female,46,6,0.0,1,1,0,111846.57,0
705.0,France,Female,49,3,23874.75,2,1,1,67712.86,0
615.0,France,Male,42,8,131680.61,2,1,1,9500.27,0
535.0,France,Female,42,7,0.0,2,1,0,95478.2,0
610.0,Germany,Male,34,1,0.0,2,1,0,65781.68,0
680.0,France,Male,48,8,0.0,1,1,0,153582.34,0
794.0,Germany,Female,45,2,75378.59,1,1,1,139686.32,0
695.0,Germany,Female,42,2,0.0,1,0,0,195559.96,0
509.0,France,Female,51,6,0.0,1,1,1,13107.28,0
736.0,France,Female,25,8,161624.64,2,1,0,80110.91,0
819.0,Germany,Male,33,9,0.0,1,1,1,81749.35,0
493.0,France,Female,26,2,47648.36,2,1,1,70944.86,0
597.0,France,Male,50,0,134188.13,2,1,1,34154.87,0
678.0,Spain,Male,32,7,157470.7,1,0,0,131565.36,0
689.0,France,Male,41,5,76269.83,1,1,0,190409.59,0
588.0,Spain,Female,56,8,130614.33,1,1,1,194885.44,0
624.0,France,Female,39,4,52681.22,2,1,1,85034.47,0
667.0,Germany,Female,63,7,164277.54,1,1,0,160788.69,0
714.0,Spain,Male,36,0,0.0,1,1,1,3575.69,0
798.0,France,Male,36,10,94093.62,1,1,1,157685.44,0
583.0,France,Female,41,7,0.0,2,1,1,100074.14,0
355.0,France,Female,54,6,0.0,2,1,1,31650.3,0
640.0,France,Male,39,8,0.0,2,1,0,161043.83,0
742.0,Spain,Male,56,3,181440.32,2,0,1,139624.75,0
619.0,Spain,Male,37,6,95397.67,2,1,0,115322.32,0
680.0,France,Female,52,8,137462.8,2,1,0,112971.04,0
669.0,Spain,Female,18,5,0.0,2,1,1,108325.49,0
511.0,Germany,Male,53,8,0.0,1,1,1,197381.96,0
635.0,France,Male,43,4,204211.66,2,1,1,77569.03,0
686.0,Germany,Female,29,1,37502.66,2,1,1,50320.89,0
675.0,Germany,Male,35,8,254221.31,2,1,1,239.74,0
752.0,Germany,Female,34,0,0.0,2,1,1,129738.51,0
619.0,Spain,Female,41,5,58037.15,2,1,1,27922.11,0
618.0,France,Female,56,5,100920.85,2,1,0,17348.47,1
627.0,France,Male,33,9,123874.96,2,1,0,184472.08,1
594.0,Germany,Male,42,4,98727.84,2,0,0,93423.01,1
668.0,Germany,Male,40,0,8633.87,2,0,1,87372.71,0
751.0,Germany,Male,40,5,91742.72,1,0,1,108512.46,0
748.0,France,Male,45,1,0.0,2,0,1,5588.58,0
679.0,Spain,Male,40,10,0.0,1,1,0,86776.38,0
565.0,Germany,Male,46,0,88993.21,2,0,0,179357.06,1
635.0,France,Male,23,7,102557.53,1,1,1,185990.0,0
649.0,France,Male,37,9,129991.99,1,0,1,197334.59,0
560.0,France,Male,38,3,0.0,1,0,0,22818.15,0
539.0,Germany,Male,48,0,0.0,1,1,1,182171.11,0
620.0,Spain,Male,38,1,69627.17,1,1,0,3183.16,0
510.0,Spain,Female,25,10,0.0,1,1,0,78773.61,0
456.0,Spain,Male,42,9,17594.01,2,0,0,195896.99,0
708.0,Spain,Male,45,2,0.0,2,0,0,121971.59,1
629.0,France,Female,34,6,151227.86,2,1,0,150470.04,0
540.0,Spain,Male,50,8,0.0,1,1,0,47761.97,0
775.0,France,Male,26,7,0.0,1,1,1,113689.02,0
591.0,France,Male,40,10,78048.08,2,1,1,114346.1,0
711.0,Germany,Female,18,0,42961.03,2,1,1,187987.83,0
574.0,France,Male,46,8,0.0,1,0,1,170010.53,0
638.0,Germany,Male,34,8,0.0,1,0,0,154640.11,0
674.0,France,Male,25,8,55641.48,1,1,0,133823.15,0
575.0,France,Male,30,6,54597.19,2,1,0,38766.81,0
692.0,Germany,Female,27,4,0.0,1,1,1,84538.19,0
680.0,France,Male,31,1,214227.94,1,0,0,29010.76,0
478.0,Spain,Female,18,4,144556.02,1,1,1,141447.27,0
669.0,France,Female,26,10,0.0,1,1,1,34818.29,0
591.0,France,Male,37,8,72940.44,2,1,0,53140.16,0
604.0,France,Female,43,0,255121.65,2,1,0,148484.03,1
637.0,Germany,Male,44,2,116303.62,1,1,1,117958.79,0
562.0,Germany,Male,35,4,74553.1,1,1,1,178362.38,0
642.0,Germany,Female,48,4,16197.35,1,0,1,53433.29,1
576.0,Spain,Male,26,6,31088.82,1,0,1,20439.73,0
542.0,France,Female,38,2,118919.91,1,1,0,75253.82,0
494.0,Germany,Male,51,9,0.0,1,0,1,110317.59,0
785.0,France,Female,41,2,0.0,2,1,1,142732.51,0
462.0,France,Female,42,4,85885.29,1,0,0,67641.19,0
522.0,Spain,Female,21,2,56489.01,2,1,0,175468.82,1
782.0,France,Male,18,2,0.0,1,1,1,161544.8,0
592.0,Spain,Female,31,2,72781.63,1,0,1,97922.7,0
523.0,France,Female,44,0,0.0,2,0,1,169446.98,0
586.0,France,Female,39,10,73860.05,2,0,1,143841.31,0
526.0,France,Female,19,6,110736.38,1,0,1,183715.58,1
625.0,France,Female,38,6,176549.67,2,1,0,126299.45,1
667.0,Germany,Female,32,1,0.0,1,1,1,27875.64,0
595.0,Spain,Male,38,5,219167.28,1,1,0,104056.04,1
593.0,Spain,Male,27,0,93214.09,1,1,1,104443.64,0
747.0,France,Male,25,8,102890.02,2,0,1,132451.28,0
533.0,Germany,Male,39,2,134742.64,1,1,0,100644.74,0
612.0,France,Male,49,2,0.0,2,1,1,117904.47,0
582.0,France,Female,46,4,84783.12,2,1,0,162890.7,1
630.0,Spain,Male,35,1,0.0,2,0,1,59327.61,0
736.0,Spain,Male,22,0,0.0,2,0,1,136348.5,0
754.0,France,Male,49,9,165361.06,2,1,1,39835.13,0
684.0,France,Male,36,7,104284.84,1,0,1,80910.23,0
771.0,France,Female,30,0,230586.59,1,1,0,99547.91,1
656.0,France,Male,39,7,0.0,2,1,1,86626.2,0
550.0,France,Male,35,9,70931.26,1,1,0,185976.88,0
429.0,France,Male,56,8,34233.71,2,0,1,41790.0,0
543.0,Spain,Male,44,6,11076.11,1,1,0,99941.9,0
658.0,Germany,Male,45,6,0.0,2,1,0,79387.43,0
633.0,Germany,Male,28,0,0.0,1,0,0,183086.91,0
628.0,Spain,Female,25,9,0.0,2,1,0,94980.58,1
600.0,Germany,Female,59,5,47757.38,2,1,0,189701.74,1
587.0,France,Female,23,4,130843.27,1,1,0,95312.47,0
835.0,France,Male,26,3,0.0,2,0,1,112842.75,0
606.0,Germany,Male,18,2,0.0,2,1,0,140690.8,0
481.0,Spain,Male,37,10,81048.83,2,1,1,148809.36,0
810.0,Germany,Male,40,7,114197.55,1,1,1,28669.31,0
664.0,Spain,Female,31,9,76730.85,1,1,1,18060.99,0
538.0,Germany,Male,39,5,0.0,2,0,0,115613.22,0
636.0,France,Female,34,10,0.0,2,1,0,102167.0,0
540.0,Germany,Female,29,7,51546.24,2,1,1,8826.56,0
752.0,France,Male,26,2,119340.24,1,1,1,158502.29,0
510.0,Germany,Female,36,0,141641.54,1,1,1,63381.69,0
694.0,France,Female,51,5,49460.53,1,1,1,20778.29,0
684.0,Spain,Female,52,0,189851.63,2,1,0,106391.27,1
543.0,Spain,Female,41,0,59249.29,2,0,1,192469.38,0
747.0,France,Male,35,8,41606.09,2,1,0,188567.26,0
699.0,France,Female,51,2,65061.44,2,1,0,78041.7,1
515.0,Spain,Female,32,5,251156.1,1,1,1,197842.26,0
847.0,Germany,Female,48,4,52643.45,2,1,0,174741.47,1
708.0,France,Female,32,1,69692.04,1,1,1,46850.84,0
670.0,France,Female,41,8,25079.57,2,1,1,5777.95,0
553.0,France,Male,32,1,132172.81,1,0,0,83187.96,0
703.0,Spain,Female,27,4,161368.68,1,1,1,151712.69,0
477.0,Spain,Male,63,7,81095.71,1,0,0,24930.83,0
719.0,France,Male,23,7,0.0,2,0,0,158411.49,0
594.0,France,Male,39,3,48583.6,2,1,1,4368.02,0
667.0,Germany,Female,43,5,0.0,1,1,1,133033.82,0
565.0,Spain,Male,35,5,58561.99,1,0,0,154118.27,0
597.0,France,Male,47,6,0.0,1,1,1,26755.79,0
655.0,Spain,Male,36,10,0.0,2,1,1,148511.5,0
537.0,Spain,Female,40,3,74835.98,2,1,1,124496.99,0
463.0,Germany,Female,26,0,98230.28,1,0,1,128694.72,0
645.0,Spain,Male,56,2,0.0,1,1,1,28626.22,0
677.0,Germany,Female,36,9,63593.36,1,0,1,126293.24,0
850.0,Spain,Male,40,2,137509.33,1,0,0,158263.11,0
685.0,Spain,Female,49,0,82871.31,2,1,0,49704.13,0
728.0,France,Male,20,5,147216.23,1,1,0,75138.14,0
713.0,Germany,Male,30,5,105388.5,1,1,1,53093.16,0
747.0,Spain,Male,36,10,102523.57,1,1,0,52028.2,0
636.0,France,Female,42,7,65210.07,2,1,0,64634.99,0
603.0,Spain,Male,55,9,136255.76,1,0,1,81881.6,0
566.0,Spain,Male,20,8,29025.66,2,1,0,151625.56,0
630.0,Germany,Male,42,4,0.0,1,1,0,143199.74,0
639.0,Germany,Male,40,3,5419.17,1,1,0,176819.08,0
690.0,France,Male,40,1,178840.01,2,0,0,35219.78,1
654.0,Spain,Female,56,9,161136.46,2,1,0,121652.08,0
517.0,France,Male,32,3,95975.73,1,1,0,7285.47,1
558.0,Spain,Male,39,7,0.0,2,0,1,178862.91,0
544.0,Germany,Male,48,7,122415.48,2,1,1,105183.74,0
646.0,Spain,Female,28,4,0.0,1,0,1,28054.48,0
605.0,Germany,Male,34,3,5176.66,2,0,0,111852.04,0
728.0,Germany,Male,30,10,7782.25,2,0,1,39323.94,0
783.0,Spain,Male,33,9,0.0,1,1,1,178280.05,0
712.0,Germany,Male,62,0,40978.53,1,1,1,22694.01,0
691.0,Spain,Male,28,10,125230.15,1,0,0,11054.77,0
738.0,France,Male,53,9,60281.7,1,1,0,155486.7,0
587.0,Germany,Female,38,9,53224.73,1,1,1,9823.62,0
742.0,Spain,Male,39,1,116297.1,1,1,1,20517.57,0
669.0,Germany,Male,23,9,148576.91,1,1,1,157744.62,0
738.0,Spain,Female,40,2,93120.22,1,1,1,13362.82,0
565.0,Spain,Female,53,7,151742.69,2,1,0,51537.54,1
634.0,France,Male,25,4,0.0,1,0,1,2762.1,0
542.0,France,Female,21,8,52289.79,1,1,1,192099.95,0
614.0,France,Female,27,5,47166.72,2,1,1,105008.77,0
530.0,France,Male,30,4,92720.67,1,1,0,133043.02,0
656.0,Spain,Female,50,7,118207.02,1,1,0,55804.28,0
736.0,Germany,Female,37,7,0.0,1,1,0,168237.9,0
628.0,Spain,Female,42,8,0.0,1,1,0,180133.75,0
713.0,France,Male,19,9,0.0,1,0,1,91298.3,0
725.0,Spain,Male,61,8,153229.9,2,0,1,78688.42,0
850.0,Germany,Female,36,4,0.0,1,1,1,63539.19,0
555.0,Spain,Female,21,4,98111.22,2,1,0,64467.81,0
555.0,France,Female,31,10,0.0,1,1,0,45310.2,0
619.0,France,Male,32,10,0.0,2,1,1,195497.71,0
588.0,Spain,Male,49,4,0.0,1,0,1,7936.2,0
469.0,France,Female,41,4,90957.78,1,0,0,148238.85,0
671.0,France,Female,48,9,52187.22,1,1,1,166801.86,0
416.0,Spain,Female,29,10,133901.16,2,0,0,27762.25,1
734.0,France,Male,43,5,188056.69,1,1,0,60918.44,1
617.0,Spain,Female,32,4,48477.53,2,1,0,104681.61,1
628.0,Spain,Male,46,0,0.0,1,1,0,101606.18,0
765.0,Germany,Male,45,9,60480.9,2,0,0,72799.69,1
603.0,France,Male,56,1,110315.28,2,1,1,167473.6,0
822.0,France,Male,31,2,94215.09,2,1,1,116015.71,0
518.0,Germany,Female,45,2,130566.35,1,1,1,71214.17,1
850.0,Germany,Male,40,10,0.0,2,1,1,91380.67,0
683.0,Spain,Male,41,6,260000.0,1,1,0,54046.9,0
809.0,France,Male,32,5,2891.93,2,0,1,108606.1,0
556.0,France,Male,34,8,153030.38,1,1,1,177996.83,0
608.0,France,Male,49,10,112467.6,2,1,1,83792.28,0
766.0,Germany,Female,28,2,152710.67,1,1,0,93487.94,1
664.0,Germany,Male,48,5,44136.05,1,1,0,111686.52,1
598.0,France,Female,25,6,0.0,2,1,0,67897.14,0
839.0,Germany,Female,35,3,0.0,2,1,0,61840.35,0
564.0,France,Male,18,2,0.0,1,1,1,199291.72,0
715.0,Spain,Female,23,8,55985.01,2,1,0,63928.95,0
681.0,France,Male,37,5,51124.2,1,0,0,173340.39,0
455.0,Spain,Female,32,10,51065.99,2,0,0,175750.17,1
680.0,Germany,Male,25,7,0.0,1,1,1,156095.96,0
816.0,France,Male,43,3,75884.98,2,1,0,83722.43,0
506.0,France,Male,48,4,0.0,1,1,0,47296.24,0
673.0,Spain,Male,18,10,55564.28,1,1,0,75023.63,0
712.0,Spain,Male,46,6,26738.6,2,0,0,162672.74,0
690.0,France,Male,35,6,51899.94,1,1,0,49395.58,0
593.0,France,Male,52,1,138046.11,1,1,1,90885.05,0
623.0,Germany,Female,22,1,0.0,1,1,1,15251.19,0
486.0,France,Male,30,10,0.0,3,0,1,12506.3,1
713.0,Germany,Male,41,9,58098.55,1,1,0,153389.43,1
777.0,France,Male,47,7,145636.94,1,1,0,131654.08,1
534.0,Germany,Female,22,2,140903.37,2,1,0,106598.09,1
670.0,France,Female,37,5,128821.24,2,1,1,141146.83,0
684.0,Spain,Male,34,10,0.0,1,0,1,10897.28,0
677.0,Germany,Female,32,8,177468.98,2,1,1,10787.83,0
642.0,France,Female,36,10,0.0,1,1,0,76632.75,0
526.0,Spain,Female,50,4,0.0,1,1,1,20125.87,0
691.0,France,Male,54,6,0.0,1,1,0,35218.91,0
579.0,Germany,Female,54,4,0.0,2,1,1,156869.37,0
525.0,Germany,Male,44,6,112182.14,2,0,0,87408.69,1
663.0,France,Male,38,2,178577.96,1,1,1,49589.48,0
593.0,Germany,Female,39,10,28857.85,1,1,0,147110.21,1
630.0,France,Male,42,10,106523.31,2,1,1,188201.51,0
493.0,France,Male,41,5,126610.54,1,1,1,53861.95,0
671.0,France,Male,31,9,5699.22,1,1,0,95383.06,0
664.0,Germany,Female,47,4,0.0,1,0,1,124062.28,0
621.0,France,Male,24,2,0.0,1,1,0,118719.53,1
802.0,Spain,Female,27,2,95313.23,1,1,0,175592.8,0
592.0,Germany,Female,33,9,96877.72,1,1,0,141580.61,0
625.0,France,Female,38,2,158093.31,1,1,0,117942.34,1
674.0,Germany,Male,22,4,35649.88,1,0,0,35702.89,1
511.0,France,Male,43,7,0.0,2,1,1,99523.74,0
585.0,France,Female,40,7,125879.96,2,0,0,30551.96,0
708.0,France,Female,61,4,0.0,1,1,0,57209.26,0
618.0,France,Female,50,0,0.0,2,1,0,80057.18,0
613.0,Germany,Male,51,5,0.0,1,0,0,122204.14,0
570.0,Spain,Male,41,8,111060.68,1,1,1,172115.28,0
560.0,Spain,Male,33,0,0.0,2,1,0,1670.04,0
635.0,France,Male,21,6,193749.24,1,1,0,63326.28,1
710.0,Spain,Female,28,10,154323.36,2,1,1,140681.0,1
819.0,Germany,Male,56,2,260000.0,2,1,1,192685.59,1
637.0,Spain,Female,47,10,47877.86,1,1,0,64445.94,0
793.0,Germany,Male,43,1,65556.77,1,1,0,34456.27,0
650.0,France,Female,26,3,91534.67,1,0,1,165447.54,0
765.0,Spain,Male,52,5,152979.41,2,0,1,58087.33,0
740.0,France,Female,32,9,217321.15,1,1,1,130065.41,0
666.0,France,Male,41,5,0.0,1,1,1,147753.66,0
552.0,Spain,Female,33,2,0.0,1,1,1,79816.76,0
540.0,France,Male,46,6,25982.27,2,1,0,105760.74,1
640.0,France,Female,43,1,102792.4,2,1,1,191588.0,0
652.0,France,Male,46,2,77509.59,1,1,0,77121.68,0
509.0,France,Female,32,4,0.0,2,1,1,130457.57,0
789.0,Germany,Male,34,1,0.0,1,1,0,151728.09,0
732.0,France,Female,50,10,95065.4,2,0,0,167987.41,0
606.0,Germany,Male,45,8,121636.14,1,1,1,105601.05,1
684.0,France,Male,58,6,120818.27,2,1,0,14486.11,0
423.0,Germany,Female,58,8,0.0,1,0,0,81939.78,0
739.0,France,Male,37,6,51696.65,2,0,1,30138.85,0
608.0,Spain,Male,23,2,84855.01,1,0,0,152879.04,0
594.0,Spain,Female,41,0,58840.55,1,1,0,67711.41,1
842.0,Germany,Female,57,1,0.0,1,1,1,162268.6,0
585.0,Germany,Male,23,5,117345.66,1,1,0,56002.65,1
779.0,Germany,Female,32,9,0.0,1,1,0,190004.97,0
791.0,Spain,Male,29,5,0.0,1,1,1,124761.37,0
677.0,France,Male,43,9,0.0,2,0,0,148497.0,0
590.0,Germany,Male,35,0,0.0,1,1,0,171878.86,1
600.0,France,Male,51,4,176125.81,2,1,0,116627.86,0
746.0,France,Male,58,7,0.0,2,1,0,129838.24,1
723.0,France,Male,41,1,79390.21,2,0,1,38006.53,0
676.0,France,Male,50,9,180498.4,1,1,0,7845.95,0
637.0,Spain,Male,39,6,210123.37,2,1,0,98046.42,0
670.0,France,Male,53,10,75311.59,2,1,1,2174.63,0
